branch_id,raw_branch_name,raw_country,raw_local_currency,report_date,total_transactions,total_debit_local,total_credit_local,new_accounts_opened,loan_applications,atm_downtime_minutes,raw_staff_count,net_inflow_outflow
101,  Victoria Island Lagos  ,Nigeria,ngn,6/30/2025,278,740712.75,557351.12,2,9,0,17,-177752.12
101,VICTORIA ISLAND LAGOS,Nigeria,ngn,6/29/2025,783,3266927.97,2747460.33,7,7,0,22,-5266.5
101,victoria island lagos,Nigeria, Ngn ,6/28/2025,398,1425463.14,1115803.12,10,1,45,6,65949.11
101,  Victoria Island Lagos  ,Nigeria,NGN,27-Jun-25,797,2324153.15,667889.51,12,1,45,21,5224.8
101,VICTORIA ISLAND LAGOS,Nigeria,NGN,26-Jun-25,727,1178096.46,1482470.42,2,3,15,7,66088.36
101,  Victoria Island Lagos  ,Nigeria,ngn,25/06/2025,429,1808589.97,3367367.11,2,9,15,24,-80202.95
101,Victoria Island Lagos,Nigeria,Ngn,6/24/2025,705,3456401.69,1137095.11,10,0,0,11,375261.82
101,VICTORIA ISLAND LAGOS,Nigeria,ngn,23-Jun-25,630,4388019.75,1607655.51,15,6,5,24,121196.3
101,  Victoria Island Lagos  ,Nigeria, Ngn ,22-Jun-25,647,2027032.5,1135637.76,4,8,0,19,-136363.41
101,victoria island lagos,Nigeria,ngn,6/21/2025,861,3418382.01,3002224.7,12,6,65,23,497284.97
101,VICTORIA ISLAND LAGOS,Nigeria,NGN,20-Jun-25,748,4429702.83,3766845.11,10,1,120,13,104335.68
101,  Victoria Island Lagos  ,Nigeria,ngn,19/06/2025,569,4567507.8,4359066.92,9,10,0,20,226279.15
101,victoria island lagos,Nigeria,NGN,6/18/2025,663,1654572.48,146409.87,11,4,5,11,-159452.38
101,Victoria Island Lagos,Nigeria,NGN,6/17/2025,828,2686895.54,672514.53,15,8,0,9,-14460.36
101,victoria island lagos,Nigeria,Ngn,16/06/2025,458,4975989.32,3266896.39,14,8,90,18,-115297.06
101,VICTORIA ISLAND LAGOS,Nigeria,ngn,6/15/2025,652,1140076.05,401415.78,1,3,0,6,433794.01
101,victoria island lagos,Nigeria,Ngn,14-Jun-25,735,2452801.77,2719207.96,15,3,0,19,365247.9
101,Victoria Island Lagos,Nigeria,Ngn,6/13/2025,483,2084956.27,4325991.9,1,10,0,24,488915.65
101,  Victoria Island Lagos  ,Nigeria,NGN,6/12/2025,304,998370.86,2704614.48,4,6,0,9,-5018.4
101,VICTORIA ISLAND LAGOS,Nigeria, Ngn ,6/11/2025,877,4313678.07,2774110.3,1,10,65,21,385219.31
101,victoria island lagos,Nigeria,ngn,6/10/2025,466,2453923.57,1108049.13,12,0,90,9,65281.18
101,Victoria Island Lagos,Nigeria,Ngn,9/6/2025,483,3498127.94,3666001.32,15,2,0,10,7695.48
101,VICTORIA ISLAND LAGOS,Nigeria,Ngn,6/8/2025,108,298204.57,2410103.16,5,0,15,20,-143921.97
101,VICTORIA ISLAND LAGOS,Nigeria,ngn,6/7/2025,463,643438.74,4456922.2,7,9,0,23,-172180.84
101,  Victoria Island Lagos  ,Nigeria,Ngn,6/6/2025,259,3365143.58,1605210.12,8,6,5,8,270183.16
101,VICTORIA ISLAND LAGOS,Nigeria,NGN,5-Jun-25,519,3124738.31,2836818.55,3,1,5,21,-50791.98
101,  Victoria Island Lagos  ,Nigeria,NGN,4-Jun-25,300,1879159.09,830846.82,9,9,0,24,170258.48
101,VICTORIA ISLAND LAGOS,Nigeria,ngn,3-Jun-25,320,621371.92,579828.09,4,4,90,13,223380.88
101,  Victoria Island Lagos  ,Nigeria, Ngn ,2-Jun-25,307,4531415.63,4238213.38,2,10,0,17,380543.66
101,victoria island lagos,Nigeria,Ngn,6/1/2025,215,3719093,2780818.08,13,8,0,4,-121688.28
101,  Victoria Island Lagos  ,Nigeria,ngn,5/31/2025,490,680855.32,1575878.83,1,5,15,10,277446.68
101,Victoria Island Lagos,Nigeria,ngn,5/30/2025,292,4329798.2,4882219.86,5,6,5,4,-74447.54
101,Victoria Island Lagos,Nigeria,ngn,29-May-25,323,838029.32,3521327.03,12,0,45,19,-44296.4
101,victoria island lagos,Nigeria,ngn,28/05/2025,74,3317164.25,2022406.59,8,1,5,12,45802.29
101,  Victoria Island Lagos  ,Nigeria,NGN,27/05/2025,168,4391340.14,1343015.22,8,0,30,7,217599.88
101,  Victoria Island Lagos  ,Nigeria, Ngn ,26-May-25,670,4921967.45,622446.63,6,4,30,5,296149.7
101,victoria island lagos,Nigeria,Ngn,5/25/2025,491,396370.37,3337976.54,10,9,15,14,264371.23
101,  Victoria Island Lagos  ,Nigeria,Ngn,5/24/2025,732,2071544.9,2041881.92,9,8,30,8,-65711.93
101,victoria island lagos,Nigeria,Ngn,23/05/2025,465,2762289.21,52009.4,9,3,30,17,350031.18
101,Victoria Island Lagos,Nigeria,ngn,22-May-25,573,2392271.62,4510845.09,5,10,5,6,-1349.52
101,victoria island lagos,Nigeria,Ngn,21-May-25,280,4042486.33,779402.11,1,3,0,19,227891.78
101,victoria island lagos,Nigeria, Ngn ,5/20/2025,556,2028281.67,780478.16,0,1,5,17,-46811.2
101,victoria island lagos,Nigeria,NGN,19/05/2025,517,710028.57,2349984.03,10,7,0,23,370504.56
101,Victoria Island Lagos,Nigeria,ngn,18/05/2025,811,4314399.8,2277845.3,7,10,45,12,336069.58
101,  Victoria Island Lagos  ,Nigeria, Ngn ,17/05/2025,129,3582047.07,1210743.21,10,5,15,21,-143595.64
101,victoria island lagos,Nigeria,ngn,5/16/2025,115,2103596.08,1687862.89,14,6,0,5,-55215.93
101,VICTORIA ISLAND LAGOS,Nigeria, Ngn ,15/05/2025,538,79185.61,1791206.07,12,6,5,21,323260.97
101,  Victoria Island Lagos  ,Nigeria, Ngn ,5/14/2025,547,193672.86,1713841.24,12,2,5,18,443679.13
101,VICTORIA ISLAND LAGOS,Nigeria,NGN,5/13/2025,708,2171633.21,4340914.21,5,0,65,12,65372.7
101,  Victoria Island Lagos  ,Nigeria, Ngn ,5/12/2025,334,3772448.63,4168025.21,8,1,5,19,-186431.7
101,  Victoria Island Lagos  ,Nigeria,ngn,5/11/2025,715,389660.93,4788563.73,1,0,120,11,-60447.52
101,victoria island lagos,Nigeria,ngn,5/10/2025,534,3363821.28,2841649.43,6,7,15,12,336828.67
101,VICTORIA ISLAND LAGOS,Nigeria,ngn,5/9/2025,368,585088.81,177108.21,9,9,15,25,435618.31
101,victoria island lagos,Nigeria,NGN,8/5/2025,656,3468541.36,3154849.86,3,4,5,25,220288.13
101,VICTORIA ISLAND LAGOS,Nigeria,Ngn,5/7/2025,595,2170471.17,1884325.84,10,0,45,17,375631.64
101,  Victoria Island Lagos  ,Nigeria, Ngn ,5/6/2025,774,807306.19,921877.96,8,9,5,21,342249.02
101,  Victoria Island Lagos  ,Nigeria,Ngn,5/5/2025,301,4162118.54,478981.35,14,3,5,18,198894.75
101,Victoria Island Lagos,Nigeria,Ngn,4/5/2025,236,2463372.17,1806383.58,8,5,5,12,416223.99
101,victoria island lagos,Nigeria,NGN,3-May-25,297,3614369.59,2468460.34,7,7,15,24,298289.68
101,VICTORIA ISLAND LAGOS,Nigeria,Ngn,2/5/2025,276,2051785.59,1254360.56,11,7,45,21,171645.35
101,  Victoria Island Lagos  ,Nigeria,Ngn,1/5/2025,769,2296039.05,1567783.81,7,1,120,10,20883.56
101,Victoria Island Lagos,Nigeria,Ngn,4/30/2025,791,2968455.18,3813029.08,9,1,0,10,7372.52
101,VICTORIA ISLAND LAGOS,Nigeria,ngn,29-Apr-25,330,275302.72,319903.8,9,2,0,24,407922.84
101,VICTORIA ISLAND LAGOS,Nigeria,Ngn,28/04/2025,530,2419635.33,1736494.37,1,4,0,19,-120139
101,VICTORIA ISLAND LAGOS,Nigeria,NGN,4/27/2025,205,788528.04,2836056.01,9,1,5,11,-117083.91
101,victoria island lagos,Nigeria, Ngn ,26/04/2025,511,4547096.67,1521898.01,13,4,15,22,234719.12
101,victoria island lagos,Nigeria,ngn,4/25/2025,320,3319119.28,827432.61,5,8,90,6,-90427.17
101,Victoria Island Lagos,Nigeria,Ngn,24/04/2025,83,1195807.36,3549431.36,14,1,5,25,-36603.34
101,victoria island lagos,Nigeria, Ngn ,23-Apr-25,167,2745583.77,3255791.88,8,2,45,6,-158253.37
101,  Victoria Island Lagos  ,Nigeria, Ngn ,22-Apr-25,177,2370054.95,1555251.39,12,4,15,20,177987.09
101,VICTORIA ISLAND LAGOS,Nigeria, Ngn ,21/04/2025,802,1645491.84,1289321.12,2,3,0,25,385171.03
101,  Victoria Island Lagos  ,Nigeria,NGN,4/20/2025,831,3793530.71,2378979.08,14,4,120,9,497861.83
101,Victoria Island Lagos,Nigeria,NGN,19/04/2025,531,1772407.23,1699876.55,3,2,15,14,88151.56
101,Victoria Island Lagos,Nigeria,NGN,18/04/2025,515,485895.97,1299374.31,3,6,0,20,377449.04
101,Victoria Island Lagos,Nigeria, Ngn ,4/17/2025,105,978533.58,1840807.83,15,10,30,18,331993.38
101,victoria island lagos,Nigeria,Ngn,4/16/2025,498,4410190.76,2449323.39,0,10,0,23,359519.61
101,VICTORIA ISLAND LAGOS,Nigeria, Ngn ,4/15/2025,145,1162268.26,4214958.12,3,7,5,7,253396.78
101,  Victoria Island Lagos  ,Nigeria,Ngn,4/14/2025,475,4181883.53,4902210.93,7,7,5,21,-98750.62
101,victoria island lagos,Nigeria,NGN,4/13/2025,332,3874741.91,4279341.28,10,8,90,12,374384.63
101,Victoria Island Lagos,Nigeria,ngn,12-Apr-25,507,2715973.86,1758363.51,12,7,30,14,408721.18
101,victoria island lagos,Nigeria, Ngn ,4/11/2025,94,1624972.82,2391232.44,12,6,15,25,354675.56
101,VICTORIA ISLAND LAGOS,Nigeria,ngn,4/10/2025,564,4828500.27,1693373.78,3,7,5,7,168165.76
101,victoria island lagos,Nigeria, Ngn ,9/4/2025,720,4851286.13,420399.83,8,5,0,23,284893.22
101,Victoria Island Lagos,Nigeria,Ngn,4/8/2025,691,3607651.25,3809038.96,1,9,65,6,-35660.83
101,VICTORIA ISLAND LAGOS,Nigeria, Ngn ,7-Apr-25,150,3813829.98,3534259.61,3,7,120,9,285800.81
101,VICTORIA ISLAND LAGOS,Nigeria,Ngn,4/6/2025,417,1905463.39,770570.49,13,9,0,25,354763.63
101,Victoria Island Lagos,Nigeria,ngn,4/5/2025,559,4568503.63,758432.71,14,10,0,12,121699.35
101,Victoria Island Lagos,Nigeria,Ngn,4/4/2025,743,2755660.78,415616.41,11,9,65,13,247257.09
101,Victoria Island Lagos,Nigeria,Ngn,3/4/2025,253,4996899.15,4274010.52,3,3,30,16,200345.88
101,  Victoria Island Lagos  ,Nigeria,NGN,2-Apr-25,899,3308237.59,1408677.88,1,9,120,19,382987.23
102,ikeja gra lagos,Nigeria,Ngn,30-Jun-25,274,3201258.5,3123411.26,4,10,45,7,432382.59
102,Ikeja GRA Lagos,Nigeria,NGN,6/29/2025,643,1856063.1,700488.44,9,5,5,17,-77051.95
102,  Ikeja GRA Lagos  ,Nigeria,Ngn,6/28/2025,900,864494.88,4574542.32,15,4,45,14,362962.78
102,ikeja gra lagos,Nigeria,ngn,27/06/2025,742,3634872.72,4900714.1,11,1,90,16,-190256.94
102,  Ikeja GRA Lagos  ,Nigeria, Ngn ,6/26/2025,892,3210818.88,1888794.52,7,7,5,4,233682.81
102,ikeja gra lagos,Nigeria,NGN,25-Jun-25,700,4128083.99,4551468.81,9,10,65,17,-118326.84
102,  Ikeja GRA Lagos  ,Nigeria, Ngn ,6/24/2025,168,531100.39,4441933.58,4,6,90,18,59708.06
102,ikeja gra lagos,Nigeria, Ngn ,23/06/2025,720,540157.09,2472267.84,13,4,15,5,283196.46
102,ikeja gra lagos,Nigeria,Ngn,6/22/2025,151,4905592.21,1868308.04,11,0,5,16,-6882.99
102,Ikeja GRA Lagos,Nigeria,NGN,6/21/2025,728,1099923.79,3215489.95,0,0,90,14,-29501.77
102,ikeja gra lagos,Nigeria,NGN,6/20/2025,899,3837529.01,1075428.98,6,3,45,14,342058
102,ikeja gra lagos,Nigeria,ngn,6/19/2025,603,1290738.27,913760.75,0,2,0,4,50769.6
102,IKEJA GRA LAGOS,Nigeria,ngn,6/18/2025,321,309375.14,3721504.38,3,1,15,19,113792.65
102,IKEJA GRA LAGOS,Nigeria, Ngn ,17-Jun-25,565,1146671.29,3094778.84,9,7,15,24,474818.33
102,Ikeja GRA Lagos,Nigeria, Ngn ,6/16/2025,752,584411.06,3576386.51,14,1,120,6,25478.27
102,  Ikeja GRA Lagos  ,Nigeria,Ngn,6/15/2025,440,4973407.39,2676256.35,14,8,0,23,101139.53
102,ikeja gra lagos,Nigeria, Ngn ,6/14/2025,512,4446050.56,2098377.18,14,6,65,17,310728.76
102,  Ikeja GRA Lagos  ,Nigeria,Ngn,13-Jun-25,206,3449764.13,2397626.03,2,1,5,6,102313.56
102,IKEJA GRA LAGOS,Nigeria,Ngn,12-Jun-25,736,655044.86,1800310.49,13,0,45,13,220287.06
102,ikeja gra lagos,Nigeria,ngn,11-Jun-25,722,2436837.51,4244010.5,11,8,0,15,-119580.28
102,Ikeja GRA Lagos,Nigeria,NGN,10-Jun-25,673,4648967.24,4155830.91,8,0,15,9,-8710.73
102,  Ikeja GRA Lagos  ,Nigeria,NGN,9-Jun-25,235,4355820.4,2853289.42,12,1,90,8,318678.34
102,ikeja gra lagos,Nigeria, Ngn ,6/8/2025,479,2295546.66,829175.92,9,5,0,22,217356.64
102,IKEJA GRA LAGOS,Nigeria,NGN,6/7/2025,328,2243409.22,2148873.13,14,6,0,12,-49101.72
102,IKEJA GRA LAGOS,Nigeria,Ngn,6/6/2025,744,3408506.96,2458832.13,9,0,5,11,76684.38
102,  Ikeja GRA Lagos  ,Nigeria,ngn,6/5/2025,835,729312.29,1314821.54,10,1,0,4,148169.73
102,Ikeja GRA Lagos,Nigeria,ngn,4/6/2025,562,2815681.66,3356838.45,11,1,0,16,403235.05
102,Ikeja GRA Lagos,Nigeria,NGN,6/3/2025,370,2900007.85,2888328.42,13,4,5,7,83522.61
102,Ikeja GRA Lagos,Nigeria,Ngn,2-Jun-25,140,2211723.31,574022.51,13,9,0,16,166773.78
102,  Ikeja GRA Lagos  ,Nigeria,ngn,1/6/2025,391,3906633.45,428077.92,3,8,65,20,-64267.41
102,ikeja gra lagos,Nigeria,ngn,31-May-25,155,774898.88,1026495.42,4,10,5,6,-75997.71
102,Ikeja GRA Lagos,Nigeria,Ngn,30/05/2025,692,1614887.53,2226825.94,15,7,5,24,11974.3
102,  Ikeja GRA Lagos  ,Nigeria,NGN,29-May-25,367,2335625.31,236155.87,11,4,15,6,251266.53
102,Ikeja GRA Lagos,Nigeria, Ngn ,5/28/2025,644,2793866.04,3969498.1,1,7,15,22,256286.22
102,ikeja gra lagos,Nigeria,NGN,27-May-25,511,562334.29,4500677.83,10,1,15,20,252288.96
102,Ikeja GRA Lagos,Nigeria, Ngn ,5/26/2025,586,2637602.77,835793.73,11,4,0,16,86138.58
102,IKEJA GRA LAGOS,Nigeria,Ngn,25-May-25,117,1681969.24,2811917.9,12,4,30,12,306613.56
102,ikeja gra lagos,Nigeria,Ngn,5/24/2025,367,4840097.71,3507475.82,12,2,5,23,296183.81
102,Ikeja GRA Lagos,Nigeria,Ngn,5/23/2025,882,682579.13,3529012.82,2,10,5,25,96384.46
102,  Ikeja GRA Lagos  ,Nigeria,ngn,22-May-25,269,1741575.11,3842473.23,6,3,0,8,-91538.38
102,IKEJA GRA LAGOS,Nigeria,NGN,21-May-25,727,1716983.64,3843222.64,4,9,45,16,-92023.07
102,ikeja gra lagos,Nigeria, Ngn ,5/20/2025,94,2083750.13,3397996.46,7,7,45,23,-550.45
102,ikeja gra lagos,Nigeria,Ngn,19/05/2025,878,3932632.69,4524672.97,6,5,0,25,462991.12
102,  Ikeja GRA Lagos  ,Nigeria, Ngn ,18/05/2025,564,2660925.95,4833027.36,6,9,5,8,411101.34
102,  Ikeja GRA Lagos  ,Nigeria,NGN,5/17/2025,778,4237166.77,4263271.94,9,1,15,9,-9046.09
102,IKEJA GRA LAGOS,Nigeria,ngn,5/16/2025,886,2283083.55,1780446.14,0,6,45,5,77517.78
102,IKEJA GRA LAGOS,Nigeria,Ngn,15-May-25,279,189528.35,4657588.23,10,2,0,8,-173187.77
102,ikeja gra lagos,Nigeria, Ngn ,14/05/2025,509,3095973.87,4533994.57,0,4,30,10,384474.17
102,  Ikeja GRA Lagos  ,Nigeria,ngn,13/05/2025,358,653149.31,1230275.54,14,1,0,7,385681.4
102,IKEJA GRA LAGOS,Nigeria,ngn,12/5/2025,785,760705.36,2174732.52,11,3,15,22,91597.32
102,  Ikeja GRA Lagos  ,Nigeria,NGN,5/11/2025,588,2743205.7,3942741.06,0,6,15,19,-169525.9
102,  Ikeja GRA Lagos  ,Nigeria,NGN,10/5/2025,415,3953174.08,1756772.34,3,9,120,14,-106613.29
102,ikeja gra lagos,Nigeria, Ngn ,9-May-25,762,2418729.3,952276.09,4,1,15,18,-174111.35
102,ikeja gra lagos,Nigeria,NGN,5/8/2025,373,4670186.35,2601148.77,15,4,0,5,327303.64
102,IKEJA GRA LAGOS,Nigeria,Ngn,5/7/2025,329,666151.29,1871694.91,12,7,0,16,37325.64
102,Ikeja GRA Lagos,Nigeria,Ngn,5/6/2025,866,2620415.47,4015683.03,13,1,5,17,221717.31
102,  Ikeja GRA Lagos  ,Nigeria,NGN,5/5/2025,131,1673203.53,1513417.75,14,9,15,17,-83348.66
102,IKEJA GRA LAGOS,Nigeria,Ngn,4/5/2025,679,4990845.46,1409049.03,1,1,5,25,246258.78
102,ikeja gra lagos,Nigeria,NGN,3-May-25,196,4250913.08,3406539.92,14,0,15,8,-152936.65
102,IKEJA GRA LAGOS,Nigeria,ngn,2-May-25,745,2277116.72,1886274.31,14,1,5,22,-103613.42
102,  Ikeja GRA Lagos  ,Nigeria,ngn,1-May-25,166,178271.04,970937.84,12,8,5,7,-16756.33
102,ikeja gra lagos,Nigeria,Ngn,30-Apr-25,760,4586570.6,2481440.97,3,2,30,6,116429.88
102,  Ikeja GRA Lagos  ,Nigeria,Ngn,29/04/2025,776,371448.44,2733748.24,9,2,120,24,-78136.29
102,IKEJA GRA LAGOS,Nigeria,ngn,28-Apr-25,861,737440.52,3962346.65,0,5,15,21,200594.18
102,ikeja gra lagos,Nigeria,NGN,27/04/2025,117,1580989.05,4997995.47,15,8,45,17,338415.19
102,  Ikeja GRA Lagos  ,Nigeria,NGN,4/26/2025,510,2355874.34,2610932.06,4,8,0,24,211450.19
102,IKEJA GRA LAGOS,Nigeria,NGN,4/25/2025,580,807426.56,865052.55,10,3,5,15,463238.2
102,  Ikeja GRA Lagos  ,Nigeria,ngn,24-Apr-25,700,4783940.55,1408532.61,9,9,45,21,-134600.12
102,ikeja gra lagos,Nigeria,ngn,4/23/2025,724,3141171.98,4514904.42,10,9,15,5,377665.39
102,  Ikeja GRA Lagos  ,Nigeria,ngn,4/22/2025,835,2882079.15,3109636.71,0,7,0,24,181904.24
102,Ikeja GRA Lagos,Nigeria,Ngn,21-Apr-25,514,411216.48,346569.51,14,6,5,19,125109.51
102,  Ikeja GRA Lagos  ,Nigeria,Ngn,20-Apr-25,801,4940715.68,1759584.28,12,2,15,15,160486.09
102,Ikeja GRA Lagos,Nigeria,NGN,4/19/2025,323,2275500.26,747344.29,1,4,5,16,404914.7
102,ikeja gra lagos,Nigeria,Ngn,18/04/2025,641,3619585.72,989678.8,5,7,0,20,126770.58
102,IKEJA GRA LAGOS,Nigeria, Ngn ,17-Apr-25,567,2313291.68,1241606.77,11,0,5,5,-3050.56
102,IKEJA GRA LAGOS,Nigeria,NGN,16/04/2025,491,712977.97,1359140.85,11,6,0,15,-168330.32
102,ikeja gra lagos,Nigeria,Ngn,4/15/2025,616,1478578.4,1962426.68,14,8,15,12,377717.92
102,IKEJA GRA LAGOS,Nigeria, Ngn ,4/14/2025,432,3984741.28,1728472.23,11,2,0,10,221724.07
102,IKEJA GRA LAGOS,Nigeria,NGN,13/04/2025,190,3582279.64,4029630.98,14,2,15,23,425192.18
102,  Ikeja GRA Lagos  ,Nigeria,ngn,4/12/2025,452,4953547.9,3709630.83,9,9,5,14,155120.49
102,  Ikeja GRA Lagos  ,Nigeria, Ngn ,11/4/2025,885,132352.93,1689635.99,3,6,30,22,15374.48
102,  Ikeja GRA Lagos  ,Nigeria,ngn,4/10/2025,788,304208.07,2428221.48,12,2,15,25,-30462.41
102,Ikeja GRA Lagos,Nigeria,Ngn,4/9/2025,478,799584.73,3467976.29,13,8,0,23,444364.66
102,ikeja gra lagos,Nigeria,Ngn,4/8/2025,728,2417936.37,1915282.64,5,7,30,21,39628.91
102,  Ikeja GRA Lagos  ,Nigeria, Ngn ,7-Apr-25,246,4788820.11,1431081.66,9,3,30,13,339821.99
102,Ikeja GRA Lagos,Nigeria,Ngn,4/6/2025,541,1776575.71,4671816.86,8,4,30,7,201433.76
102,Ikeja GRA Lagos,Nigeria,Ngn,5/4/2025,841,4032848.38,1487740.63,9,1,65,15,446806.74
102,ikeja gra lagos,Nigeria,ngn,4-Apr-25,897,2715960.72,4668468.47,8,2,30,7,230973.92
102,ikeja gra lagos,Nigeria,ngn,4/3/2025,103,545979.9,1684953.44,15,1,0,25,339536.24
102,ikeja gra lagos,Nigeria, Ngn ,4/2/2025,718,4678408.89,4398078.13,15,10,90,10,329137.74
103,ABUJA CENTRAL,Nigeria,NGN,30-Jun-25,717,2891960.1,2699003.77,1,2,5,17,417571.48
103,ABUJA CENTRAL,Nigeria, Ngn ,6/29/2025,856,2502150.29,4686213.29,9,0,90,4,8874.55
103,  Abuja Central  ,Nigeria,Ngn,6/28/2025,515,4946042.38,2739337.39,15,2,90,20,127614.54
103,  Abuja Central  ,Nigeria,ngn,6/27/2025,798,2321626.63,1323461.16,5,0,45,14,353537.37
103,Abuja Central,Nigeria, Ngn ,6/26/2025,577,1673236.96,2034124.57,3,2,0,8,134217.87
103,Abuja Central,Nigeria,ngn,6/25/2025,507,3781095.43,4772472.37,9,9,0,22,-191994.99
103,ABUJA CENTRAL,Nigeria,NGN,24-Jun-25,526,1568691.39,2056812.23,9,1,30,24,441291.27
103,abuja central,Nigeria,ngn,23-Jun-25,186,2417000.4,2302144.43,11,6,5,21,438957.82
103,ABUJA CENTRAL,Nigeria, Ngn ,6/22/2025,590,3533642.32,436608.47,3,0,45,21,432021.71
103,abuja central,Nigeria,ngn,6/21/2025,385,4279705.74,2237110.74,6,9,15,19,-136340.85
103,Abuja Central,Nigeria,ngn,20/06/2025,575,2106351.64,2841360.37,14,10,45,13,306296.06
103,ABUJA CENTRAL,Nigeria,ngn,19/06/2025,642,411496.15,2147302.05,2,8,0,5,454207.96
103,Abuja Central,Nigeria,NGN,6/18/2025,343,2073891.33,3856411.71,13,5,120,16,113975.99
103,abuja central,Nigeria,Ngn,17/06/2025,171,933444.46,2709429.51,4,3,5,4,329325.59
103,Abuja Central,Nigeria, Ngn ,16-Jun-25,893,1186837.13,2330095.13,4,4,5,10,456187.25
103,Abuja Central,Nigeria,NGN,6/15/2025,296,1070104.03,549438.73,1,7,0,23,270416.55
103,ABUJA CENTRAL,Nigeria, Ngn ,6/14/2025,499,1209979.43,1125482.59,1,2,0,20,495438.41
103,  Abuja Central  ,Nigeria,Ngn,6/13/2025,292,1543733.95,759139.15,7,6,45,13,-7392.26
103,Abuja Central,Nigeria, Ngn ,6/12/2025,98,4862836.66,4710852.73,12,8,15,14,287415.89
103,Abuja Central,Nigeria,ngn,11/6/2025,822,2712744.91,1242792.54,7,4,0,8,364043.31
103,Abuja Central,Nigeria,ngn,6/10/2025,447,1252149.65,1056516.83,2,7,15,15,-135275.2
103,Abuja Central,Nigeria,NGN,6/9/2025,124,981408.3,3820397.27,6,7,0,10,408631.7
103,ABUJA CENTRAL,Nigeria,ngn,8-Jun-25,244,4812283.9,630715.19,15,3,5,23,292638.01
103,  Abuja Central  ,Nigeria,Ngn,7/6/2025,439,2357939.78,3261170.63,9,4,65,15,158971.58
103,Abuja Central,Nigeria,Ngn,6/6/2025,258,1884989.36,2098954.34,7,2,5,4,-17458.12
103,abuja central,Nigeria,Ngn,5/6/2025,285,1930206.88,4175145.44,15,8,0,24,460425.18
103,Abuja Central,Nigeria, Ngn ,4-Jun-25,521,882756.55,3985128.8,5,2,0,21,141821.42
103,ABUJA CENTRAL,Nigeria,NGN,6/3/2025,832,81599.93,730583.08,7,1,15,8,-193600.98
103,Abuja Central,Nigeria, Ngn ,2/6/2025,66,82731.17,2780635.63,0,0,5,20,305534.91
103,Abuja Central,Nigeria,ngn,1-Jun-25,159,4594341.78,2645707.74,7,3,0,23,168519.19
103,Abuja Central,Nigeria,NGN,31-May-25,432,4798524.08,2322038.84,7,3,0,13,278829.14
103,ABUJA CENTRAL,Nigeria,NGN,5/30/2025,465,1927356.91,2785872.13,1,10,30,4,291991.61
103,Abuja Central,Nigeria,Ngn,5/29/2025,629,4887779.66,4870506.74,1,3,5,10,430891.07
103,ABUJA CENTRAL,Nigeria,Ngn,28/05/2025,606,2839373.83,212863.81,10,0,0,10,210925.27
103,  Abuja Central  ,Nigeria,ngn,27/05/2025,627,1240337.36,4181520.27,12,10,90,21,32210.89
103,ABUJA CENTRAL,Nigeria,Ngn,5/26/2025,104,533544.65,1199112.82,2,5,45,23,338303.96
103,  Abuja Central  ,Nigeria,NGN,25/05/2025,699,1402968.79,4963300.1,15,3,90,15,187126.41
103,Abuja Central,Nigeria,NGN,24/05/2025,840,3112148.66,4000373.11,2,1,5,12,-92045.33
103,  Abuja Central  ,Nigeria,Ngn,5/23/2025,159,503026.12,4717653.13,14,5,30,12,-128438.01
103,Abuja Central,Nigeria, Ngn ,5/22/2025,155,179996.42,1801875.72,2,9,0,23,349107.11
103,Abuja Central,Nigeria, Ngn ,21/05/2025,847,469262.61,4510623.42,7,9,0,20,-81291.95
103,  Abuja Central  ,Nigeria,Ngn,20/05/2025,324,2490963.51,363172.39,13,4,0,17,9826.58
103,abuja central,Nigeria, Ngn ,5/19/2025,658,3102510.52,2316415.08,4,4,5,4,464176.42
103,Abuja Central,Nigeria,Ngn,18-May-25,500,1706944.31,4086603.58,4,4,45,14,222247.89
103,abuja central,Nigeria, Ngn ,5/17/2025,376,1492668.35,3490040.95,15,9,5,11,28120.37
103,Abuja Central,Nigeria,Ngn,16-May-25,166,4663732.41,1039010.24,5,10,45,21,-181158.72
103,abuja central,Nigeria, Ngn ,15/05/2025,866,1492089.48,3479534.63,13,10,90,19,-102574.61
103,abuja central,Nigeria, Ngn ,14-May-25,858,1916104.55,2272880.27,15,9,0,16,174057.18
103,  Abuja Central  ,Nigeria,NGN,13/05/2025,161,3856322.54,3305128.14,11,2,15,24,228874.53
103,  Abuja Central  ,Nigeria, Ngn ,12/5/2025,158,102211.48,1330754.93,7,7,90,15,73793.92
103,ABUJA CENTRAL,Nigeria, Ngn ,5/11/2025,157,1512389.49,4606710.35,2,1,5,8,43830.06
103,abuja central,Nigeria, Ngn ,10-May-25,406,2407004.53,2218921.39,14,5,5,6,10184.86
103,  Abuja Central  ,Nigeria,NGN,5/9/2025,743,4010248.12,4653116.11,7,8,0,9,186337.2
103,Abuja Central,Nigeria,ngn,8-May-25,866,2054984.81,963036.29,13,6,15,4,316171.86
103,Abuja Central,Nigeria, Ngn ,5/7/2025,54,3538441.3,1068633.17,2,9,5,7,359651.65
103,abuja central,Nigeria, Ngn ,5/6/2025,166,1348649.31,4320050.91,10,9,5,16,227915.89
103,Abuja Central,Nigeria,ngn,5/5/2025,883,3384264.87,4013036.25,2,10,5,8,19230.02
103,abuja central,Nigeria,Ngn,5/4/2025,760,749724.79,1972893.18,4,9,5,16,96127.15
103,abuja central,Nigeria,ngn,3/5/2025,551,1479732.13,976137.97,14,9,15,5,405865.56
103,abuja central,Nigeria, Ngn ,5/2/2025,625,2551918.2,2500100.75,15,6,5,18,142089.66
103,abuja central,Nigeria,Ngn,5/1/2025,83,1410521.95,2711162.66,5,7,15,22,319762.78
103,ABUJA CENTRAL,Nigeria,NGN,30/04/2025,324,3886809.49,4125249.9,11,8,15,5,332002.89
103,Abuja Central,Nigeria,NGN,29/04/2025,803,4158850.05,3769160.2,9,0,15,18,-16029.34
103,ABUJA CENTRAL,Nigeria,ngn,4/28/2025,264,4062978.45,2960223.29,11,9,5,24,99716.94
103,abuja central,Nigeria,NGN,4/27/2025,633,1786536.62,1441370.84,5,5,45,13,2533.27
103,ABUJA CENTRAL,Nigeria,ngn,26-Apr-25,818,3939170.69,4597905.12,8,10,90,8,290998.57
103,  Abuja Central  ,Nigeria,ngn,4/25/2025,829,4225600.5,1993868.71,4,9,0,24,-11897.99
103,ABUJA CENTRAL,Nigeria,NGN,24/04/2025,462,2602286.69,1427217.15,11,7,5,19,29102.5
103,ABUJA CENTRAL,Nigeria, Ngn ,4/23/2025,700,3337511.91,1823202.51,2,8,65,16,-47519.05
103,Abuja Central,Nigeria,Ngn,22/04/2025,380,4150300.9,1721888.02,4,9,45,19,351812.56
103,Abuja Central,Nigeria,NGN,4/21/2025,177,4650692.73,832018.4,14,0,0,17,-58377.26
103,  Abuja Central  ,Nigeria,ngn,4/20/2025,330,512032.92,1834155.15,2,5,65,25,432660.19
103,  Abuja Central  ,Nigeria,ngn,4/19/2025,489,3294651.88,3533305.3,0,3,0,19,-145442.89
103,Abuja Central,Nigeria,NGN,4/18/2025,58,3493205.68,4094689.68,13,2,15,19,-150420.19
103,ABUJA CENTRAL,Nigeria,NGN,17/04/2025,370,1869430.36,1531313.87,12,2,0,24,495058.11
103,ABUJA CENTRAL,Nigeria,ngn,4/16/2025,500,1788379.21,1104624.48,4,6,0,23,280596.32
103,ABUJA CENTRAL,Nigeria,ngn,4/15/2025,820,659628.25,3663545.29,11,6,0,14,353753.66
103,ABUJA CENTRAL,Nigeria,ngn,4/14/2025,616,3024945.36,3619839.21,9,0,0,25,413079.03
103,abuja central,Nigeria, Ngn ,4/13/2025,352,3248540.38,3929817.92,7,7,15,16,-121079.44
103,ABUJA CENTRAL,Nigeria,NGN,12/4/2025,419,4672925.79,703315.26,13,5,15,21,278059.43
103,ABUJA CENTRAL,Nigeria,NGN,11/4/2025,651,384286.22,1347817.12,1,0,90,16,154627.42
103,Abuja Central,Nigeria,NGN,10/4/2025,705,2705995.84,3099432.93,8,1,5,13,-144684.91
103,abuja central,Nigeria,Ngn,4/9/2025,450,2952863.96,3827959.45,2,4,120,17,310970.86
103,ABUJA CENTRAL,Nigeria, Ngn ,4/8/2025,168,2294190.62,3063720.4,9,10,0,25,318460.73
103,abuja central,Nigeria,NGN,4/7/2025,217,2507244.02,1766190.38,8,2,0,15,-111148.57
103,ABUJA CENTRAL,Nigeria,NGN,6-Apr-25,393,4045183.84,1396303.95,2,4,30,22,239272.98
103,  Abuja Central  ,Nigeria,NGN,5/4/2025,561,4303830.92,876062.89,5,4,5,7,425987.89
103,ABUJA CENTRAL,Nigeria,NGN,4/4/2025,62,1260529.68,2385234.72,12,2,0,9,451812.05
103,Abuja Central,Nigeria,ngn,4/3/2025,379,1278902.76,4583481.09,10,4,15,6,200075.17
103,ABUJA CENTRAL,Nigeria,ngn,4/2/2025,278,4031473.2,4907998.63,12,1,15,18,406222.56
104,Port Harcourt City,Nigeria,NGN,30-Jun-25,427,1043322.21,2840843.37,9,9,5,11,124748.68
104,port harcourt city,Nigeria,ngn,29/06/2025,204,81570.52,2079678.74,7,8,120,15,245159.29
104,PORT HARCOURT CITY,Nigeria, Ngn ,6/28/2025,805,3649714.44,564547.65,7,6,90,19,472829.54
104,PORT HARCOURT CITY,Nigeria,NGN,6/27/2025,287,4491572.99,2622808.13,11,7,30,6,206539.44
104,Port Harcourt City,Nigeria,NGN,6/26/2025,656,2860712.61,2203165.25,4,3,15,13,-17306.34
104,Port Harcourt City,Nigeria,Ngn,25-Jun-25,375,2291151.37,1206375.57,6,2,90,22,-123719.02
104,Port Harcourt City,Nigeria,Ngn,6/24/2025,466,647646.85,1823522.86,6,7,0,13,124342.62
104,  Port Harcourt City  ,Nigeria,NGN,6/23/2025,270,4187827.52,1672578.61,2,3,0,15,77371.12
104,  Port Harcourt City  ,Nigeria,ngn,6/22/2025,81,4762878.2,4280276.46,7,1,30,18,-128664.86
104,PORT HARCOURT CITY,Nigeria,ngn,6/21/2025,183,1030758.52,2032879.96,2,9,0,22,-18825.54
104,PORT HARCOURT CITY,Nigeria,ngn,6/20/2025,711,2244985.05,687518.17,10,1,0,5,459596.46
104,Port Harcourt City,Nigeria, Ngn ,6/19/2025,558,195937.35,3431903.94,5,5,0,10,435812.95
104,port harcourt city,Nigeria,NGN,18-Jun-25,678,3114923.92,1266634.66,9,7,0,17,417945
104,  Port Harcourt City  ,Nigeria, Ngn ,17/06/2025,190,2125212.36,3231130,7,10,0,21,356392.37
104,  Port Harcourt City  ,Nigeria, Ngn ,16/06/2025,607,3918103.77,1752968.89,10,6,45,12,-74128.89
104,PORT HARCOURT CITY,Nigeria,Ngn,15-Jun-25,109,4052836.72,2384837.71,11,9,15,11,481785.9
104,port harcourt city,Nigeria,Ngn,6/14/2025,596,4090611.55,4590434.44,1,3,0,22,392553.56
104,port harcourt city,Nigeria,ngn,13/06/2025,292,2982971.57,4040740.62,11,9,5,4,292417.02
104,port harcourt city,Nigeria,ngn,12-Jun-25,879,4414050.48,2486522.28,9,2,90,19,-173425.38
104,port harcourt city,Nigeria,NGN,6/11/2025,589,2416045.49,1692083.27,6,2,0,14,301856.34
104,port harcourt city,Nigeria,ngn,10-Jun-25,842,599056.93,2655159.65,11,1,0,15,293176.61
104,  Port Harcourt City  ,Nigeria,Ngn,9/6/2025,380,725435.76,829644.24,13,10,15,19,254426.19
104,  Port Harcourt City  ,Nigeria,ngn,6/8/2025,731,2965303.27,917990.57,9,4,30,8,-75604.2
104,Port Harcourt City,Nigeria,NGN,6/7/2025,236,3031823.9,4609139.17,7,10,90,22,-127122.84
104,PORT HARCOURT CITY,Nigeria,ngn,6/6/2025,405,4912779.29,881042.71,2,10,0,24,310500.16
104,  Port Harcourt City  ,Nigeria,ngn,5-Jun-25,305,3481221.58,1784881.75,3,0,5,5,70155.97
104,Port Harcourt City,Nigeria, Ngn ,4/6/2025,437,1788594.29,1907970.47,15,9,90,24,330770.48
104,PORT HARCOURT CITY,Nigeria,NGN,6/3/2025,351,149386.09,1342582.16,3,1,0,14,-80926.36
104,PORT HARCOURT CITY,Nigeria,NGN,2/6/2025,396,2990451.19,3087541.39,15,0,0,17,459709.58
104,Port Harcourt City,Nigeria,ngn,6/1/2025,104,551226.16,1067474.86,6,6,15,21,305426.67
104,  Port Harcourt City  ,Nigeria,ngn,31-May-25,148,295695.44,2880260.55,15,2,30,5,52580.24
104,Port Harcourt City,Nigeria,ngn,30/05/2025,149,177391.68,895619.35,9,1,0,19,390638.35
104,Port Harcourt City,Nigeria, Ngn ,29-May-25,726,1361771.77,3227238.59,12,2,45,15,419844.88
104,PORT HARCOURT CITY,Nigeria,Ngn,28-May-25,500,2352036.88,1169899.29,8,9,0,5,-94208.53
104,  Port Harcourt City  ,Nigeria, Ngn ,5/27/2025,824,2969145.89,2790329.44,12,8,0,17,475939.39
104,port harcourt city,Nigeria, Ngn ,26/05/2025,356,440827.5,4518747.15,1,8,15,22,430318.54
104,Port Harcourt City,Nigeria,ngn,5/25/2025,221,4862216.15,4051880.57,4,0,0,17,-145142.03
104,port harcourt city,Nigeria,Ngn,24/05/2025,377,4558482.2,4575160.99,2,1,0,16,189454.94
104,Port Harcourt City,Nigeria,NGN,23-May-25,855,3517040,2958501.63,13,1,65,17,-95250.38
104,PORT HARCOURT CITY,Nigeria,Ngn,5/22/2025,598,4406672.13,4395573.14,8,6,90,24,139909.35
104,  Port Harcourt City  ,Nigeria, Ngn ,21/05/2025,197,3110310.22,3420023.67,12,0,0,16,422701.95
104,PORT HARCOURT CITY,Nigeria, Ngn ,20-May-25,325,4490305.24,150152.8,9,4,30,12,389992.6
104,port harcourt city,Nigeria,ngn,5/19/2025,357,4872386.15,2243397.54,10,4,120,17,223485.39
104,port harcourt city,Nigeria, Ngn ,5/18/2025,808,2448078.63,2606682.02,11,0,0,20,354043.27
104,Port Harcourt City,Nigeria,ngn,5/17/2025,849,4263911.94,4402696.33,0,2,5,10,412626.39
104,port harcourt city,Nigeria,NGN,5/16/2025,517,300268.44,1833856.65,6,4,45,15,376454.4
104,PORT HARCOURT CITY,Nigeria,NGN,15/05/2025,297,1893710.47,2990515.79,5,7,15,22,185933.6
104,  Port Harcourt City  ,Nigeria,NGN,14-May-25,341,185879.92,295772.66,6,3,0,24,-42421.57
104,Port Harcourt City,Nigeria,NGN,5/13/2025,849,4837334.86,3426888.67,15,2,0,24,-78759.54
104,  Port Harcourt City  ,Nigeria,Ngn,5/12/2025,483,4482640.73,4265351.56,14,4,0,10,126688.61
104,PORT HARCOURT CITY,Nigeria,Ngn,11/5/2025,624,3254343.49,3064798.02,9,10,15,7,137216.89
104,  Port Harcourt City  ,Nigeria,Ngn,10-May-25,317,3297792.05,4763329.6,9,3,120,8,162105.51
104,Port Harcourt City,Nigeria,Ngn,5/9/2025,747,742651.07,176003.59,15,4,65,12,434838.09
104,PORT HARCOURT CITY,Nigeria,ngn,8/5/2025,401,3646421.89,1150697.81,15,10,5,15,155120.4
104,port harcourt city,Nigeria,Ngn,5/7/2025,149,2380365.32,3717548.51,5,10,45,14,258104.25
104,  Port Harcourt City  ,Nigeria, Ngn ,5/6/2025,857,4439875.57,1889828.03,9,7,5,7,129375.6
104,port harcourt city,Nigeria,NGN,5/5/2025,747,1939262.64,1526860.98,1,2,5,8,494643.5
104,Port Harcourt City,Nigeria,ngn,4-May-25,373,4318850.02,942766.01,2,7,5,14,241722.94
104,PORT HARCOURT CITY,Nigeria,NGN,5/3/2025,512,1403962.92,3817906.74,5,9,5,9,142703.96
104,Port Harcourt City,Nigeria, Ngn ,5/2/2025,463,2173675.97,2413131.37,0,0,0,21,-60410.02
104,  Port Harcourt City  ,Nigeria,ngn,1-May-25,68,3399903.3,3152100.3,7,3,90,15,18464.58
104,  Port Harcourt City  ,Nigeria,ngn,4/30/2025,116,4128026.96,1526101.15,9,7,5,20,217458.94
104,port harcourt city,Nigeria,Ngn,29-Apr-25,551,1828291.89,982708.87,12,0,5,11,-42975.05
104,PORT HARCOURT CITY,Nigeria,ngn,4/28/2025,176,1864627.68,3270174.88,1,6,0,24,-20947.58
104,PORT HARCOURT CITY,Nigeria,NGN,4/27/2025,719,4188794.05,288763.53,3,6,15,18,66177.63
104,port harcourt city,Nigeria,ngn,26-Apr-25,761,3444413.14,96057.51,13,10,5,7,263738.08
104,port harcourt city,Nigeria, Ngn ,25-Apr-25,900,4498178.53,2582344.69,3,4,15,7,349332.05
104,port harcourt city,Nigeria,Ngn,24/04/2025,585,4866942.63,1821713.09,13,4,0,9,-172416
104,Port Harcourt City,Nigeria,Ngn,23/04/2025,290,63553.1,3374584.01,3,9,65,25,145872.82
104,PORT HARCOURT CITY,Nigeria,NGN,4/22/2025,312,3239467.12,2310918.61,9,4,45,18,-164943.86
104,  Port Harcourt City  ,Nigeria,Ngn,4/21/2025,870,3399994.33,2158676.27,3,1,65,5,-193229.37
104,port harcourt city,Nigeria,Ngn,4/20/2025,416,4477911.71,4777691.32,8,1,30,15,370475
104,Port Harcourt City,Nigeria, Ngn ,4/19/2025,328,4186756.31,3465017.03,15,6,0,24,420286.72
104,PORT HARCOURT CITY,Nigeria,ngn,4/18/2025,156,2109337.2,2974214,14,2,0,23,65825.55
104,port harcourt city,Nigeria, Ngn ,17-Apr-25,549,609040.52,2085857.11,1,1,15,12,258481.5
104,port harcourt city,Nigeria,Ngn,4/16/2025,581,2639360.72,3517871.91,3,6,30,25,308656.38
104,Port Harcourt City,Nigeria,ngn,15/04/2025,896,2813803.97,4939568.54,1,0,5,24,454059.99
104,port harcourt city,Nigeria,NGN,14/04/2025,819,2483657.41,1242414.49,8,0,65,20,-44105.43
104,port harcourt city,Nigeria,NGN,13/04/2025,520,2248734.94,2886522.91,2,7,5,18,21243.07
104,PORT HARCOURT CITY,Nigeria,NGN,12/4/2025,463,2091075.81,2807798.51,0,1,30,23,474219.87
104,port harcourt city,Nigeria, Ngn ,11-Apr-25,399,1848545.26,318662.31,7,7,65,14,192105.59
104,  Port Harcourt City  ,Nigeria, Ngn ,10/4/2025,166,532313.26,3311605.76,0,5,30,15,380918.72
104,  Port Harcourt City  ,Nigeria,NGN,9-Apr-25,96,4489541.74,2487489.6,13,1,15,12,227596.24
104,Port Harcourt City,Nigeria,ngn,4/8/2025,518,4131543.01,993364.88,10,1,0,17,-167449.75
104,Port Harcourt City,Nigeria, Ngn ,4/7/2025,724,2967115.02,2545778,15,0,45,20,315349.75
104,Port Harcourt City,Nigeria,ngn,6/4/2025,758,2913844.21,3665948.58,4,1,45,16,260265.27
104,Port Harcourt City,Nigeria, Ngn ,5-Apr-25,673,4583755.7,3823754.55,8,6,15,14,479344.15
104,port harcourt city,Nigeria, Ngn ,4/4/2025,666,3515070.71,3754712.99,9,8,45,14,298312.05
104,  Port Harcourt City  ,Nigeria,Ngn,4/3/2025,738,706725.06,3566462.4,5,8,0,21,286018.38
104,  Port Harcourt City  ,Nigeria, Ngn ,2-Apr-25,646,2874659.06,3352428.33,13,10,30,21,149.59
105,KANO COMMERCIAL DISTRICT,Nigeria,NGN,30/06/2025,440,769367.22,3367758.18,6,4,45,9,488472.68
105,KANO COMMERCIAL DISTRICT,Nigeria,Ngn,29-Jun-25,258,3780290.04,209916.6,14,1,0,23,407624.76
105,Kano Commercial District,Nigeria,ngn,6/28/2025,573,3932320.51,4004167.67,9,10,30,5,448539.37
105,  Kano Commercial District  ,Nigeria,NGN,27/06/2025,63,3731166.33,1055281.75,14,3,5,24,293240.35
105,kano commercial district,Nigeria,ngn,26-Jun-25,351,2271633.87,4918093.95,2,2,45,9,314555.64
105,Kano Commercial District,Nigeria,Ngn,6/25/2025,619,1357986,846597.81,8,0,5,14,126431.94
105,  Kano Commercial District  ,Nigeria,NGN,6/24/2025,842,4665290.23,3097262.95,9,7,0,22,185112.13
105,  Kano Commercial District  ,Nigeria,ngn,6/23/2025,238,2627001.12,3941978.28,5,6,45,21,175925.17
105,kano commercial district,Nigeria,Ngn,6/22/2025,389,1835949.23,1131304.16,15,8,5,24,-193837.41
105,kano commercial district,Nigeria,NGN,21-Jun-25,748,4434017.79,1937794.41,3,6,5,12,178166.12
105,  Kano Commercial District  ,Nigeria, Ngn ,20-Jun-25,548,267065.72,4496493.96,6,5,0,20,-142358.19
105,KANO COMMERCIAL DISTRICT,Nigeria,NGN,6/19/2025,265,3368158.87,3879232.22,13,1,0,10,176427.95
105,KANO COMMERCIAL DISTRICT,Nigeria,ngn,18/06/2025,74,2323164.91,1691991.11,2,1,15,5,-75405.49
105,kano commercial district,Nigeria,Ngn,17-Jun-25,467,1970761.39,3169575.46,13,5,15,4,72651.31
105,KANO COMMERCIAL DISTRICT,Nigeria,NGN,6/16/2025,767,4248843.63,1820615.69,3,4,15,25,10945.5
105,Kano Commercial District,Nigeria, Ngn ,6/15/2025,454,4119505.73,202554.8,5,8,0,11,-104532.98
105,  Kano Commercial District  ,Nigeria,ngn,14/06/2025,355,3402580.78,4575136.14,11,0,45,21,412336.85
105,KANO COMMERCIAL DISTRICT,Nigeria, Ngn ,6/13/2025,600,2760250.98,471377.94,6,5,0,10,88858.15
105,kano commercial district,Nigeria,Ngn,6/12/2025,248,617381.58,3371340.66,1,8,0,18,251272.16
105,KANO COMMERCIAL DISTRICT,Nigeria,Ngn,6/11/2025,150,1027217.08,2923948.48,10,5,0,8,269906.9
105,KANO COMMERCIAL DISTRICT,Nigeria,ngn,6/10/2025,375,2455013.09,1675313.09,9,9,0,8,195886.41
105,Kano Commercial District,Nigeria,ngn,9-Jun-25,54,1600413.16,3939017.55,13,4,45,15,-105985.92
105,Kano Commercial District,Nigeria, Ngn ,8-Jun-25,417,3885096.46,2460508.34,3,2,65,24,224639.37
105,kano commercial district,Nigeria,ngn,7-Jun-25,319,3681045.85,3151763.48,2,0,65,20,242138.55
105,kano commercial district,Nigeria,NGN,6/6/2025,614,1340050.79,4475230.38,15,10,45,8,56073.04
105,  Kano Commercial District  ,Nigeria,ngn,6/5/2025,525,2530559.7,498242.42,11,8,65,4,263874.94
105,kano commercial district,Nigeria, Ngn ,6/4/2025,213,936768.66,4746123.57,4,7,45,15,-171706.12
105,  Kano Commercial District  ,Nigeria,Ngn,3/6/2025,289,261901.78,1073531.67,11,6,0,19,442531.36
105,  Kano Commercial District  ,Nigeria,NGN,6/2/2025,770,4843784.93,3186156.56,8,4,0,22,181045.04
105,Kano Commercial District,Nigeria,Ngn,6/1/2025,651,3284015.91,4185571.88,8,6,5,11,161460.25
105,  Kano Commercial District  ,Nigeria, Ngn ,31-May-25,861,2436444.94,3040844.35,4,7,45,9,-39006.46
105,kano commercial district,Nigeria,ngn,30-May-25,420,3030000.37,4093927.62,7,6,0,14,304178.96
105,Kano Commercial District,Nigeria,ngn,29/05/2025,654,848168.99,4175156.73,0,3,30,5,-110480.42
105,KANO COMMERCIAL DISTRICT,Nigeria,ngn,5/28/2025,107,873389.76,4616112.01,12,9,0,22,246335.89
105,kano commercial district,Nigeria, Ngn ,27-May-25,671,4964240.33,4343146.88,5,3,90,17,220587.1
105,  Kano Commercial District  ,Nigeria,ngn,5/26/2025,791,3443676.26,4615642.13,2,3,15,16,69823.32
105,Kano Commercial District,Nigeria,ngn,5/25/2025,670,526677.95,2405552.47,1,8,0,20,326668.21
105,kano commercial district,Nigeria,NGN,5/24/2025,843,3408868.83,2185909.28,13,5,5,5,288349.96
105,Kano Commercial District,Nigeria, Ngn ,23/05/2025,408,2965788.03,3719900.51,3,6,0,8,-21837.38
105,KANO COMMERCIAL DISTRICT,Nigeria,Ngn,5/22/2025,662,4389993.25,2072801.19,6,0,65,4,204591
105,Kano Commercial District,Nigeria,ngn,5/21/2025,754,4031221.41,2073783.13,3,2,15,17,256103.15
105,Kano Commercial District,Nigeria,Ngn,20-May-25,676,1414024.69,3418998.24,6,6,0,21,348651.89
105,Kano Commercial District,Nigeria,Ngn,19/05/2025,364,2909373.21,3882262.7,12,2,0,25,-116639.96
105,kano commercial district,Nigeria,NGN,5/18/2025,269,2566300.54,3941101.56,1,2,5,16,475199.18
105,kano commercial district,Nigeria, Ngn ,5/17/2025,664,2205118.3,367198.26,7,5,45,6,226320.2
105,Kano Commercial District,Nigeria,Ngn,16/05/2025,778,4819472.62,334442.02,5,10,90,19,107280.43
105,  Kano Commercial District  ,Nigeria,ngn,5/15/2025,84,3930599.25,2577211.86,7,9,65,9,271817.07
105,KANO COMMERCIAL DISTRICT,Nigeria,ngn,14-May-25,138,4984244.86,3909380.75,11,10,0,16,83815.68
105,KANO COMMERCIAL DISTRICT,Nigeria,NGN,5/13/2025,612,1458244.25,4157335.77,11,5,15,12,-41593.14
105,Kano Commercial District,Nigeria,NGN,5/12/2025,317,916422.19,2555878.58,2,8,5,13,37976.13
105,  Kano Commercial District  ,Nigeria,Ngn,5/11/2025,760,2241704.77,1916547.39,15,3,45,14,472867.11
105,KANO COMMERCIAL DISTRICT,Nigeria, Ngn ,10/5/2025,169,1326207.84,1944232.57,7,10,30,11,360112.98
105,KANO COMMERCIAL DISTRICT,Nigeria,Ngn,9/5/2025,304,1472083.44,2024706.65,10,1,90,21,451977.37
105,kano commercial district,Nigeria,Ngn,8/5/2025,237,4738234.64,3431381.18,6,7,5,10,-35597.04
105,kano commercial district,Nigeria,ngn,5/7/2025,257,4182955.38,4189856.81,11,2,65,7,-116085.06
105,Kano Commercial District,Nigeria,NGN,5/6/2025,832,4292592.22,4792065.8,15,5,30,23,20791.83
105,  Kano Commercial District  ,Nigeria, Ngn ,5-May-25,277,3763338.46,684817.45,13,7,5,21,-177206.15
105,kano commercial district,Nigeria, Ngn ,4-May-25,173,3506310.61,2327349.42,0,0,5,25,-52473.33
105,  Kano Commercial District  ,Nigeria,ngn,5/3/2025,611,1351102.72,1383570.74,10,5,5,9,149139.01
105,  Kano Commercial District  ,Nigeria,Ngn,5/2/2025,460,1434166.18,940451.68,4,9,5,25,-40003.28
105,kano commercial district,Nigeria, Ngn ,5/1/2025,440,1020512.91,4010185.42,4,7,30,4,-76374.91
105,  Kano Commercial District  ,Nigeria, Ngn ,30/04/2025,357,1292321.47,4299584.81,1,6,0,7,283380.22
105,  Kano Commercial District  ,Nigeria, Ngn ,4/29/2025,694,526694.34,3735736.44,8,5,0,15,192245.02
105,Kano Commercial District,Nigeria,NGN,28-Apr-25,409,4343474.49,4817426.98,6,9,5,22,254905.84
105,  Kano Commercial District  ,Nigeria,Ngn,4/27/2025,382,3382304.56,2463094.03,14,1,120,16,229564.64
105,kano commercial district,Nigeria,ngn,26/04/2025,705,4048199.86,1720072.13,12,1,15,6,-86600.36
105,  Kano Commercial District  ,Nigeria,Ngn,4/25/2025,669,3240989.25,1392678.1,14,5,5,22,164654.98
105,kano commercial district,Nigeria,NGN,24/04/2025,178,3652473.46,3327011.61,2,3,5,9,77931.91
105,Kano Commercial District,Nigeria,NGN,4/23/2025,76,3866121.84,2643714.82,2,1,0,12,232671.52
105,Kano Commercial District,Nigeria,Ngn,4/22/2025,284,1274612.77,1456667.64,4,2,30,20,386962.45
105,  Kano Commercial District  ,Nigeria,Ngn,4/21/2025,537,2362607.71,4360946.45,8,8,0,18,-105419.56
105,Kano Commercial District,Nigeria, Ngn ,4/20/2025,586,3216943.22,2692231.45,11,7,15,21,-41010.09
105,  Kano Commercial District  ,Nigeria, Ngn ,4/19/2025,316,820801.82,102251.3,4,5,5,13,128438.57
105,Kano Commercial District,Nigeria, Ngn ,4/18/2025,356,95206.37,2180654.8,9,9,30,11,357737.17
105,Kano Commercial District,Nigeria, Ngn ,17-Apr-25,305,858184,3698733.38,12,6,0,11,-15913.81
105,  Kano Commercial District  ,Nigeria,Ngn,16/04/2025,714,3727488.12,4053602.81,13,3,15,6,-72314.97
105,Kano Commercial District,Nigeria, Ngn ,15-Apr-25,328,3517339.36,2485380.27,10,0,0,8,-165257.55
105,KANO COMMERCIAL DISTRICT,Nigeria,Ngn,4/14/2025,325,668944.05,2220162.35,0,3,0,6,-94521.41
105,Kano Commercial District,Nigeria,Ngn,13/04/2025,854,4007338.64,4989919.06,14,0,0,14,-143843.83
105,Kano Commercial District,Nigeria,NGN,4/12/2025,606,2377226.54,1001351.85,8,6,0,4,-114626.91
105,Kano Commercial District,Nigeria,ngn,4/11/2025,805,4972950.28,1035940.39,3,8,5,25,487481.1
105,  Kano Commercial District  ,Nigeria,Ngn,10/4/2025,212,3164363.06,258820.28,3,4,5,19,246964.01
105,KANO COMMERCIAL DISTRICT,Nigeria,ngn,4/9/2025,165,1218030.9,2199100.17,0,2,5,12,209287.8
105,KANO COMMERCIAL DISTRICT,Nigeria,NGN,8/4/2025,645,3928202.44,2402589.86,4,5,45,6,-25894.42
105,  Kano Commercial District  ,Nigeria,NGN,7/4/2025,111,1809812.49,811896.26,3,2,0,19,-37127.76
105,Kano Commercial District,Nigeria,ngn,6-Apr-25,71,3461787.4,1822929.11,4,4,45,5,139711.49
105,Kano Commercial District,Nigeria,ngn,5/4/2025,630,973802.31,1770940.16,14,4,15,23,440131.8
105,kano commercial district,Nigeria, Ngn ,4/4/2025,352,4106121.83,2730949.46,14,0,0,24,154170.41
105,  Kano Commercial District  ,Nigeria,ngn,4/3/2025,378,3618967.64,3308532.62,12,3,65,20,278256.93
105,  Kano Commercial District  ,Nigeria, Ngn ,4/2/2025,706,1644019.08,526468.67,2,0,15,8,-74952.84
106,Accra Downtown,Ghana,ghs,6/30/2025,151,207494.89,3226670.76,12,10,0,19,168074.95
106,accra downtown,Ghana,GHS,29-Jun-25,63,4654544.63,1083253.56,15,1,0,18,360713.96
106,Accra Downtown,Ghana,Ghs,6/28/2025,863,3556747.24,4127032.68,8,8,5,5,314010.24
106,accra downtown,Ghana,GHS,27-Jun-25,153,3639601.07,2681722.2,6,3,0,20,259813.56
106,Accra Downtown,Ghana,GHS,6/26/2025,834,3211190.28,1821918.66,14,10,15,17,417976.81
106,Accra Downtown,Ghana,Ghs,6/25/2025,723,832973.46,4992246.18,14,5,45,14,185056.94
106,Accra Downtown,Ghana, Ghs ,24-Jun-25,895,3643045.03,3061646.18,6,6,45,21,448302.85
106,Accra Downtown,Ghana, Ghs ,23-Jun-25,456,50968.36,221581.37,9,9,5,4,162326.55
106,accra downtown,Ghana,ghs,22-Jun-25,372,157421.79,4118602.62,8,8,0,20,189426.16
106,Accra Downtown,Ghana,Ghs,6/21/2025,209,735120.56,1867060.32,7,3,0,12,367751.97
106,accra downtown,Ghana,GHS,6/20/2025,790,1657225.67,2438539.21,15,9,15,7,216661.84
106,Accra Downtown,Ghana,GHS,19-Jun-25,848,326817.41,3865962.44,11,6,0,17,451172.26
106,accra downtown,Ghana,GHS,6/18/2025,699,3898222.16,1943310.46,9,8,65,5,23521.58
106,accra downtown,Ghana,ghs,6/17/2025,101,3384494.45,4986968.15,14,9,5,22,153310.54
106,Accra Downtown,Ghana,ghs,6/16/2025,185,1714032.48,2405480.54,1,8,5,16,-16209.42
106,accra downtown,Ghana,ghs,15/06/2025,542,2818516.08,2464912.44,6,8,15,23,497955.14
106,  Accra Downtown  ,Ghana, Ghs ,6/14/2025,381,3439452.96,2901290.27,3,10,0,17,96478.42
106,  Accra Downtown  ,Ghana,GHS,13-Jun-25,838,1558853.3,4938876.99,14,9,0,8,108324.4
106,  Accra Downtown  ,Ghana,ghs,6/12/2025,825,3656009.43,474781.48,1,3,0,23,448710.79
106,ACCRA DOWNTOWN,Ghana,Ghs,11-Jun-25,510,2382392,1692789.76,6,3,0,21,166286.12
106,accra downtown,Ghana,GHS,10-Jun-25,435,2935874.47,3334465.29,1,4,15,9,-157922.97
106,  Accra Downtown  ,Ghana,GHS,6/9/2025,526,3291051.47,91254.17,12,10,45,12,264087.15
106,ACCRA DOWNTOWN,Ghana,Ghs,8-Jun-25,714,1963289.97,4899974.61,3,5,65,19,406740.92
106,Accra Downtown,Ghana,GHS,6/7/2025,90,1274591.09,2670606.05,10,7,0,16,321073.5
106,  Accra Downtown  ,Ghana,Ghs,6/6/2025,690,1546514.75,4980172.34,8,0,5,24,-19624.44
106,ACCRA DOWNTOWN,Ghana,Ghs,5/6/2025,280,800955.49,4491017.81,4,1,65,16,164502.49
106,accra downtown,Ghana, Ghs ,6/4/2025,369,4553190.2,1679959.45,4,3,5,24,-102996.43
106,  Accra Downtown  ,Ghana,ghs,6/3/2025,490,4978644.71,4880095.7,4,10,65,22,441978.48
106,ACCRA DOWNTOWN,Ghana,ghs,2-Jun-25,375,4205636.42,770338.01,0,5,0,17,472837.33
106,  Accra Downtown  ,Ghana,ghs,1-Jun-25,847,980271.33,701152.11,0,9,5,23,-13196.17
106,accra downtown,Ghana,GHS,5/31/2025,417,443403.38,3910139.94,4,8,15,23,128134.45
106,Accra Downtown,Ghana, Ghs ,30-May-25,535,730687.98,1006636.16,1,6,0,4,447804.56
106,accra downtown,Ghana,ghs,29/05/2025,117,926537.1,4775760.39,14,9,0,19,281503.89
106,Accra Downtown,Ghana, Ghs ,28/05/2025,844,257040.06,3689892.31,12,5,65,16,228053.41
106,Accra Downtown,Ghana, Ghs ,5/27/2025,896,4394946.49,4395010.69,7,8,15,21,76927.84
106,ACCRA DOWNTOWN,Ghana,ghs,5/26/2025,348,2225791.68,4427768,9,7,15,9,95723.53
106,accra downtown,Ghana, Ghs ,5/25/2025,899,3248202.46,497682,3,2,30,22,456489.72
106,  Accra Downtown  ,Ghana, Ghs ,5/24/2025,75,935448.97,2972061.6,6,7,5,6,-24942.39
106,ACCRA DOWNTOWN,Ghana,GHS,5/23/2025,166,3545822.21,3188658.47,2,8,30,16,308811.69
106,Accra Downtown,Ghana,GHS,5/22/2025,836,895880.66,1709206.04,4,2,5,8,-74793.26
106,  Accra Downtown  ,Ghana, Ghs ,5/21/2025,345,3150941.61,631892.19,4,3,5,4,235792.23
106,Accra Downtown,Ghana, Ghs ,20-May-25,606,4046900.09,3059520.46,15,3,0,10,212203.63
106,Accra Downtown,Ghana,GHS,19/05/2025,665,3020505.42,1261330.2,8,9,5,24,190284.05
106,accra downtown,Ghana,GHS,5/18/2025,718,1777648.17,769603.36,1,10,0,22,386610.11
106,ACCRA DOWNTOWN,Ghana,GHS,17-May-25,161,2113936.77,932329.54,9,9,5,25,284059.53
106,  Accra Downtown  ,Ghana,GHS,5/16/2025,145,3854134.32,1647968.16,12,1,90,17,390316.74
106,accra downtown,Ghana,GHS,5/15/2025,761,4304069.31,1679582.21,13,8,0,10,287080.65
106,ACCRA DOWNTOWN,Ghana, Ghs ,5/14/2025,791,3458838.68,4672763.79,9,6,0,23,393458.58
106,  Accra Downtown  ,Ghana,ghs,13-May-25,679,2835039.97,2622543.71,15,7,15,9,418564.58
106,accra downtown,Ghana,GHS,5/12/2025,171,168734.65,3146030.67,3,3,30,23,499290.91
106,  Accra Downtown  ,Ghana,ghs,11/5/2025,61,3221060.64,3465584.45,8,1,0,13,10198.8
106,ACCRA DOWNTOWN,Ghana,Ghs,10-May-25,399,2010444.16,2866161.63,0,2,45,10,31360.38
106,Accra Downtown,Ghana, Ghs ,9-May-25,866,226013.34,721981.78,4,10,90,18,424440.83
106,Accra Downtown,Ghana,GHS,8-May-25,583,1531751.55,3638572.56,10,8,5,21,-186897.1
106,  Accra Downtown  ,Ghana,GHS,7-May-25,202,1438277.14,204307.17,12,10,45,21,389684.04
106,ACCRA DOWNTOWN,Ghana,Ghs,6/5/2025,772,4296206.41,3563708.07,8,6,0,6,147938.1
106,  Accra Downtown  ,Ghana,ghs,5/5/2025,587,1546475.58,605544.8,1,3,5,6,110641.87
106,accra downtown,Ghana,ghs,5/4/2025,398,4622002,3675583.28,9,5,45,8,338636.98
106,accra downtown,Ghana,ghs,5/3/2025,791,230935.06,1968561.67,3,0,45,13,452636.14
106,ACCRA DOWNTOWN,Ghana,GHS,5/2/2025,583,3842591.92,3740495.89,0,9,5,13,247195.6
106,accra downtown,Ghana,Ghs,5/1/2025,333,2684765.24,3875296.13,3,4,5,8,-89752.79
106,ACCRA DOWNTOWN,Ghana,ghs,4/30/2025,605,1784074.78,1626500.31,4,4,0,22,-28622.45
106,  Accra Downtown  ,Ghana, Ghs ,4/29/2025,101,693866.31,2380141.12,1,1,5,16,-162340.09
106,Accra Downtown,Ghana,Ghs,28/04/2025,369,1695043.87,1030828.33,2,7,5,22,-107743.3
106,  Accra Downtown  ,Ghana, Ghs ,27/04/2025,531,1196886.36,1157782.55,8,5,0,16,-71652.85
106,  Accra Downtown  ,Ghana, Ghs ,26-Apr-25,549,199807.45,2402905.09,11,7,45,18,392036.38
106,accra downtown,Ghana,GHS,25-Apr-25,465,4096886.82,3993950.98,10,8,45,24,-150353.21
106,Accra Downtown,Ghana, Ghs ,24-Apr-25,294,3123330.45,2762347.64,15,6,15,6,38499.91
106,Accra Downtown,Ghana,Ghs,23/04/2025,607,3485959.13,906773.01,2,9,45,19,-119974
106,ACCRA DOWNTOWN,Ghana, Ghs ,22/04/2025,230,1574776.83,2058678.8,3,10,5,23,339940.37
106,ACCRA DOWNTOWN,Ghana,GHS,21/04/2025,272,4094316.27,4441944.61,0,2,5,25,-95548.5
106,Accra Downtown,Ghana,ghs,20-Apr-25,260,3423508.1,1617158.7,9,6,5,15,493202.48
106,Accra Downtown,Ghana,ghs,4/19/2025,351,358932.26,4510324.69,1,0,15,21,374527.3
106,  Accra Downtown  ,Ghana,GHS,18-Apr-25,290,2186991.73,2971311.18,10,6,0,16,67095.53
106,Accra Downtown,Ghana,ghs,4/17/2025,242,2799336.81,4224471.97,11,6,30,8,1929.61
106,ACCRA DOWNTOWN,Ghana,GHS,4/16/2025,197,3620629.2,2459171.62,13,2,0,6,-103945.81
106,Accra Downtown,Ghana,ghs,15/04/2025,515,2571603.83,2782647.65,14,6,65,15,-41981.36
106,Accra Downtown,Ghana,ghs,14/04/2025,779,2533557.58,2083647.18,11,0,15,5,197704.7
106,Accra Downtown,Ghana,GHS,13-Apr-25,195,3664418.07,2655719.87,8,7,0,20,-145235.78
106,ACCRA DOWNTOWN,Ghana,Ghs,4/12/2025,677,311232.65,1750553.55,0,7,0,18,158864.18
106,  Accra Downtown  ,Ghana, Ghs ,11/4/2025,411,4804877.45,4001204.95,9,2,15,5,286535.81
106,  Accra Downtown  ,Ghana,GHS,10-Apr-25,694,2392144.63,886942.24,1,10,30,13,366227.05
106,ACCRA DOWNTOWN,Ghana,ghs,4/9/2025,567,430468.18,3929625.97,8,2,0,23,-3319.65
106,ACCRA DOWNTOWN,Ghana,ghs,8-Apr-25,655,3707887.81,3312820.42,11,2,0,12,347769.39
106,ACCRA DOWNTOWN,Ghana,Ghs,4/7/2025,136,4838360.89,2997943.25,4,7,5,17,339257.45
106,accra downtown,Ghana,ghs,4/6/2025,641,3685087.5,1758124.81,8,1,30,5,-82679.72
106,Accra Downtown,Ghana,ghs,5/4/2025,438,3433374.29,1980848.91,8,2,5,20,409194.42
106,Accra Downtown,Ghana, Ghs ,4/4/2025,744,1612658.69,2674754.44,1,1,0,21,246196.91
106,  Accra Downtown  ,Ghana,Ghs,3/4/2025,326,1372084.69,536470.1,12,7,15,25,324363.64
106,accra downtown,Ghana,Ghs,4/2/2025,610,102361.05,91957.02,2,0,15,17,-131610.87
107,  Kumasi Branch  ,Ghana,ghs,6/30/2025,792,1452320.24,1005743.68,0,9,30,6,-160182.66
107,KUMASI BRANCH,Ghana,GHS,6/29/2025,138,4289382.08,693040.9,5,1,90,9,-22664.98
107,KUMASI BRANCH,Ghana, Ghs ,28/06/2025,333,3858327.69,3476496.38,10,4,30,9,346511.91
107,Kumasi Branch,Ghana, Ghs ,27-Jun-25,390,4979994.91,1328281.1,8,2,45,18,-151421.06
107,kumasi branch,Ghana, Ghs ,6/26/2025,161,762169.37,3855101.25,6,9,15,24,-125625.2
107,KUMASI BRANCH,Ghana,GHS,25/06/2025,124,398541.02,3651348.5,14,0,30,19,-95802.01
107,Kumasi Branch,Ghana,Ghs,6/24/2025,205,3515273.24,4527856.84,0,8,90,19,134697.6
107,KUMASI BRANCH,Ghana,ghs,23/06/2025,53,1952898.18,3461843.48,15,1,45,22,174712.85
107,  Kumasi Branch  ,Ghana, Ghs ,22-Jun-25,106,3179749.01,4796178.24,2,5,5,21,397339.45
107,Kumasi Branch,Ghana,Ghs,21-Jun-25,713,1055446.33,2794653.58,12,10,0,10,9209.24
107,  Kumasi Branch  ,Ghana, Ghs ,20/06/2025,136,4431810.07,2218019.56,6,2,65,5,-64835.1
107,KUMASI BRANCH,Ghana,Ghs,6/19/2025,561,2693003.23,4179538.95,14,0,5,5,37499.57
107,KUMASI BRANCH,Ghana, Ghs ,18-Jun-25,171,1097806.97,3286557.18,14,10,45,21,-95732.46
107,KUMASI BRANCH,Ghana,ghs,6/17/2025,550,3286466.06,2382537.2,1,3,90,24,-108623.59
107,  Kumasi Branch  ,Ghana,GHS,6/16/2025,517,3075568.15,4184993.18,2,1,15,7,148000.45
107,kumasi branch,Ghana, Ghs ,6/15/2025,395,4067029.1,4911854.13,12,5,0,7,483097.29
107,kumasi branch,Ghana,GHS,6/14/2025,657,908565.86,362948.34,8,2,5,17,-82364.4
107,Kumasi Branch,Ghana,ghs,13-Jun-25,645,251459.53,544840.86,12,2,15,4,415738.86
107,kumasi branch,Ghana,GHS,6/12/2025,773,3276191.17,4440229.95,13,7,0,8,-55687.85
107,Kumasi Branch,Ghana,ghs,11-Jun-25,228,3072163.04,236225,5,7,15,23,465208.64
107,KUMASI BRANCH,Ghana,ghs,10-Jun-25,246,631663.72,2674485.15,3,9,5,15,403911.74
107,kumasi branch,Ghana,Ghs,6/9/2025,104,1008909.02,3993234.21,15,7,5,9,-88168.28
107,  Kumasi Branch  ,Ghana,Ghs,6/8/2025,264,2201624.63,1704758.41,14,0,0,7,318291.82
107,KUMASI BRANCH,Ghana, Ghs ,6/7/2025,577,624522.17,4480641.92,14,9,0,22,28180.62
107,  Kumasi Branch  ,Ghana,ghs,6/6/2025,847,595157.7,1177521.22,7,6,30,10,62872.67
107,Kumasi Branch,Ghana,GHS,6/5/2025,496,767459.3,4643041.23,14,2,0,16,61439.56
107,  Kumasi Branch  ,Ghana,Ghs,4/6/2025,257,1712662.12,208868.25,1,4,30,8,-122223.51
107,kumasi branch,Ghana,Ghs,3/6/2025,275,4437724.41,3037998.12,5,9,5,21,398502.82
107,Kumasi Branch,Ghana,ghs,6/2/2025,655,2393770.51,2340676.44,0,6,5,11,-26517.99
107,kumasi branch,Ghana,GHS,1/6/2025,477,4901911,248290.47,15,8,15,5,97988.35
107,KUMASI BRANCH,Ghana, Ghs ,31/05/2025,557,1240531.89,2814510.48,0,6,5,10,-107101.6
107,KUMASI BRANCH,Ghana,GHS,30-May-25,541,3361726.26,850924.03,14,9,0,22,-182910.57
107,kumasi branch,Ghana, Ghs ,29/05/2025,239,3959800.63,1883581.28,14,10,5,4,402267.86
107,  Kumasi Branch  ,Ghana,GHS,5/28/2025,353,2158216.15,1385457.43,6,10,5,6,234318.65
107,KUMASI BRANCH,Ghana,Ghs,27-May-25,102,599284.39,1859674.75,1,5,30,15,-77312.82
107,kumasi branch,Ghana,ghs,5/26/2025,392,1231231.89,612110.51,15,9,15,10,327221.45
107,  Kumasi Branch  ,Ghana, Ghs ,5/25/2025,333,319576.99,1895428.2,14,7,5,20,168677.82
107,  Kumasi Branch  ,Ghana, Ghs ,5/24/2025,685,1872321.97,3382867.07,2,3,5,18,-138883.87
107,  Kumasi Branch  ,Ghana,GHS,23/05/2025,161,865592.77,604521.67,4,7,65,8,412495.2
107,kumasi branch,Ghana, Ghs ,5/22/2025,405,2129643.37,3701660.76,0,4,0,10,-155935.34
107,  Kumasi Branch  ,Ghana, Ghs ,5/21/2025,642,1746822.77,3247953.57,10,7,45,22,266098.74
107,kumasi branch,Ghana,Ghs,20/05/2025,225,3956875.14,1172570.59,11,4,5,5,-96163.17
107,kumasi branch,Ghana,ghs,19-May-25,778,2699817.59,952288.53,5,10,5,8,-87121.7
107,  Kumasi Branch  ,Ghana,ghs,5/18/2025,501,1339015.63,963258.09,1,10,0,14,484615.79
107,kumasi branch,Ghana,Ghs,5/17/2025,174,4606148.18,2052583.54,15,2,5,18,449467.9
107,  Kumasi Branch  ,Ghana,Ghs,5/16/2025,535,4485088.4,4849547.51,4,9,0,18,37079.1
107,KUMASI BRANCH,Ghana,ghs,5/15/2025,744,2777251.95,1575006.89,12,9,30,11,112180.88
107,kumasi branch,Ghana,ghs,5/14/2025,850,4681542.13,1425739.49,0,1,5,21,394615.97
107,Kumasi Branch,Ghana,ghs,5/13/2025,552,1622901.17,3045135.22,1,10,120,15,78290.6
107,  Kumasi Branch  ,Ghana,GHS,12/5/2025,341,1757355.06,1575022.46,14,8,5,6,-49013.39
107,Kumasi Branch,Ghana, Ghs ,11/5/2025,345,860762.2,3653603.32,13,6,30,8,384858.07
107,  Kumasi Branch  ,Ghana, Ghs ,5/10/2025,587,4933859.82,377273.12,12,1,0,4,86622.45
107,Kumasi Branch,Ghana,ghs,9-May-25,254,970731.77,1939759.19,15,0,5,13,384209.64
107,Kumasi Branch,Ghana,ghs,8-May-25,77,3966536.76,812418.65,9,10,5,24,130778.82
107,Kumasi Branch,Ghana,ghs,7-May-25,79,640805.58,1422224.32,2,9,5,15,206746.04
107,Kumasi Branch,Ghana,GHS,6/5/2025,432,2587003.05,2897555.25,8,2,65,22,-159042.72
107,kumasi branch,Ghana,Ghs,5-May-25,217,311797.23,1837759.07,11,0,5,13,4164.87
107,kumasi branch,Ghana,GHS,5/4/2025,663,3775511.11,2741376.06,10,10,15,13,-9978.72
107,  Kumasi Branch  ,Ghana,ghs,3-May-25,63,727899.76,1443017.91,15,6,0,14,444635.16
107,kumasi branch,Ghana,ghs,5/2/2025,242,3985778.35,2815343.31,3,6,0,18,441221.81
107,KUMASI BRANCH,Ghana, Ghs ,5/1/2025,406,1592288.66,1844714.4,14,9,45,20,334512.68
107,  Kumasi Branch  ,Ghana,GHS,30-Apr-25,812,4082141.84,1150671.35,4,3,0,13,-112259.07
107,Kumasi Branch,Ghana,GHS,4/29/2025,129,143091.74,2447061.73,13,0,120,10,-124527.83
107,  Kumasi Branch  ,Ghana,GHS,4/28/2025,117,1543146.74,100848.36,3,1,5,23,-56219.17
107,  Kumasi Branch  ,Ghana,GHS,4/27/2025,142,770507.04,3743680.16,8,9,0,15,46542.29
107,KUMASI BRANCH,Ghana,GHS,4/26/2025,889,2911761.71,119222.34,6,3,15,13,-79758.58
107,KUMASI BRANCH,Ghana,ghs,4/25/2025,566,4263919.21,2399841.74,5,7,120,25,470423.42
107,Kumasi Branch,Ghana, Ghs ,4/24/2025,269,2595542.46,2067510.95,10,1,45,18,-122778.69
107,  Kumasi Branch  ,Ghana,Ghs,4/23/2025,620,3624576.03,457127.33,15,1,5,16,-1471.99
107,Kumasi Branch,Ghana,ghs,22-Apr-25,617,2066046.99,4925563.52,13,3,30,6,426328.25
107,  Kumasi Branch  ,Ghana,ghs,21/04/2025,63,4993680.46,2483659.45,3,6,90,18,165863.66
107,Kumasi Branch,Ghana, Ghs ,4/20/2025,761,2973258.3,553524.67,5,1,0,15,482645.25
107,Kumasi Branch,Ghana,GHS,19-Apr-25,288,4198640.2,3639742.48,8,9,0,22,-8919.05
107,Kumasi Branch,Ghana, Ghs ,18/04/2025,573,1430508.63,3851597.8,3,1,5,12,142538.97
107,kumasi branch,Ghana,GHS,4/17/2025,151,3702101.86,4160046.72,15,10,15,4,480450.79
107,  Kumasi Branch  ,Ghana,ghs,16/04/2025,360,3128735.47,526851.46,2,10,15,20,337300.48
107,Kumasi Branch,Ghana, Ghs ,15/04/2025,566,1345243.11,1750897.47,0,0,0,17,416087.97
107,  Kumasi Branch  ,Ghana, Ghs ,4/14/2025,503,2325298.38,212655.99,9,2,5,19,101476.78
107,Kumasi Branch,Ghana,GHS,13-Apr-25,632,3391371.67,3317389.02,15,7,30,21,398046.03
107,Kumasi Branch,Ghana, Ghs ,4/12/2025,681,3398614.53,3844030.3,9,5,5,5,-180297.11
107,  Kumasi Branch  ,Ghana,Ghs,4/11/2025,878,3723182.81,183154.22,10,6,0,7,99703.73
107,KUMASI BRANCH,Ghana,ghs,10-Apr-25,303,1211379.34,1594892.66,2,1,5,13,-119870.09
107,  Kumasi Branch  ,Ghana,GHS,4/9/2025,521,3305950.54,2141241.55,13,4,0,4,287170.93
107,Kumasi Branch,Ghana, Ghs ,4/8/2025,380,2884066.29,4051216.51,3,10,120,10,35177.22
107,  Kumasi Branch  ,Ghana,Ghs,7-Apr-25,496,1048705.2,3195448.79,2,8,0,10,1148.89
107,Kumasi Branch,Ghana,ghs,4/6/2025,689,3727295.73,505191.28,3,9,0,14,-8644.55
107,  Kumasi Branch  ,Ghana,GHS,5/4/2025,717,4127507.8,2547965.7,9,6,5,25,177963.31
107,  Kumasi Branch  ,Ghana, Ghs ,4/4/2025,737,3829038.96,943974.21,0,10,5,20,403896.86
107,Kumasi Branch,Ghana,Ghs,3/4/2025,703,2686960.71,3091390.37,13,9,0,24,-158082.84
107,kumasi branch,Ghana,ghs,4/2/2025,204,3744845.91,3839373.91,13,6,5,14,402130.16
108,Nairobi CBD,Kenya,Kes,6/30/2025,893,1470870.76,844892.34,7,6,15,11,-120509
108,  Nairobi CBD  ,Kenya, Kes ,6/29/2025,547,2821133.8,2208857.91,1,3,0,9,-9101.63
108,  Nairobi CBD  ,Kenya,kes,6/28/2025,709,4269979.04,4820745.11,15,0,0,5,401708.8
108,  Nairobi CBD  ,Kenya,KES,6/27/2025,466,4489027.56,3374776.76,2,6,5,8,-34771.19
108,  Nairobi CBD  ,Kenya, Kes ,6/26/2025,142,1228480.43,655270.33,10,5,15,22,316065.45
108,nairobi cbd,Kenya,kes,6/25/2025,159,917013.56,4851121.21,14,6,90,12,404029.95
108,  Nairobi CBD  ,Kenya,KES,6/24/2025,374,2751437.91,2400527.91,7,4,5,8,54098.61
108,NAIROBI CBD,Kenya,KES,23-Jun-25,807,3328006,4707198.97,7,4,45,21,69283.15
108,NAIROBI CBD,Kenya,kes,22-Jun-25,503,1972931.52,4553456.04,12,4,65,13,-136824.77
108,nairobi cbd,Kenya, Kes ,6/21/2025,696,1620062.57,4070626.41,13,0,0,12,406511.21
108,Nairobi CBD,Kenya,Kes,20/06/2025,784,2140711.7,4596803.68,3,2,5,12,154434.16
108,  Nairobi CBD  ,Kenya, Kes ,19-Jun-25,761,185386.92,307889.17,5,10,5,18,353713.52
108,nairobi cbd,Kenya,Kes,6/18/2025,371,2900256.26,598599.59,7,8,0,24,334213.89
108,  Nairobi CBD  ,Kenya, Kes ,17/06/2025,539,4373853.93,710873.52,5,10,45,22,378738.03
108,Nairobi CBD,Kenya,Kes,16-Jun-25,236,1997796.19,1917734.14,7,0,0,4,446178.65
108,Nairobi CBD,Kenya,kes,6/15/2025,318,3521242.71,885341.98,12,9,65,17,220274.91
108,  Nairobi CBD  ,Kenya,kes,6/14/2025,630,630885.07,3606987.95,13,7,0,25,145904.32
108,nairobi cbd,Kenya,Kes,6/13/2025,344,3744893,1941263.9,13,3,30,23,-49103.38
108,nairobi cbd,Kenya, Kes ,12-Jun-25,234,2072194.3,772417.12,9,4,30,11,232376.17
108,Nairobi CBD,Kenya,KES,6/11/2025,60,2370963.96,4363645.2,12,10,5,10,299335.16
108,  Nairobi CBD  ,Kenya,KES,10/6/2025,147,2807149.87,307957.43,7,7,30,15,497717.61
108,Nairobi CBD,Kenya,Kes,6/9/2025,454,3372747,704579.36,1,9,0,9,-17795.84
108,Nairobi CBD,Kenya,kes,8/6/2025,141,1620721.06,2675597.81,4,4,90,7,19288.73
108,  Nairobi CBD  ,Kenya,Kes,6/7/2025,490,1450481.27,4390835.11,8,8,5,14,105042.76
108,Nairobi CBD,Kenya,kes,6/6/2025,619,4272516.62,3304226.41,14,0,5,10,-95965.44
108,Nairobi CBD,Kenya,Kes,6/5/2025,217,3544516.17,2210327.84,15,0,0,18,49564.08
108,NAIROBI CBD,Kenya,kes,4/6/2025,176,1780541.29,1058481.87,9,2,5,9,324955.66
108,nairobi cbd,Kenya,KES,3-Jun-25,588,3845895.77,943815.79,2,3,15,19,273835.96
108,NAIROBI CBD,Kenya, Kes ,2-Jun-25,432,2972175.56,4758538.26,10,2,0,4,-143255.73
108,  Nairobi CBD  ,Kenya,KES,1/6/2025,387,4850364.04,3298055.15,14,5,5,22,-109475.86
108,  Nairobi CBD  ,Kenya,Kes,5/31/2025,867,324898.37,400084.24,12,1,45,16,-21385.27
108,Nairobi CBD,Kenya,KES,5/30/2025,71,4269111.87,856556.39,12,4,90,24,326791
108,Nairobi CBD,Kenya, Kes ,5/29/2025,803,4041448.32,1585001.47,4,5,0,25,-132721.95
108,Nairobi CBD,Kenya, Kes ,28-May-25,447,2408376.45,2837132.53,13,1,15,17,367696.05
108,Nairobi CBD,Kenya,KES,5/27/2025,91,2591040.22,4867695.36,7,10,5,25,299544.84
108,NAIROBI CBD,Kenya,Kes,26/05/2025,529,2214909.82,4540678.17,15,4,15,8,488930.36
108,Nairobi CBD,Kenya,Kes,25-May-25,632,286254.96,428835.97,1,8,45,7,157456.11
108,  Nairobi CBD  ,Kenya,Kes,24/05/2025,310,2948561.03,3854801.53,0,1,0,25,124015.26
108,NAIROBI CBD,Kenya,KES,5/23/2025,476,4389938.97,1523355.2,14,10,45,18,236667.28
108,nairobi cbd,Kenya,kes,22-May-25,239,437191.62,4911821.63,8,10,5,7,103659.24
108,NAIROBI CBD,Kenya,KES,5/21/2025,225,3296214.81,2327806.94,12,10,0,23,308137.98
108,  Nairobi CBD  ,Kenya, Kes ,20-May-25,873,1548150.46,669192.98,0,3,15,7,371177.76
108,nairobi cbd,Kenya, Kes ,5/19/2025,714,768513.24,1246812.08,6,1,65,13,338804.8
108,NAIROBI CBD,Kenya,KES,5/18/2025,220,4516955.91,3706966.85,14,7,5,19,-186260.55
108,nairobi cbd,Kenya,Kes,17/05/2025,633,4155781.27,1989080.3,10,0,15,7,241286.92
108,Nairobi CBD,Kenya,Kes,16/05/2025,87,2463107.74,2456199.76,15,3,120,5,169816.17
108,NAIROBI CBD,Kenya,Kes,15/05/2025,713,2114830.42,2393022.96,15,9,15,24,42734.88
108,  Nairobi CBD  ,Kenya,kes,14/05/2025,530,1752044.58,1198910.41,7,9,0,25,37407.1
108,  Nairobi CBD  ,Kenya, Kes ,13/05/2025,476,4173749.69,3381881.1,11,7,0,9,235289.66
108,NAIROBI CBD,Kenya, Kes ,12-May-25,182,907790.96,823754.77,15,1,30,17,460138.29
108,nairobi cbd,Kenya,KES,11/5/2025,68,1825994.43,1340999.64,5,2,5,20,-177620.99
108,NAIROBI CBD,Kenya,kes,5/10/2025,173,2831808.17,2457508.22,10,5,5,5,339066.43
108,NAIROBI CBD,Kenya,KES,9-May-25,498,4004985.08,4815103.19,3,1,65,23,226759.09
108,NAIROBI CBD,Kenya,KES,5/8/2025,221,3168134.27,4360803.9,11,2,45,13,295714.35
108,NAIROBI CBD,Kenya,kes,7/5/2025,712,1850497.69,4104845.87,3,3,30,18,478745.67
108,Nairobi CBD,Kenya,Kes,5/6/2025,343,2549862.5,471907.62,11,6,0,15,240608.28
108,Nairobi CBD,Kenya,kes,5/5/2025,191,4018754.96,2096376.62,13,7,0,20,356225.14
108,Nairobi CBD,Kenya,kes,4-May-25,838,99246.13,4040921.99,2,1,90,14,20363.2
108,Nairobi CBD,Kenya,KES,5/3/2025,726,4616468.36,797212.9,1,10,5,25,413069.33
108,  Nairobi CBD  ,Kenya,Kes,2-May-25,402,89116.06,1434914.69,4,6,5,18,250715.54
108,Nairobi CBD,Kenya,kes,1/5/2025,358,467190.57,2710295.79,12,2,30,20,494346.78
108,  Nairobi CBD  ,Kenya,Kes,30-Apr-25,825,3196643.25,165937.62,8,3,0,13,308556.47
108,  Nairobi CBD  ,Kenya,Kes,4/29/2025,692,2562121.92,662874.44,3,7,30,13,200704.7
108,nairobi cbd,Kenya,kes,4/28/2025,408,1531047.97,3351265.75,4,6,5,20,316258.63
108,nairobi cbd,Kenya,Kes,4/27/2025,515,535039.77,3572620.08,13,1,5,6,-156464.43
108,Nairobi CBD,Kenya,KES,4/26/2025,428,3400271.09,2043630.85,12,4,5,22,149179.11
108,Nairobi CBD,Kenya, Kes ,25/04/2025,893,856071.73,2553640.16,15,7,120,8,477622.26
108,Nairobi CBD,Kenya, Kes ,4/24/2025,83,3745156.71,4723144.33,11,1,30,23,396622.46
108,  Nairobi CBD  ,Kenya,KES,4/23/2025,585,808857.33,1888763.4,11,4,0,13,140147.88
108,Nairobi CBD,Kenya,KES,4/22/2025,362,4450833.17,1117128.21,15,0,0,7,183276.11
108,Nairobi CBD,Kenya, Kes ,4/21/2025,636,1583024.3,2289253.42,10,6,65,19,384121.99
108,Nairobi CBD,Kenya, Kes ,4/20/2025,733,2272919.96,4338410.49,10,1,45,23,265151.62
108,Nairobi CBD,Kenya,Kes,19/04/2025,603,276807.59,3368697.01,14,4,5,24,-138029.08
108,  Nairobi CBD  ,Kenya,KES,4/18/2025,709,2818796.48,1002512.33,1,9,30,20,-67422.89
108,NAIROBI CBD,Kenya,KES,17/04/2025,724,4684099.96,939729.84,0,4,15,10,-28299.31
108,  Nairobi CBD  ,Kenya, Kes ,16/04/2025,653,272669.04,4316772.96,0,5,0,17,-73644.4
108,  Nairobi CBD  ,Kenya, Kes ,4/15/2025,313,500574.17,4899941.26,5,4,65,8,-72131.75
108,Nairobi CBD,Kenya,kes,4/14/2025,110,3091653.37,1660188.95,0,0,0,13,72957.8
108,  Nairobi CBD  ,Kenya,Kes,13-Apr-25,434,4710808.7,4502532.44,1,3,0,11,326493.62
108,Nairobi CBD,Kenya,KES,4/12/2025,325,350128.29,2350876.49,13,1,5,19,-179765.49
108,NAIROBI CBD,Kenya,Kes,4/11/2025,617,4819199.7,3391732.27,7,8,65,24,349649.93
108,Nairobi CBD,Kenya,KES,10-Apr-25,701,2527140.25,3925263.86,4,5,15,21,489716.1
108,Nairobi CBD,Kenya, Kes ,4/9/2025,92,54955.24,2350027.67,9,10,15,9,-199619.95
108,  Nairobi CBD  ,Kenya, Kes ,8/4/2025,409,4220071.43,1103132.97,9,0,0,9,317428.06
108,Nairobi CBD,Kenya,KES,4/7/2025,900,741268.83,2804571.45,8,6,5,10,227311.72
108,  Nairobi CBD  ,Kenya,Kes,6-Apr-25,820,3553382.76,1401415.04,10,5,65,10,121859.54
108,nairobi cbd,Kenya,KES,5-Apr-25,673,2408818.3,4512152.72,5,6,0,21,426687.72
108,NAIROBI CBD,Kenya,KES,4/4/2025,601,203190.23,4168815.13,14,10,45,7,47096.31
108,  Nairobi CBD  ,Kenya, Kes ,3/4/2025,231,4203771.67,4068755.06,0,1,45,18,59336.45
108,nairobi cbd,Kenya,KES,4/2/2025,826,1441615.69,4610923.51,11,3,5,6,371396.58
109,mombasa coastal,Kenya,kes,30-Jun-25,555,4838117.71,232140.41,15,9,45,10,-195005.22
109,  Mombasa Coastal  ,Kenya, Kes ,29/06/2025,224,2781336.68,3316200.18,5,1,0,22,-110227.52
109,mombasa coastal,Kenya,Kes,6/28/2025,246,4245952.53,164431.65,8,10,0,21,418171.36
109,MOMBASA COASTAL,Kenya,Kes,6/27/2025,492,4229490.69,2064035.68,3,10,90,20,126610.71
109,MOMBASA COASTAL,Kenya,kes,26-Jun-25,98,1425768.5,2129307.24,14,5,15,4,74301.22
109,MOMBASA COASTAL,Kenya,kes,25-Jun-25,756,2147910.27,418479.82,7,3,0,9,30457.24
109,MOMBASA COASTAL,Kenya,KES,6/24/2025,541,2188147.27,168916.47,10,4,15,11,-124511.54
109,MOMBASA COASTAL,Kenya,Kes,6/23/2025,582,3980850.04,4720560.51,14,1,90,24,112519.33
109,MOMBASA COASTAL,Kenya,KES,6/22/2025,436,1600733.2,4246076.12,2,2,0,5,443381.05
109,Mombasa Coastal,Kenya,KES,21/06/2025,154,3403944.06,2818327.36,9,6,0,16,-132918.82
109,MOMBASA COASTAL,Kenya, Kes ,20/06/2025,443,2347835.01,2169123.42,3,5,0,24,456309.4
109,  Mombasa Coastal  ,Kenya,kes,6/19/2025,160,558313.79,2996116.78,2,9,5,10,433058.99
109,  Mombasa Coastal  ,Kenya,Kes,6/18/2025,481,2432926.55,3123211.89,5,3,15,8,357917.91
109,Mombasa Coastal,Kenya,Kes,6/17/2025,368,2939146.31,2728661.35,4,2,0,19,16072.09
109,MOMBASA COASTAL,Kenya,kes,16-Jun-25,108,1225067.41,4104959.75,1,6,0,15,-63215.01
109,mombasa coastal,Kenya,KES,6/15/2025,399,987310.08,2404839.05,14,9,15,14,396406.08
109,Mombasa Coastal,Kenya,Kes,14-Jun-25,216,568997.09,4386722.12,1,7,15,11,443967.51
109,Mombasa Coastal,Kenya,kes,6/13/2025,294,2429693.73,3853324.63,10,6,30,10,80218.8
109,MOMBASA COASTAL,Kenya,Kes,6/12/2025,80,2795723.45,754889.77,14,3,5,24,209980.47
109,MOMBASA COASTAL,Kenya,kes,11-Jun-25,252,1456299.38,1133777.95,8,2,0,14,393273.93
109,MOMBASA COASTAL,Kenya,kes,6/10/2025,318,4557712.3,153919.11,4,6,0,24,351189.86
109,mombasa coastal,Kenya,Kes,6/9/2025,517,1238742.17,4056964.46,5,8,5,23,417164.66
109,mombasa coastal,Kenya,kes,6/8/2025,246,2686145.82,3487051.79,10,9,0,17,483887.08
109,mombasa coastal,Kenya,Kes,6/7/2025,858,785406.25,1273499.66,8,2,90,20,477869.02
109,MOMBASA COASTAL,Kenya, Kes ,6/6/2025,859,3334335.88,371121.55,12,10,0,20,61986.26
109,  Mombasa Coastal  ,Kenya, Kes ,5/6/2025,782,4780971.87,2395102.87,12,10,0,22,254816.08
109,mombasa coastal,Kenya, Kes ,6/4/2025,290,2009704.88,1564695.23,12,9,0,9,454849.23
109,MOMBASA COASTAL,Kenya,kes,3-Jun-25,819,465939.34,2250301.31,11,3,0,22,-171199.95
109,Mombasa Coastal,Kenya, Kes ,2-Jun-25,468,1869184.11,2512838.16,8,6,5,4,-74303.99
109,MOMBASA COASTAL,Kenya,Kes,6/1/2025,134,1507863.22,2533736.35,2,4,0,11,-131113.62
109,mombasa coastal,Kenya,Kes,5/31/2025,251,3391781.26,1287617.03,8,3,5,23,498596.99
109,  Mombasa Coastal  ,Kenya,Kes,30-May-25,892,1765830.18,4984369.56,12,9,0,24,-191676.5
109,mombasa coastal,Kenya,kes,5/29/2025,790,3758228.52,2398469.35,14,7,65,14,354340.42
109,Mombasa Coastal,Kenya, Kes ,28-May-25,264,2221469.97,4272073.42,0,5,45,8,204255.91
109,MOMBASA COASTAL,Kenya, Kes ,5/27/2025,879,3311298.23,1805579.09,7,6,5,17,280033.96
109,  Mombasa Coastal  ,Kenya,Kes,26/05/2025,651,165037.21,3937521.16,4,2,45,14,197733.62
109,mombasa coastal,Kenya, Kes ,25/05/2025,115,2695728.37,982276.46,3,5,120,22,473356.7
109,MOMBASA COASTAL,Kenya,kes,24-May-25,82,4141050.4,3036651.37,0,2,0,10,-151356.28
109,mombasa coastal,Kenya,Kes,23/05/2025,725,2645758.7,2300585.25,11,8,0,4,-79722
109,MOMBASA COASTAL,Kenya,kes,22/05/2025,599,2121145.36,3728556.63,12,3,5,8,409314.35
109,Mombasa Coastal,Kenya,kes,21-May-25,668,2896702.35,1586052.99,6,8,5,25,121269.51
109,mombasa coastal,Kenya, Kes ,5/20/2025,115,4131683.99,3044000.57,7,8,0,14,437211.78
109,MOMBASA COASTAL,Kenya,KES,19/05/2025,344,3249180.73,4598534.54,11,4,5,16,229119.26
109,mombasa coastal,Kenya, Kes ,5/18/2025,518,1954091.73,3312446.18,3,6,5,5,-32213.32
109,  Mombasa Coastal  ,Kenya,KES,5/17/2025,764,3646361.89,4516061.86,15,6,0,21,-115138.56
109,MOMBASA COASTAL,Kenya,Kes,16-May-25,469,2282133.12,1301194.76,1,7,0,4,-148763.16
109,Mombasa Coastal,Kenya,kes,15/05/2025,456,236984.57,1290498.38,4,5,5,25,324073.22
109,MOMBASA COASTAL,Kenya,kes,14/05/2025,780,4752591.2,744266.01,8,2,5,9,386947.1
109,MOMBASA COASTAL,Kenya, Kes ,5/13/2025,222,434047.23,3829765.78,8,2,0,18,50660.89
109,mombasa coastal,Kenya, Kes ,5/12/2025,763,286392.31,3192212.54,3,6,30,13,110790.68
109,Mombasa Coastal,Kenya,kes,5/11/2025,305,1904491.28,1230774.6,2,0,0,17,-180439.08
109,mombasa coastal,Kenya,KES,5/10/2025,275,4795789.01,528185.87,5,2,5,5,90976.01
109,  Mombasa Coastal  ,Kenya,kes,5/9/2025,689,1075240.61,2731428.13,13,1,45,11,-50354.01
109,MOMBASA COASTAL,Kenya, Kes ,8-May-25,719,1615389.1,1976473.96,14,3,5,6,260573.19
109,  Mombasa Coastal  ,Kenya,KES,7-May-25,118,4433027.25,2084929.34,15,1,15,21,353881.84
109,MOMBASA COASTAL,Kenya,Kes,5/6/2025,696,3496761.06,3405607.59,4,5,0,9,244747.42
109,Mombasa Coastal,Kenya,KES,5-May-25,393,137361.55,4564911.11,14,6,120,20,248414.37
109,MOMBASA COASTAL,Kenya,kes,5/4/2025,71,3100925.94,4489058.16,9,3,15,17,330072.02
109,  Mombasa Coastal  ,Kenya, Kes ,5/3/2025,353,1049958.35,1909952.32,1,3,0,23,491985.96
109,  Mombasa Coastal  ,Kenya,kes,2/5/2025,334,1621816.37,3945505.87,1,8,30,17,253632.5
109,mombasa coastal,Kenya,Kes,1-May-25,400,1249132.47,2719593.17,7,10,45,11,225644.24
109,mombasa coastal,Kenya, Kes ,30/04/2025,694,79911.17,4355840.36,2,3,15,5,244056.87
109,mombasa coastal,Kenya,KES,4/29/2025,227,2983521.72,4164543.35,6,3,90,20,-145284.84
109,mombasa coastal,Kenya,kes,28/04/2025,484,923355.75,1282398.68,9,9,5,18,477408.07
109,Mombasa Coastal,Kenya,KES,4/27/2025,418,2021310.14,880441.89,14,6,0,20,226575.95
109,Mombasa Coastal,Kenya,KES,26/04/2025,830,1938025.59,4277508.94,9,9,45,21,-93040.9
109,Mombasa Coastal,Kenya,Kes,4/25/2025,514,1451967.45,2832603.4,15,1,0,14,-104340.56
109,mombasa coastal,Kenya,KES,24/04/2025,63,4315192.88,3665324.78,11,7,0,16,447983.75
109,  Mombasa Coastal  ,Kenya, Kes ,23/04/2025,551,1573663.59,4938234.21,2,6,120,5,494730.73
109,mombasa coastal,Kenya,kes,4/22/2025,831,2209674.83,1313529.16,11,8,5,19,244485.82
109,Mombasa Coastal,Kenya, Kes ,21-Apr-25,803,1271619.47,2414741.51,11,10,30,25,-180220.74
109,Mombasa Coastal,Kenya,kes,4/20/2025,310,1274703.27,2912791.89,5,0,0,7,339680.53
109,MOMBASA COASTAL,Kenya,kes,19/04/2025,483,870826.86,2163013.79,9,8,5,21,260940.24
109,Mombasa Coastal,Kenya,KES,18/04/2025,161,3199092.23,3894621.02,11,2,15,12,324111.05
109,MOMBASA COASTAL,Kenya,kes,17/04/2025,885,2484030.15,529509.77,13,8,30,17,258164.83
109,  Mombasa Coastal  ,Kenya,kes,16/04/2025,770,714943.71,2458032.73,3,7,0,22,370059.32
109,mombasa coastal,Kenya,kes,4/15/2025,315,4915588.27,4364496.96,14,10,0,23,-123563.19
109,MOMBASA COASTAL,Kenya, Kes ,4/14/2025,177,1419972.9,1743651.99,7,7,0,19,270963.21
109,  Mombasa Coastal  ,Kenya,KES,4/13/2025,731,2933104.97,4938713.23,3,3,0,20,354250.58
109,  Mombasa Coastal  ,Kenya, Kes ,12/4/2025,534,3796712.61,3041639.18,10,5,15,25,423106.54
109,  Mombasa Coastal  ,Kenya, Kes ,11-Apr-25,437,3073504.84,4877760.05,10,1,45,4,119843.48
109,mombasa coastal,Kenya,KES,10/4/2025,666,658327.97,2676615.23,7,5,30,18,232846.19
109,mombasa coastal,Kenya,KES,9/4/2025,703,4789858.36,4072464.29,0,10,15,15,411404.14
109,mombasa coastal,Kenya, Kes ,8-Apr-25,459,3709062.94,3980103.87,11,6,30,19,490810.02
109,  Mombasa Coastal  ,Kenya,kes,4/7/2025,779,758649.15,2624269.42,1,2,30,19,357774.53
109,Mombasa Coastal,Kenya,kes,6-Apr-25,506,4777503.55,2436734.3,7,3,45,10,-80696.89
109,MOMBASA COASTAL,Kenya,kes,4/5/2025,384,4518110.17,3843228.68,7,4,0,25,133411.62
109,Mombasa Coastal,Kenya,KES,4/4/2025,864,3474333.51,4366106,2,10,30,14,63907.23
109,Mombasa Coastal,Kenya,kes,3/4/2025,278,1332515.05,1490333.69,3,1,30,14,318406.85
109,MOMBASA COASTAL,Kenya,Kes,4/2/2025,180,4273985.03,4772639.66,0,4,30,5,213041.85
110,Johannesburg Sandton,South Africa,Zar,6/30/2025,839,1856868.02,3412545.74,4,8,45,25,221132.35
110,JOHANNESBURG SANDTON,South Africa, Zar ,6/29/2025,373,766268.89,4717305.05,7,7,0,25,119049.17
110,JOHANNESBURG SANDTON,South Africa,Zar,28-Jun-25,366,2536771.07,3458569.99,8,9,0,19,241753.95
110,Johannesburg Sandton,South Africa,ZAR,6/27/2025,879,1699065.51,4148029.24,6,3,5,5,446210.5
110,Johannesburg Sandton,South Africa,Zar,6/26/2025,884,3313289.04,4250165.32,0,8,65,16,36187.1
110,Johannesburg Sandton,South Africa, Zar ,25/06/2025,123,2662829.95,1451047.36,6,8,120,16,-131876.3
110,JOHANNESBURG SANDTON,South Africa,Zar,24-Jun-25,518,3290438.23,2906929.17,14,7,45,13,428052.66
110,johannesburg sandton,South Africa,ZAR,6/23/2025,420,3643489.68,2899626.38,4,6,0,17,275611.69
110,JOHANNESBURG SANDTON,South Africa,Zar,6/22/2025,535,939182.75,309736.97,10,9,90,17,478808.88
110,JOHANNESBURG SANDTON,South Africa,zar,21/06/2025,456,2468698.17,3455521.32,5,10,0,16,343094.87
110,Johannesburg Sandton,South Africa,Zar,6/20/2025,697,3283317.6,1868249.13,3,1,45,6,-114563.91
110,Johannesburg Sandton,South Africa,Zar,6/19/2025,760,3739528.51,3982001.39,5,6,0,19,499967.93
110,johannesburg sandton,South Africa,ZAR,18/06/2025,383,364316.59,4548958.59,5,6,0,4,75657.58
110,JOHANNESBURG SANDTON,South Africa,zar,17/06/2025,724,4493131.38,944287.66,5,0,0,21,113063.01
110,johannesburg sandton,South Africa,zar,16-Jun-25,718,847990.8,2834356.24,1,1,0,7,154303.82
110,johannesburg sandton,South Africa, Zar ,15-Jun-25,723,50423.54,1537969.89,9,10,90,21,111444.2
110,  Johannesburg Sandton  ,South Africa,zar,14/06/2025,754,540095.2,4107828.31,7,0,30,10,-100832.87
110,johannesburg sandton,South Africa,Zar,6/13/2025,334,686035.97,3130448.08,2,8,90,12,-17527.89
110,JOHANNESBURG SANDTON,South Africa,Zar,6/12/2025,742,2155449.65,3487851.09,6,1,5,24,312872.43
110,johannesburg sandton,South Africa, Zar ,6/11/2025,891,809782.48,4962622.51,13,6,30,4,474812.39
110,JOHANNESBURG SANDTON,South Africa,ZAR,6/10/2025,750,2764425.48,376498.83,2,5,0,14,344649.67
110,johannesburg sandton,South Africa,Zar,6/9/2025,60,534836.93,4898451.81,7,6,65,7,347913.53
110,  Johannesburg Sandton  ,South Africa, Zar ,6/8/2025,147,2668352.59,3517254.9,9,8,0,12,225226.86
110,Johannesburg Sandton,South Africa,zar,6/7/2025,403,4040120.73,3405168.82,12,7,0,22,-110699.46
110,johannesburg sandton,South Africa,zar,6/6/2025,196,1925063.29,3690340.76,1,10,30,15,295251.69
110,Johannesburg Sandton,South Africa, Zar ,6/5/2025,237,2222852.04,1802307.01,14,8,30,13,-6923.92
110,johannesburg sandton,South Africa,Zar,4/6/2025,700,4296711.3,4739900.51,13,5,15,6,244273.68
110,JOHANNESBURG SANDTON,South Africa,zar,6/3/2025,639,334187.04,3729876.81,15,0,30,17,273923.14
110,JOHANNESBURG SANDTON,South Africa, Zar ,6/2/2025,64,3100618.7,4558887.71,0,6,5,21,324767.57
110,JOHANNESBURG SANDTON,South Africa, Zar ,6/1/2025,222,3388884.73,4415556.3,7,2,120,6,56935.66
110,JOHANNESBURG SANDTON,South Africa, Zar ,5/31/2025,557,1926519.09,1897754.31,3,5,15,25,-25164.34
110,Johannesburg Sandton,South Africa,Zar,5/30/2025,321,1104676.43,3703227.32,12,3,0,13,450376.3
110,Johannesburg Sandton,South Africa,ZAR,5/29/2025,414,79160.97,2328751.69,9,5,90,7,-196391.91
110,JOHANNESBURG SANDTON,South Africa,ZAR,5/28/2025,491,2485628.29,469481.71,4,6,5,7,439176.38
110,  Johannesburg Sandton  ,South Africa,zar,5/27/2025,531,2007026.19,1531460.52,13,2,0,21,368080.7
110,Johannesburg Sandton,South Africa,zar,5/26/2025,193,1801002,2198102.77,11,3,120,7,-67303.05
110,Johannesburg Sandton,South Africa,Zar,5/25/2025,82,843546.88,1035010.02,15,10,0,12,-116845.39
110,johannesburg sandton,South Africa,Zar,24/05/2025,819,3833743.91,4414744.33,12,2,15,7,470375.02
110,  Johannesburg Sandton  ,South Africa,ZAR,5/23/2025,835,3437966.44,307597.19,10,6,0,23,316202.09
110,  Johannesburg Sandton  ,South Africa, Zar ,22/05/2025,134,3816454.49,1276349.13,4,8,5,9,-25373.25
110,johannesburg sandton,South Africa, Zar ,5/21/2025,253,2395769.5,3924448.76,3,8,65,23,-73168.23
110,johannesburg sandton,South Africa, Zar ,5/20/2025,89,1405615.11,1001278.09,4,6,0,4,231527.15
110,Johannesburg Sandton,South Africa, Zar ,5/19/2025,587,1566907.44,3184884.38,7,3,65,14,98253.1
110,JOHANNESBURG SANDTON,South Africa,Zar,5/18/2025,162,1382768.14,1438751.91,11,6,15,11,23888.62
110,JOHANNESBURG SANDTON,South Africa,ZAR,5/17/2025,726,3736535.79,1099288.88,15,4,0,23,-129466.81
110,Johannesburg Sandton,South Africa,Zar,5/16/2025,392,1556565.64,529591.74,0,10,0,21,339324.55
110,  Johannesburg Sandton  ,South Africa,Zar,5/15/2025,293,3268729.3,1089664.84,12,1,5,7,-108660.22
110,johannesburg sandton,South Africa,zar,5/14/2025,771,2256560.52,538255.18,10,4,0,19,492751.23
110,johannesburg sandton,South Africa,ZAR,5/13/2025,180,998948.3,2774953.63,8,8,15,15,426439.12
110,JOHANNESBURG SANDTON,South Africa, Zar ,12/5/2025,119,2439962.06,2642625.67,0,2,15,23,-8095.95
110,JOHANNESBURG SANDTON,South Africa,zar,5/11/2025,808,4081940.85,2500378.21,2,2,0,18,325509.45
110,Johannesburg Sandton,South Africa, Zar ,10/5/2025,671,1393896.24,961128.38,5,9,15,10,214478.93
110,Johannesburg Sandton,South Africa,Zar,5/9/2025,360,4269751.64,1517000.25,8,8,65,7,-80223.63
110,  Johannesburg Sandton  ,South Africa,ZAR,5/8/2025,704,783290.41,4423832.24,4,4,15,5,249689.19
110,johannesburg sandton,South Africa,ZAR,5/7/2025,51,3260795.23,3181780.25,11,5,120,6,462499.48
110,Johannesburg Sandton,South Africa,Zar,6-May-25,382,4927043.36,3148478.76,0,5,30,11,311333.67
110,JOHANNESBURG SANDTON,South Africa,ZAR,5-May-25,789,3741560.46,1940805.84,8,10,0,24,223039.18
110,johannesburg sandton,South Africa,Zar,5/4/2025,325,1059397.23,3167513.27,12,2,45,18,-37793.8
110,Johannesburg Sandton,South Africa,ZAR,3/5/2025,557,948492.04,965888.71,5,3,5,22,143362.87
110,JOHANNESBURG SANDTON,South Africa,Zar,5/2/2025,216,4432002.56,4096621.04,6,1,15,8,-149565.92
110,Johannesburg Sandton,South Africa,ZAR,5/1/2025,791,2657553.82,3647484.89,0,9,5,7,64512.59
110,JOHANNESBURG SANDTON,South Africa,ZAR,4/30/2025,185,1279297.58,463797.95,4,10,0,23,-190552.17
110,JOHANNESBURG SANDTON,South Africa,Zar,4/29/2025,774,470577.71,739188.99,14,2,90,13,32229.42
110,  Johannesburg Sandton  ,South Africa,ZAR,4/28/2025,71,4133378.26,558935.79,9,1,0,20,420519.81
110,johannesburg sandton,South Africa,ZAR,27/04/2025,282,2164320.39,779513.73,9,3,0,25,69320.67
110,JOHANNESBURG SANDTON,South Africa,zar,4/26/2025,154,4784509.12,1444980.65,2,9,5,14,-117154.32
110,johannesburg sandton,South Africa,zar,4/25/2025,488,2675879.17,3018076.85,13,2,65,25,281012.5
110,JOHANNESBURG SANDTON,South Africa,Zar,24-Apr-25,561,3325571.99,4667765.08,2,0,5,8,344448.83
110,Johannesburg Sandton,South Africa, Zar ,4/23/2025,788,3994411.16,4882879.27,2,1,5,22,99217.21
110,  Johannesburg Sandton  ,South Africa,zar,22-Apr-25,236,3849300.3,1795413.35,15,6,0,19,285394.58
110,  Johannesburg Sandton  ,South Africa,zar,21/04/2025,871,4722949.82,4611944.27,12,6,15,21,147971.61
110,johannesburg sandton,South Africa, Zar ,20/04/2025,135,2925771.49,2138111.77,7,1,15,11,53196.6
110,JOHANNESBURG SANDTON,South Africa,Zar,4/19/2025,621,2395935.43,711283.76,3,0,120,15,52600.98
110,johannesburg sandton,South Africa, Zar ,4/18/2025,298,1093149.97,1161706.62,4,1,0,8,64222.55
110,Johannesburg Sandton,South Africa,Zar,4/17/2025,105,3521938.73,3330599.24,2,7,30,23,409333.88
110,johannesburg sandton,South Africa,ZAR,4/16/2025,300,431473.22,2867456.62,13,2,0,9,128835.32
110,  Johannesburg Sandton  ,South Africa, Zar ,4/15/2025,471,3626659.23,2247669.5,0,4,30,7,-90878.86
110,johannesburg sandton,South Africa,zar,4/14/2025,61,2012133.92,2146922.79,14,8,15,12,443405.16
110,Johannesburg Sandton,South Africa,zar,13-Apr-25,328,4866955.53,2631430.17,4,3,30,16,233330.63
110,JOHANNESBURG SANDTON,South Africa, Zar ,4/12/2025,538,1600288.82,3227359.63,12,2,5,5,362337.48
110,JOHANNESBURG SANDTON,South Africa,ZAR,11/4/2025,129,1845373.06,3905046.44,10,0,0,11,-2455.15
110,JOHANNESBURG SANDTON,South Africa,Zar,4/10/2025,242,2780872.32,3210025.36,1,3,0,12,-140472.45
110,Johannesburg Sandton,South Africa,ZAR,4/9/2025,99,1607172.45,4720370.25,0,5,15,13,471117.32
110,Johannesburg Sandton,South Africa,Zar,4/8/2025,182,3528151.21,532030.19,13,8,5,7,151523.98
110,Johannesburg Sandton,South Africa, Zar ,4/7/2025,650,4350621.14,235171.02,5,2,0,25,124174.36
110,johannesburg sandton,South Africa,zar,4/6/2025,876,3423225.7,747270,5,8,90,20,494595.21
110,johannesburg sandton,South Africa,Zar,5-Apr-25,347,1833565.96,4286965.14,13,0,5,25,71343.99
110,JOHANNESBURG SANDTON,South Africa,zar,4/4/2025,630,3157558.75,2512737.98,0,2,120,13,182995.24
110,Johannesburg Sandton,South Africa,Zar,4/3/2025,223,4673577.06,849288.8,8,9,5,15,47357.93
110,Johannesburg Sandton,South Africa,Zar,4/2/2025,534,4893494.62,3827574.53,14,10,0,8,457880.63
111,  Cape Town City Centre  ,South Africa, Zar ,30/06/2025,468,4292154.75,4589843.58,4,7,0,15,158735.48
111,Cape Town City Centre,South Africa, Zar ,29-Jun-25,319,4393172.68,4956678.35,1,9,5,24,-160058.93
111,CAPE TOWN CITY CENTRE,South Africa,zar,6/28/2025,157,1488769.97,833118.73,12,1,30,11,71756.1
111,  Cape Town City Centre  ,South Africa, Zar ,27/06/2025,529,3230298.19,4505626.25,14,1,30,6,-73808.65
111,Cape Town City Centre,South Africa, Zar ,6/26/2025,254,2037526.33,369134.07,10,9,65,19,-51155.37
111,Cape Town City Centre,South Africa,ZAR,25/06/2025,608,820918.53,2376339.35,6,5,0,22,-178073.72
111,  Cape Town City Centre  ,South Africa, Zar ,24/06/2025,534,1106433.11,1096889.79,0,10,0,17,-11106.32
111,CAPE TOWN CITY CENTRE,South Africa,Zar,6/23/2025,464,454460.1,4375190.65,14,6,0,20,-50126.57
111,CAPE TOWN CITY CENTRE,South Africa,ZAR,22-Jun-25,488,1742994.78,3778221.45,5,3,0,15,459359.15
111,cape town city centre,South Africa, Zar ,21/06/2025,413,4567359.2,2873068.5,0,8,5,23,-61008.02
111,  Cape Town City Centre  ,South Africa,ZAR,6/20/2025,204,4487680.51,4672406.03,15,5,5,7,354411.77
111,CAPE TOWN CITY CENTRE,South Africa, Zar ,19/06/2025,178,3189750.61,3212636.16,3,0,0,10,321995.28
111,cape town city centre,South Africa, Zar ,6/18/2025,271,1773023.49,4764265.56,0,5,5,15,-188666.11
111,CAPE TOWN CITY CENTRE,South Africa, Zar ,17-Jun-25,714,4995288.44,2099565.95,11,5,15,21,98094.44
111,cape town city centre,South Africa, Zar ,16-Jun-25,488,1896951.36,2786130.18,5,8,0,17,67094.33
111,CAPE TOWN CITY CENTRE,South Africa,ZAR,15/06/2025,875,4194310.84,493707.8,0,9,15,17,-127427.29
111,CAPE TOWN CITY CENTRE,South Africa,Zar,6/14/2025,480,1098762.08,3895557.25,12,1,15,10,399439.84
111,Cape Town City Centre,South Africa, Zar ,6/13/2025,890,3242054.11,3933944.09,12,0,5,15,347537.24
111,  Cape Town City Centre  ,South Africa,Zar,12-Jun-25,864,4551221.66,3382839.02,0,6,0,5,-189128.95
111,  Cape Town City Centre  ,South Africa,Zar,6/11/2025,224,4797844.94,4964504.17,7,8,45,16,-65137.72
111,Cape Town City Centre,South Africa,zar,10/6/2025,701,1982537.9,3654157.9,12,5,45,20,-89089.44
111,cape town city centre,South Africa,ZAR,6/9/2025,696,2905822.05,1990460.28,8,8,0,9,464090.21
111,CAPE TOWN CITY CENTRE,South Africa, Zar ,6/8/2025,61,3163025.92,2986776.55,0,9,0,21,444416.08
111,CAPE TOWN CITY CENTRE,South Africa,zar,6/7/2025,514,3190592.6,3899069.26,5,3,15,24,428536.47
111,cape town city centre,South Africa, Zar ,6-Jun-25,838,1339374.63,306156.89,2,2,0,24,-183801.42
111,CAPE TOWN CITY CENTRE,South Africa,ZAR,6/5/2025,195,1448192.04,4478293.7,2,1,0,19,391236.53
111,Cape Town City Centre,South Africa,ZAR,6/4/2025,473,414201.05,4798125.01,2,3,5,25,93934.98
111,Cape Town City Centre,South Africa,zar,3-Jun-25,234,1528837.16,4523008.94,1,1,15,14,495617.7
111,CAPE TOWN CITY CENTRE,South Africa,zar,2/6/2025,584,3721399.3,4636586.74,6,9,120,4,175167.92
111,  Cape Town City Centre  ,South Africa,ZAR,6/1/2025,272,196013.21,735896.85,2,2,0,12,-8433.46
111,  Cape Town City Centre  ,South Africa,Zar,5/31/2025,528,3738712.56,2504218.44,12,3,90,12,-78928.34
111,CAPE TOWN CITY CENTRE,South Africa,Zar,30-May-25,219,3980792.65,4771122.27,15,6,90,18,96616.13
111,CAPE TOWN CITY CENTRE,South Africa, Zar ,29-May-25,489,1038617.83,1796931.75,2,7,45,9,422614.78
111,  Cape Town City Centre  ,South Africa,Zar,28-May-25,457,198202.75,940525.97,10,6,15,9,50421.16
111,  Cape Town City Centre  ,South Africa,Zar,5/27/2025,198,3908597.04,655402.85,10,0,0,14,-50359.3
111,CAPE TOWN CITY CENTRE,South Africa, Zar ,26-May-25,340,3028919.46,2659948.69,3,8,65,12,301385.94
111,Cape Town City Centre,South Africa, Zar ,5/25/2025,375,4076302.65,1030844.54,1,7,15,19,-167245.71
111,CAPE TOWN CITY CENTRE,South Africa, Zar ,24-May-25,225,3027081.86,2976296.93,7,9,5,4,-474.16
111,  Cape Town City Centre  ,South Africa,zar,5/23/2025,462,233190.57,2690661.69,1,5,65,24,-188609.4
111,Cape Town City Centre,South Africa,Zar,22/05/2025,331,1620088.83,1761831.12,2,8,0,14,145673.02
111,Cape Town City Centre,South Africa, Zar ,5/21/2025,706,4837405.01,650994.09,11,9,5,7,-179498.27
111,cape town city centre,South Africa,ZAR,5/20/2025,380,4313874.41,3635054.13,7,2,45,6,-66188.21
111,CAPE TOWN CITY CENTRE,South Africa,ZAR,19-May-25,315,4422430.77,263227.09,1,4,45,6,-15391.01
111,cape town city centre,South Africa,zar,18/05/2025,647,2330434.12,675129.1,4,9,0,17,245832.55
111,cape town city centre,South Africa, Zar ,5/17/2025,727,2476014.01,1438680.93,15,3,15,6,-15331.58
111,  Cape Town City Centre  ,South Africa,zar,16-May-25,725,3253314.65,4286524.21,2,1,30,19,-157813.15
111,Cape Town City Centre,South Africa, Zar ,5/15/2025,242,2463845.59,1735228.19,10,4,30,18,258702.54
111,cape town city centre,South Africa,Zar,5/14/2025,444,4876570.18,4345901,6,6,65,10,-151952.48
111,  Cape Town City Centre  ,South Africa,ZAR,13/05/2025,200,2331722.9,580508.27,3,3,0,4,425868.64
111,Cape Town City Centre,South Africa, Zar ,5/12/2025,410,1364614.69,4638292.21,2,5,0,17,-51553.78
111,  Cape Town City Centre  ,South Africa,ZAR,11/5/2025,501,1399314.89,534172.85,12,6,15,10,5804.13
111,  Cape Town City Centre  ,South Africa, Zar ,10/5/2025,581,2196148.44,3421744.6,7,1,0,11,-119368.47
111,cape town city centre,South Africa,ZAR,5/9/2025,594,550108.36,1171001.83,12,6,15,16,-129087.01
111,cape town city centre,South Africa,zar,8-May-25,405,3202651.1,3543974.07,9,0,5,7,-70444.82
111,cape town city centre,South Africa,zar,7/5/2025,372,3423140.3,874895,10,7,30,8,473570.12
111,CAPE TOWN CITY CENTRE,South Africa,zar,6/5/2025,320,4412224.76,895089.31,0,9,5,15,478679.07
111,cape town city centre,South Africa, Zar ,5/5/2025,162,273623.77,136084.57,9,3,5,20,152202.53
111,CAPE TOWN CITY CENTRE,South Africa,Zar,5/4/2025,873,3694122.99,2290450.94,11,8,45,12,264385.97
111,CAPE TOWN CITY CENTRE,South Africa,Zar,3-May-25,358,3565277.9,4462293.46,15,1,5,12,280048.91
111,Cape Town City Centre,South Africa,zar,5/2/2025,725,4970730.97,1818112.3,0,3,0,22,318708.7
111,CAPE TOWN CITY CENTRE,South Africa,zar,1/5/2025,436,3211732.08,4828992.65,14,8,5,9,-14283.47
111,Cape Town City Centre,South Africa, Zar ,30-Apr-25,332,1581150.32,253444.89,10,9,65,7,103421.74
111,  Cape Town City Centre  ,South Africa,Zar,29/04/2025,162,4848875.96,2519688.74,4,7,15,25,-94840.57
111,cape town city centre,South Africa,Zar,28-Apr-25,548,1476886.77,4008936.07,0,7,15,5,-47872.29
111,  Cape Town City Centre  ,South Africa,ZAR,4/27/2025,490,1793664.83,4178844.75,1,4,0,8,45152.76
111,cape town city centre,South Africa,ZAR,26-Apr-25,780,1389811.03,4979775.57,6,6,45,22,442781.89
111,Cape Town City Centre,South Africa,Zar,25-Apr-25,304,4067959.99,3203371.01,13,6,0,7,425123.55
111,cape town city centre,South Africa, Zar ,24-Apr-25,745,4385865.41,4031682.24,4,10,15,10,-24985.69
111,  Cape Town City Centre  ,South Africa,Zar,23/04/2025,137,1521804.02,4639237.31,14,8,15,9,63176.16
111,Cape Town City Centre,South Africa,Zar,22/04/2025,565,4677655.08,3577362.6,14,5,0,17,126586.79
111,CAPE TOWN CITY CENTRE,South Africa, Zar ,21/04/2025,140,3791489.45,3095282.33,9,3,5,22,158544.76
111,  Cape Town City Centre  ,South Africa,ZAR,4/20/2025,823,4233281.34,673382.41,0,7,15,20,122154.53
111,  Cape Town City Centre  ,South Africa,ZAR,4/19/2025,391,2991981.44,4118603.66,15,5,0,5,-114990.12
111,cape town city centre,South Africa, Zar ,4/18/2025,189,1156540.74,3394619.77,4,4,30,24,17623.58
111,cape town city centre,South Africa,ZAR,4/17/2025,118,50176.77,3038763.78,3,8,45,7,-26955.74
111,Cape Town City Centre,South Africa, Zar ,4/16/2025,106,4633919.99,1534622.6,15,2,5,11,389204.56
111,Cape Town City Centre,South Africa,ZAR,15-Apr-25,492,773919.54,157206.5,4,10,45,11,-80457.16
111,  Cape Town City Centre  ,South Africa,Zar,4/14/2025,733,545097.44,2964380.81,11,10,5,12,73832.45
111,Cape Town City Centre,South Africa,zar,4/13/2025,78,1452939.99,644626.16,12,0,5,22,11933.1
111,  Cape Town City Centre  ,South Africa,zar,12/4/2025,529,4417999.73,2318833.37,0,2,0,15,150446.87
111,Cape Town City Centre,South Africa,ZAR,4/11/2025,228,3296800.28,1791741.66,10,7,5,8,-5161.9
111,CAPE TOWN CITY CENTRE,South Africa, Zar ,10-Apr-25,435,4814647.3,3048916.9,5,9,90,20,342778.6
111,  Cape Town City Centre  ,South Africa,Zar,9-Apr-25,648,3106501.37,2048680.57,1,0,0,9,-37806.98
111,Cape Town City Centre,South Africa,Zar,4/8/2025,828,1196096.12,3870129.43,7,1,5,9,309714.21
111,Cape Town City Centre,South Africa,ZAR,7/4/2025,113,3078922.94,616645.22,2,7,45,15,224573.31
111,  Cape Town City Centre  ,South Africa,ZAR,4/6/2025,765,2275072.67,709422.38,6,3,90,12,143772.11
111,cape town city centre,South Africa, Zar ,5-Apr-25,883,2666220.77,3960520.88,2,9,0,4,240380.96
111,cape town city centre,South Africa,ZAR,4/4/2025,418,3883209.07,2863060.39,2,5,0,9,277652.84
111,cape town city centre,South Africa, Zar ,3/4/2025,562,1792924.96,3111470.38,4,1,0,18,99258.22
111,CAPE TOWN CITY CENTRE,South Africa,zar,2/4/2025,851,2610371.99,549519.37,15,3,65,5,221042.71
112,  London Canary Wharf  ,United Kingdom,Gbp,30-Jun-25,449,3531202.9,386366.45,5,4,0,6,174096.67
112,  London Canary Wharf  ,United Kingdom, Gbp ,6/29/2025,683,330408.58,3502713.65,3,9,65,19,455848.82
112,LONDON CANARY WHARF,United Kingdom,Gbp,28-Jun-25,481,1341361.47,1705979.17,1,2,30,10,182961.14
112,LONDON CANARY WHARF,United Kingdom,gbp,27-Jun-25,555,410913.91,4742588.1,1,5,90,6,464935.45
112,London Canary Wharf,United Kingdom,gbp,6/26/2025,327,3630482.39,565103.02,15,8,65,11,255235.88
112,london canary wharf,United Kingdom,GBP,25/06/2025,106,180451.41,3920021.68,6,8,5,23,402206.13
112,LONDON CANARY WHARF,United Kingdom, Gbp ,6/24/2025,834,1917277.66,669925.1,13,8,15,8,-119091.76
112,  London Canary Wharf  ,United Kingdom,Gbp,6/23/2025,248,1748471.9,4594439.51,7,3,65,6,212032.23
112,LONDON CANARY WHARF,United Kingdom,GBP,6/22/2025,787,1287115.88,331574.1,1,2,5,18,-73584.57
112,london canary wharf,United Kingdom,Gbp,6/21/2025,182,3050313.03,2419571.76,3,10,5,6,-146535.49
112,  London Canary Wharf  ,United Kingdom,gbp,6/20/2025,504,3580012.6,4710063.59,9,10,5,11,168790.93
112,LONDON CANARY WHARF,United Kingdom,GBP,19-Jun-25,404,4507105.62,3542233.29,15,4,5,6,-57511.55
112,london canary wharf,United Kingdom,Gbp,6/18/2025,809,2787180.04,657602.85,4,0,45,11,288839.36
112,LONDON CANARY WHARF,United Kingdom, Gbp ,17/06/2025,84,1387977.93,2961788.78,9,1,90,5,-4635.26
112,London Canary Wharf,United Kingdom, Gbp ,16/06/2025,504,269856.97,1068364.1,5,10,5,17,172744.36
112,  London Canary Wharf  ,United Kingdom,GBP,15-Jun-25,673,3784666.47,1714280.57,8,9,0,10,330076.55
112,London Canary Wharf,United Kingdom, Gbp ,14-Jun-25,851,3659669.36,3690301.72,1,1,30,21,71677.39
112,London Canary Wharf,United Kingdom, Gbp ,13-Jun-25,636,3610139.97,3856611.14,8,2,65,16,127132.73
112,LONDON CANARY WHARF,United Kingdom,Gbp,6/12/2025,868,3428863.72,1408244.47,7,8,0,13,36272.65
112,  London Canary Wharf  ,United Kingdom,Gbp,11/6/2025,325,3313188.22,3923010.12,0,1,0,13,197908.75
112,london canary wharf,United Kingdom, Gbp ,10-Jun-25,523,135470.1,93909.97,1,5,45,19,246420.17
112,LONDON CANARY WHARF,United Kingdom,Gbp,6/9/2025,674,2779666.96,4768801.77,14,2,5,12,336183.78
112,London Canary Wharf,United Kingdom,gbp,8-Jun-25,282,3170173.98,777163.84,1,3,0,7,258220.58
112,London Canary Wharf,United Kingdom,Gbp,6/7/2025,92,2789368.25,1178364.48,8,4,30,4,274871.47
112,LONDON CANARY WHARF,United Kingdom,gbp,6-Jun-25,408,590359.22,2559342.8,3,8,15,6,-34114.9
112,London Canary Wharf,United Kingdom,GBP,5-Jun-25,707,2161052.88,1451267.79,0,5,15,23,351715.12
112,  London Canary Wharf  ,United Kingdom, Gbp ,4-Jun-25,351,3128486.03,843548.46,1,4,120,8,438310.86
112,london canary wharf,United Kingdom,Gbp,6/3/2025,573,3593051.45,3723114.91,11,3,0,16,381508.74
112,london canary wharf,United Kingdom, Gbp ,6/2/2025,830,4989213.22,438302.61,2,3,30,22,152447.12
112,LONDON CANARY WHARF,United Kingdom,GBP,1/6/2025,671,2388029.34,2646017.95,14,5,15,12,-63483.48
112,  London Canary Wharf  ,United Kingdom,gbp,31-May-25,868,3849834.9,1841726.54,14,5,65,7,285151.19
112,London Canary Wharf,United Kingdom,Gbp,30/05/2025,131,1792323.82,2552935.04,11,10,30,19,223653.01
112,london canary wharf,United Kingdom,gbp,29/05/2025,600,1262472.45,4550865.4,4,9,45,12,357099.16
112,LONDON CANARY WHARF,United Kingdom, Gbp ,28-May-25,481,2549878.39,784572.95,15,10,5,10,429910.73
112,LONDON CANARY WHARF,United Kingdom, Gbp ,27/05/2025,319,3839272.31,3571340.28,15,1,0,8,408621.16
112,london canary wharf,United Kingdom,GBP,26/05/2025,185,2598740.61,2670082.93,12,6,0,15,-110782.91
112,LONDON CANARY WHARF,United Kingdom,Gbp,5/25/2025,894,4496851.77,2977816.11,3,0,30,6,317123.9
112,London Canary Wharf,United Kingdom, Gbp ,24-May-25,808,4182283.13,1481991.15,15,2,90,9,306595.23
112,LONDON CANARY WHARF,United Kingdom,Gbp,5/23/2025,740,3264553.56,1927904.18,14,2,0,20,305773.23
112,LONDON CANARY WHARF,United Kingdom,gbp,22-May-25,354,2491802.66,289025.34,13,4,90,14,68847.42
112,LONDON CANARY WHARF,United Kingdom,gbp,5/21/2025,490,2619718.1,2896932.22,10,1,90,15,-646.33
112,London Canary Wharf,United Kingdom, Gbp ,5/20/2025,279,4432478.36,1477970.16,8,9,0,7,447161.1
112,london canary wharf,United Kingdom,gbp,19-May-25,78,3012038.12,246737.95,6,0,0,19,382753.15
112,  London Canary Wharf  ,United Kingdom, Gbp ,5/18/2025,799,2251882.15,674584.58,14,4,5,7,301375.64
112,London Canary Wharf,United Kingdom, Gbp ,5/17/2025,319,479975.96,727249.28,8,10,5,7,477907.7
112,london canary wharf,United Kingdom,GBP,5/16/2025,384,825799.6,1709918.96,14,10,30,20,270457.03
112,  London Canary Wharf  ,United Kingdom,GBP,5/15/2025,493,547172.07,3540263.25,10,3,30,21,262791.3
112,LONDON CANARY WHARF,United Kingdom,gbp,5/14/2025,190,2952399.7,4366968.37,7,10,90,10,-14299.77
112,london canary wharf,United Kingdom, Gbp ,5/13/2025,339,702370.05,3192124.99,2,8,5,10,-197761.6
112,london canary wharf,United Kingdom,gbp,5/12/2025,89,2119888.77,1352215.38,12,10,5,22,-35698.95
112,london canary wharf,United Kingdom,Gbp,11-May-25,287,4381443.41,3356480.22,15,10,5,16,218489.48
112,london canary wharf,United Kingdom,GBP,10/5/2025,823,3831486.26,2126990.43,14,5,0,11,263692.73
112,  London Canary Wharf  ,United Kingdom,GBP,5/9/2025,405,3499994.47,3538853.07,15,7,0,23,88402.04
112,  London Canary Wharf  ,United Kingdom,gbp,5/8/2025,851,2074578.81,2833173.69,10,4,0,25,22332.85
112,London Canary Wharf,United Kingdom, Gbp ,7/5/2025,316,4566225.21,1378170.31,7,5,45,24,372967.21
112,london canary wharf,United Kingdom,gbp,6-May-25,598,1070694.07,3145168.2,10,2,5,23,177837.12
112,LONDON CANARY WHARF,United Kingdom,Gbp,5/5/2025,411,3845868.15,2786826.24,1,8,45,10,53468.43
112,London Canary Wharf,United Kingdom,gbp,5/4/2025,347,4016362.7,4557736.21,10,6,120,10,187065.82
112,LONDON CANARY WHARF,United Kingdom,GBP,5/3/2025,823,4704758.21,557477.62,12,7,90,5,-90138.15
112,london canary wharf,United Kingdom,GBP,2-May-25,328,3762081.19,4074329.42,12,10,0,16,-108164.77
112,LONDON CANARY WHARF,United Kingdom,GBP,1-May-25,566,3624458.7,3823810.66,13,0,65,4,319856.39
112,London Canary Wharf,United Kingdom,gbp,4/30/2025,670,4303550.14,3934620.2,13,8,0,4,11507.78
112,  London Canary Wharf  ,United Kingdom, Gbp ,29/04/2025,435,1491631.34,510658.86,13,8,0,12,138344.66
112,London Canary Wharf,United Kingdom, Gbp ,4/28/2025,431,3825366.9,3587164.73,14,3,5,22,482633.42
112,London Canary Wharf,United Kingdom,Gbp,27/04/2025,538,2837608.68,3231951.9,10,2,45,24,483072.2
112,london canary wharf,United Kingdom, Gbp ,4/26/2025,657,1287346.84,749586.3,15,8,15,22,332407.12
112,  London Canary Wharf  ,United Kingdom, Gbp ,4/25/2025,368,3715530.09,4179900.94,1,5,45,22,219111.06
112,london canary wharf,United Kingdom, Gbp ,4/24/2025,608,2524086.56,4799402.65,7,5,0,18,296207.72
112,London Canary Wharf,United Kingdom,GBP,4/23/2025,434,680048.29,117441.38,3,2,90,10,106320.88
112,London Canary Wharf,United Kingdom, Gbp ,4/22/2025,224,3149516.31,2646716.02,4,8,0,17,79583.96
112,  London Canary Wharf  ,United Kingdom,Gbp,21-Apr-25,585,1645811.41,4453248.21,5,2,0,13,166275.87
112,  London Canary Wharf  ,United Kingdom,Gbp,4/20/2025,533,2341256.82,4684202.37,4,2,45,20,300557
112,London Canary Wharf,United Kingdom,gbp,19/04/2025,203,2378942.51,4966886.07,0,4,0,10,-60512.65
112,  London Canary Wharf  ,United Kingdom,GBP,4/18/2025,112,3143615.18,2992549.58,2,5,15,24,191409.26
112,LONDON CANARY WHARF,United Kingdom,gbp,4/17/2025,331,1456728.5,4561978.06,13,9,5,13,57092.36
112,london canary wharf,United Kingdom,GBP,16/04/2025,656,804487.93,3666757.49,8,2,90,12,194561.84
112,London Canary Wharf,United Kingdom,Gbp,4/15/2025,639,3871294.48,2981241.38,8,9,45,25,436460.82
112,london canary wharf,United Kingdom,gbp,4/14/2025,143,4651258.22,3093872.29,4,2,0,19,412229.86
112,LONDON CANARY WHARF,United Kingdom,gbp,13-Apr-25,573,4045810.22,2155758.4,15,5,0,13,150262.57
112,London Canary Wharf,United Kingdom, Gbp ,4/12/2025,842,1958372.8,2398666.11,9,8,0,14,171479.86
112,  London Canary Wharf  ,United Kingdom,gbp,4/11/2025,497,2824405.03,2475962.85,8,10,90,7,190533.56
112,london canary wharf,United Kingdom,GBP,10/4/2025,424,4284092.95,3865186.68,11,6,30,10,231881.94
112,london canary wharf,United Kingdom,GBP,4/9/2025,250,2238298.81,2653712.84,0,9,5,13,29916.08
112,LONDON CANARY WHARF,United Kingdom,Gbp,8-Apr-25,84,3253729.68,3226286.6,12,0,65,12,-8078.32
112,LONDON CANARY WHARF,United Kingdom, Gbp ,4/7/2025,672,3179588.41,2476987.4,15,10,120,21,365201.48
112,london canary wharf,United Kingdom,gbp,4/6/2025,184,459981.87,4178618.93,3,0,5,18,246234.71
112,  London Canary Wharf  ,United Kingdom,gbp,4/5/2025,720,3089318.76,132538.55,10,2,5,22,305494.88
112,London Canary Wharf,United Kingdom, Gbp ,4-Apr-25,733,3364723.82,371526.76,4,4,15,6,-79190.34
112,london canary wharf,United Kingdom, Gbp ,4/3/2025,227,3194733.57,4218513.94,0,4,0,12,192391.57
112,LONDON CANARY WHARF,United Kingdom, Gbp ,4/2/2025,140,625495.37,498280.51,2,2,5,14,213803.97
113,FRANKFURT INTERNATIONAL,Germany,eur,6/30/2025,703,1903921.32,452310.92,7,4,45,25,249622.17
113,frankfurt international,Germany,Eur,6/29/2025,104,1927586.76,1471028.95,8,2,30,22,20878.69
113,  Frankfurt International  ,Germany,eur,6/28/2025,231,4897427.13,1333802.75,14,4,45,6,142919.96
113,Frankfurt International,Germany,eur,27-Jun-25,87,4750842.38,2946853.77,4,8,5,22,-52536.04
113,  Frankfurt International  ,Germany,eur,26/06/2025,400,3513286.44,2543638,8,1,5,20,341386.3
113,  Frankfurt International  ,Germany,EUR,25-Jun-25,168,2609297.61,3174012.64,15,2,0,18,210774.53
113,FRANKFURT INTERNATIONAL,Germany,Eur,24-Jun-25,768,567834.18,1826476.53,0,2,15,17,132847.15
113,FRANKFURT INTERNATIONAL,Germany,eur,23-Jun-25,416,1566064.37,2360864.1,5,0,15,18,366454.93
113,Frankfurt International,Germany, Eur ,22/06/2025,534,4178777.24,1300245.11,11,9,15,14,137790.31
113,frankfurt international,Germany,EUR,21/06/2025,481,2158176.43,1383336.86,12,9,5,4,-85181.82
113,frankfurt international,Germany,eur,6/20/2025,183,3333861.78,3953418.63,1,1,90,13,355004.41
113,Frankfurt International,Germany, Eur ,6/19/2025,219,2329909.24,3310112.58,6,2,45,13,15268.73
113,frankfurt international,Germany, Eur ,6/18/2025,142,3634465.22,812982.79,11,0,0,19,-88469.14
113,Frankfurt International,Germany,eur,6/17/2025,533,3358762.41,4165167.61,7,1,5,16,-110048.32
113,  Frankfurt International  ,Germany,Eur,6/16/2025,889,3390010.57,4369784.79,12,8,5,6,42807.03
113,frankfurt international,Germany,eur,6/15/2025,427,1843288.17,2532206.86,0,9,0,23,326179.12
113,frankfurt international,Germany, Eur ,6/14/2025,242,269027.2,1544592.7,2,5,15,16,257831.45
113,  Frankfurt International  ,Germany, Eur ,13/06/2025,741,4115311.32,222391.97,13,2,0,9,78751.3
113,FRANKFURT INTERNATIONAL,Germany,Eur,6/12/2025,752,3676719.76,3296549.59,12,0,5,9,23318.04
113,FRANKFURT INTERNATIONAL,Germany, Eur ,11/6/2025,719,4801609.21,2038431.78,1,4,30,17,-18945.67
113,Frankfurt International,Germany,Eur,6/10/2025,849,2394059.06,1708564.37,11,1,15,9,486514.16
113,FRANKFURT INTERNATIONAL,Germany,eur,9/6/2025,57,1718722.66,4674176.53,8,3,65,20,368984.58
113,Frankfurt International,Germany,Eur,8/6/2025,90,651679.66,2473625.99,11,0,5,23,280471.35
113,  Frankfurt International  ,Germany,EUR,7-Jun-25,605,1372815.82,1501536.44,13,0,5,18,27242.79
113,  Frankfurt International  ,Germany,EUR,6/6/2025,594,3706467.51,1280702.25,2,8,15,7,-111761.76
113,Frankfurt International,Germany,Eur,6/5/2025,403,4860671.24,3460510.21,7,8,15,22,120893.7
113,FRANKFURT INTERNATIONAL,Germany,eur,6/4/2025,673,4885374.5,3207181.69,3,6,5,20,486186.54
113,  Frankfurt International  ,Germany, Eur ,6/3/2025,460,160798.2,4754276.46,8,10,5,6,385797.32
113,frankfurt international,Germany,Eur,2/6/2025,360,3097128.28,2718830.26,7,0,90,15,201335.21
113,Frankfurt International,Germany,Eur,6/1/2025,814,3459873.25,969281.69,1,9,45,16,436822.49
113,Frankfurt International,Germany,eur,31-May-25,69,3921150.35,3303203.3,8,4,0,18,219355.62
113,frankfurt international,Germany,EUR,30-May-25,776,1656813.73,365426.17,9,9,0,18,211539.92
113,Frankfurt International,Germany,EUR,29-May-25,401,1735950.09,1764513.26,14,2,15,18,398049.19
113,frankfurt international,Germany, Eur ,28/05/2025,311,2044544.21,3320457.55,2,10,0,19,192928.02
113,  Frankfurt International  ,Germany,Eur,27-May-25,348,3766744.72,2284920.96,14,0,0,8,237403.89
113,Frankfurt International,Germany, Eur ,5/26/2025,833,165871.3,4868117.49,15,3,15,16,444823.4
113,FRANKFURT INTERNATIONAL,Germany,EUR,5/25/2025,455,1130611.63,4961047.99,9,2,5,9,336812.25
113,  Frankfurt International  ,Germany,eur,24/05/2025,478,4507271.59,1430454.61,11,10,15,7,264964.2
113,Frankfurt International,Germany,eur,23-May-25,463,2499424.41,2346374.01,14,2,15,9,80038.05
113,  Frankfurt International  ,Germany, Eur ,5/22/2025,721,902739.81,4541040.38,12,9,15,24,92669.93
113,FRANKFURT INTERNATIONAL,Germany,eur,21/05/2025,191,3068045.02,2541638.21,2,9,5,22,312503.6
113,frankfurt international,Germany,eur,5/20/2025,632,3146200.87,3437597.15,11,0,5,23,418458.74
113,frankfurt international,Germany,eur,19/05/2025,518,1876868.39,4379518.48,5,7,15,10,25906.94
113,FRANKFURT INTERNATIONAL,Germany,eur,18-May-25,641,2332838.96,1262982.51,14,3,0,9,480963.7
113,  Frankfurt International  ,Germany,eur,5/17/2025,300,2337950.55,4814246.43,0,0,45,25,273810.66
113,FRANKFURT INTERNATIONAL,Germany, Eur ,16/05/2025,316,4422617.34,2709840.16,0,7,65,19,379427.68
113,Frankfurt International,Germany,EUR,5/15/2025,422,2027175.72,4640580.01,14,6,0,7,-127463.89
113,FRANKFURT INTERNATIONAL,Germany,eur,14-May-25,425,2093820.62,1732181.39,7,7,45,10,-14844.61
113,FRANKFURT INTERNATIONAL,Germany, Eur ,13-May-25,776,2483305.81,1261405.8,8,5,15,13,282435.88
113,  Frankfurt International  ,Germany,Eur,12-May-25,658,226935.98,743103.86,9,0,45,11,416119.42
113,  Frankfurt International  ,Germany,eur,11-May-25,631,3187778.17,2402659.97,14,10,30,13,-91891.1
113,  Frankfurt International  ,Germany, Eur ,5/10/2025,313,3201973.53,188623.29,6,9,0,13,-96145.65
113,Frankfurt International,Germany, Eur ,5/9/2025,683,4505019.84,4863396.4,4,9,0,20,20007.36
113,Frankfurt International,Germany,eur,8-May-25,587,2436159.8,2445792.2,12,0,5,25,462863.78
113,frankfurt international,Germany,eur,7-May-25,203,1427661.97,3901171.08,3,10,0,10,49551.02
113,FRANKFURT INTERNATIONAL,Germany,eur,6/5/2025,809,1052523.42,3338008.22,12,10,15,7,466419.79
113,FRANKFURT INTERNATIONAL,Germany,EUR,5/5/2025,507,2855175.7,1277461.13,8,2,0,24,400265.83
113,Frankfurt International,Germany,eur,5/4/2025,91,4897918.58,1365528.53,8,1,30,10,313336.08
113,frankfurt international,Germany,Eur,5/3/2025,112,1078273.63,1257505.95,15,7,65,7,175853.55
113,FRANKFURT INTERNATIONAL,Germany,eur,5/2/2025,539,626211.64,462761.73,6,1,5,21,212563.11
113,FRANKFURT INTERNATIONAL,Germany, Eur ,1/5/2025,164,3613908.19,2241076.99,6,9,0,24,230089.3
113,  Frankfurt International  ,Germany, Eur ,30/04/2025,665,1390178.85,3174084.56,10,8,120,19,159940.16
113,frankfurt international,Germany,Eur,29-Apr-25,331,3405320.64,2540158.29,14,1,0,9,141306.31
113,Frankfurt International,Germany, Eur ,28-Apr-25,217,935036.08,3814167.17,9,1,65,18,39702.2
113,FRANKFURT INTERNATIONAL,Germany,eur,4/27/2025,268,1570641.68,1561649.9,15,1,0,25,10042.99
113,frankfurt international,Germany,Eur,4/26/2025,210,999925.13,2011387.94,5,2,15,23,263813.52
113,Frankfurt International,Germany, Eur ,25-Apr-25,848,3646018.03,1182181.82,8,7,90,13,59553.79
113,  Frankfurt International  ,Germany,Eur,24-Apr-25,510,1574683.58,2838267.7,13,0,5,16,-161284.8
113,frankfurt international,Germany, Eur ,23/04/2025,835,1407326.22,4101738.69,6,3,5,25,301670.89
113,FRANKFURT INTERNATIONAL,Germany,Eur,22-Apr-25,487,3965053.85,1662141.41,6,3,45,23,152060.4
113,frankfurt international,Germany,eur,21-Apr-25,383,3628103.29,4710396.08,15,0,0,25,73044.11
113,Frankfurt International,Germany,EUR,20/04/2025,153,327767.1,1746325.05,11,7,0,13,-122278.45
113,FRANKFURT INTERNATIONAL,Germany,Eur,4/19/2025,843,3675622.65,4130337.96,4,9,65,13,201861.68
113,  Frankfurt International  ,Germany,Eur,4/18/2025,620,2678586.02,1492525.95,0,2,5,6,409507.73
113,  Frankfurt International  ,Germany, Eur ,17-Apr-25,815,4428696.83,961493.14,14,3,90,18,53542.66
113,  Frankfurt International  ,Germany,Eur,4/16/2025,668,3750868.89,164534.62,3,10,30,17,99131.65
113,FRANKFURT INTERNATIONAL,Germany,Eur,15/04/2025,66,2850287.24,4978489.6,10,8,45,19,-2147.5
113,FRANKFURT INTERNATIONAL,Germany,EUR,14-Apr-25,621,3913911.64,2682224.06,2,9,15,18,227022.04
113,Frankfurt International,Germany,Eur,4/13/2025,526,2283878.51,4408675.91,4,10,45,14,-148881.95
113,Frankfurt International,Germany,EUR,12-Apr-25,461,2894952.32,81452.09,12,0,5,4,-42339.04
113,frankfurt international,Germany,Eur,11/4/2025,595,2315878.94,3343739.26,11,9,0,8,-67806.84
113,frankfurt international,Germany,EUR,4/10/2025,76,2690439.15,4725248.92,1,2,0,21,43963.72
113,  Frankfurt International  ,Germany,eur,4/9/2025,723,1083595.91,1549501.06,13,4,5,11,455411.59
113,FRANKFURT INTERNATIONAL,Germany,eur,4/8/2025,500,659394.99,4742667.79,0,7,45,10,66291.6
113,frankfurt international,Germany,eur,7/4/2025,839,1933499.2,4081772.11,2,2,5,20,439298.25
113,frankfurt international,Germany,EUR,4/6/2025,550,3716177.9,1824032.24,10,6,0,10,-52770.78
113,  Frankfurt International  ,Germany, Eur ,4/5/2025,311,2568239.51,4727239.37,0,0,45,16,362388.17
113,FRANKFURT INTERNATIONAL,Germany,Eur,4/4/2025,419,4731372.33,4190846.44,13,10,90,13,-39448.81
113,Frankfurt International,Germany, Eur ,4/3/2025,66,4758980.26,1409844.84,10,0,30,8,393190.37
113,frankfurt international,Germany,eur,4/2/2025,193,3490597.54,3823324.81,1,9,15,10,406441.54
114,Dubai DIFC,UAE,aed,30-Jun-25,479,903478.95,4684643.35,4,10,5,9,55547.61
114,DUBAI DIFC,UAE, Aed ,6/29/2025,258,1565020.85,3145296.81,8,9,45,14,-180065.27
114,Dubai DIFC,UAE,AED,6/28/2025,802,4366539.57,4572205.82,1,8,5,16,333751.61
114,DUBAI DIFC,UAE,Aed,6/27/2025,278,506013.3,4941547.97,3,7,0,18,488358.15
114,DUBAI DIFC,UAE,Aed,26/06/2025,537,2373960.56,4519270.6,4,5,0,25,177990.26
114,dubai difc,UAE,aed,6/25/2025,274,2597933.45,4036965.03,4,3,5,25,-142467.71
114,  Dubai DIFC  ,UAE,AED,6/24/2025,305,1169805.85,963902.44,9,5,30,18,267849.45
114,dubai difc,UAE,Aed,23-Jun-25,482,1905114.96,768843.95,1,6,45,24,-166387.1
114,DUBAI DIFC,UAE,aed,6/22/2025,699,218864.49,3984122.47,5,6,120,14,-191801.24
114,  Dubai DIFC  ,UAE,aed,21/06/2025,693,4354152.91,4855359.88,12,7,5,10,117235.52
114,DUBAI DIFC,UAE,Aed,20-Jun-25,721,3854129.71,4623233.87,10,2,15,12,38688.1
114,Dubai DIFC,UAE,AED,19/06/2025,734,4288261.2,3828183.15,8,1,45,15,98560.16
114,dubai difc,UAE,AED,6/18/2025,282,4876685.03,4158885.87,3,8,90,13,-111590.52
114,Dubai DIFC,UAE,AED,17-Jun-25,566,953931.27,4109131.77,6,2,5,25,-44700.04
114,  Dubai DIFC  ,UAE,aed,6/16/2025,626,4306634.68,2648973.86,11,8,0,11,285586.32
114,DUBAI DIFC,UAE,aed,6/15/2025,700,3189847.47,3110012.1,4,8,5,23,96811.02
114,Dubai DIFC,UAE,Aed,6/14/2025,449,4509735.27,4861443.88,15,7,0,14,-104716.09
114,  Dubai DIFC  ,UAE,Aed,13-Jun-25,263,4619108.15,3084930.47,2,0,0,17,-101787.71
114,dubai difc,UAE, Aed ,12/6/2025,855,839242.9,2124095.93,6,3,45,15,-150627.85
114,Dubai DIFC,UAE,AED,11-Jun-25,793,3711292.18,4724488.47,4,3,0,18,-100314.1
114,DUBAI DIFC,UAE,AED,10-Jun-25,583,1590244.92,557930.44,15,3,45,25,106790.39
114,Dubai DIFC,UAE,aed,6/9/2025,122,4407123.06,3783538.77,10,4,15,5,67051.2
114,Dubai DIFC,UAE, Aed ,8-Jun-25,649,883857.25,3563315.32,15,4,0,11,165987.52
114,  Dubai DIFC  ,UAE,aed,6/7/2025,730,2497932.42,3522915.28,13,6,120,5,246641.94
114,  Dubai DIFC  ,UAE,Aed,6-Jun-25,705,2563726.58,2127244.53,8,5,45,6,-190951.72
114,Dubai DIFC,UAE,aed,5/6/2025,655,2197146.81,1365483.11,15,8,0,23,386188.42
114,Dubai DIFC,UAE,AED,4/6/2025,666,583598.51,4199117.96,3,9,15,7,-117768.65
114,Dubai DIFC,UAE, Aed ,6/3/2025,785,3734333.39,1769157.04,14,7,5,22,404387.89
114,Dubai DIFC,UAE,AED,6/2/2025,271,2856303.49,169514.9,10,1,90,13,444468.78
114,  Dubai DIFC  ,UAE,Aed,6/1/2025,888,3430907.91,1794273.33,7,4,30,18,348596.86
114,  Dubai DIFC  ,UAE,aed,31-May-25,264,2814464.94,4324240.38,10,6,5,15,346677.76
114,DUBAI DIFC,UAE,Aed,5/30/2025,410,3101193.5,3712303.66,7,5,45,13,-129091.28
114,  Dubai DIFC  ,UAE, Aed ,5/29/2025,704,971651.12,1944347.1,8,7,15,15,35900.87
114,dubai difc,UAE,aed,28/05/2025,380,128840.29,989459.28,9,8,65,24,192339.7
114,DUBAI DIFC,UAE,aed,5/27/2025,145,498183.98,3009948.44,12,4,5,8,301121.67
114,Dubai DIFC,UAE,AED,26-May-25,803,4082136.78,4442882.96,9,9,5,22,479521.69
114,Dubai DIFC,UAE,AED,25-May-25,301,2762536.72,3354230.57,8,0,120,19,-42871.98
114,dubai difc,UAE, Aed ,5/24/2025,713,4067050.35,769614.65,9,3,0,4,400271.94
114,Dubai DIFC,UAE,aed,23/05/2025,472,970987.31,2616928.37,12,10,45,22,422022.9
114,  Dubai DIFC  ,UAE,Aed,22/05/2025,491,1882631.08,4505261.66,7,5,30,21,49951.92
114,dubai difc,UAE,aed,5/21/2025,148,4906004.57,3931882.12,15,8,5,14,-126634.67
114,dubai difc,UAE, Aed ,5/20/2025,325,2892582.81,313347.2,14,7,30,22,105328.98
114,Dubai DIFC,UAE,AED,5/19/2025,405,2409300.91,3546229.62,2,10,0,15,-154211.07
114,DUBAI DIFC,UAE, Aed ,18-May-25,491,3535878.21,4716603.36,12,3,15,25,116478.21
114,Dubai DIFC,UAE,aed,17-May-25,834,2721082.44,3422542.56,10,0,5,23,-162920.36
114,DUBAI DIFC,UAE,AED,16-May-25,592,2097871.64,847975.74,6,3,15,23,341613.94
114,DUBAI DIFC,UAE, Aed ,5/15/2025,796,641525.47,491073.34,12,9,45,25,71215.8
114,Dubai DIFC,UAE,aed,14/05/2025,401,955798.51,1590417.15,5,6,5,12,149777.28
114,dubai difc,UAE,aed,5/13/2025,409,4928898.31,3183386.26,10,7,0,7,166707.09
114,DUBAI DIFC,UAE,AED,5/12/2025,749,1897077.56,884139.9,0,0,65,14,69327.46
114,  Dubai DIFC  ,UAE,AED,5/11/2025,226,982986.37,3123318.36,5,8,45,10,483042.06
114,dubai difc,UAE,Aed,5/10/2025,637,925795.03,2231453.05,5,8,65,8,370053.03
114,DUBAI DIFC,UAE,AED,9/5/2025,876,4674527.43,4678410.93,3,5,0,25,-73708.27
114,Dubai DIFC,UAE,aed,5/8/2025,667,818500.47,3085298.48,10,7,65,25,183586.3
114,DUBAI DIFC,UAE,AED,7/5/2025,396,1268799.75,749837.82,15,3,45,16,-170886.73
114,Dubai DIFC,UAE,AED,5/6/2025,582,500219.7,3291280.47,12,8,65,24,-59347.54
114,dubai difc,UAE,Aed,5-May-25,691,2160280.04,2203937.18,2,7,0,4,143867.58
114,Dubai DIFC,UAE,Aed,4-May-25,559,4961822.42,3865166.82,1,8,15,5,-68344.77
114,dubai difc,UAE,Aed,5/3/2025,806,287382.35,188417.36,9,6,5,10,46235.93
114,Dubai DIFC,UAE,aed,5/2/2025,570,1885578.43,3510956.42,6,1,45,18,464975.01
114,DUBAI DIFC,UAE,aed,5/1/2025,557,1073347.86,3220084.65,0,0,30,16,-55779.11
114,DUBAI DIFC,UAE,aed,4/30/2025,725,4077506.85,4164954.99,5,6,90,11,60248.64
114,dubai difc,UAE,aed,29/04/2025,686,3359237.39,4415626.71,13,10,0,22,297120.7
114,  Dubai DIFC  ,UAE, Aed ,28-Apr-25,756,100625.63,4126596.86,12,4,0,10,371707.25
114,DUBAI DIFC,UAE, Aed ,27/04/2025,92,3495208.74,2273184.61,7,1,0,24,-119933.74
114,Dubai DIFC,UAE,AED,4/26/2025,237,2707851.54,878465.34,8,10,65,16,-635.25
114,  Dubai DIFC  ,UAE,AED,25-Apr-25,829,641033.49,4123243.53,6,1,0,21,392518.01
114,DUBAI DIFC,UAE, Aed ,4/24/2025,540,591252.28,1181793.14,12,2,0,6,333778.99
114,  Dubai DIFC  ,UAE, Aed ,4/23/2025,806,756655.6,3005157.31,1,10,0,20,336753.13
114,  Dubai DIFC  ,UAE,AED,4/22/2025,632,120345.14,805917.12,8,2,45,15,123424.8
114,dubai difc,UAE,Aed,4/21/2025,567,365064.43,960617.65,6,5,5,25,304826.76
114,DUBAI DIFC,UAE,aed,4/20/2025,666,2666355.18,2806423,4,8,65,14,-160300.81
114,DUBAI DIFC,UAE,aed,4/19/2025,791,4667362.79,1883342.13,4,1,5,25,-36436.62
114,DUBAI DIFC,UAE, Aed ,18/04/2025,837,2856426.15,4292164.91,1,9,0,21,-148253.19
114,Dubai DIFC,UAE,Aed,17/04/2025,752,3099443,2275872.48,7,10,90,19,228825.95
114,Dubai DIFC,UAE, Aed ,16-Apr-25,206,2298404.83,4403249.34,7,2,120,13,245965.25
114,Dubai DIFC,UAE,Aed,4/15/2025,214,1871986.57,153638.77,9,2,90,5,121952.45
114,dubai difc,UAE,Aed,4/14/2025,263,4712311.41,2134646.24,13,7,120,18,110725.02
114,  Dubai DIFC  ,UAE,Aed,13/04/2025,731,2024471.15,3630373.17,6,3,5,10,298812.9
114,  Dubai DIFC  ,UAE, Aed ,4/12/2025,611,4319071.49,3970787.61,11,10,90,13,-50540.42
114,Dubai DIFC,UAE,Aed,4/11/2025,843,4357049.05,2089983.34,6,3,5,14,186185.15
114,Dubai DIFC,UAE,aed,4/10/2025,503,167985.21,1071943.74,5,4,30,25,194354.8
114,dubai difc,UAE,aed,4/9/2025,471,1616628.92,1266207.48,4,7,15,14,227250.63
114,DUBAI DIFC,UAE,AED,4/8/2025,71,92909.98,4318133.88,1,5,30,6,19305.72
114,dubai difc,UAE,aed,7-Apr-25,364,4211358.64,1846553.31,10,9,0,18,132561.13
114,DUBAI DIFC,UAE,aed,4/6/2025,205,858120.89,636280.32,13,2,0,21,186624.85
114,  Dubai DIFC  ,UAE,aed,5/4/2025,166,3336152,775899.14,14,1,30,5,-105080.88
114,Dubai DIFC,UAE,aed,4/4/2025,835,148772.89,3456201.41,11,7,5,22,200337.17
114,Dubai DIFC,UAE,Aed,3/4/2025,397,4939685.73,4438128.99,2,2,65,8,236821.77
114,DUBAI DIFC,UAE,aed,2/4/2025,699,1637457.99,3571470.5,2,5,65,23,488499.64
115,New York Midtown,United States,usd,30/06/2025,423,4263701.49,1000514.58,8,8,0,4,142726.34
115,new york midtown,United States,Usd,6/29/2025,319,2272208.79,2193100.88,1,4,0,25,120661.27
115,NEW YORK MIDTOWN,United States,usd,6/28/2025,689,102855.5,2889580.38,9,6,5,10,433174.37
115,  New York Midtown  ,United States, Usd ,27/06/2025,393,1865629.8,2587291.87,13,6,5,14,-107361.91
115,new york midtown,United States, Usd ,26-Jun-25,338,1370029.02,4571118.89,2,10,30,14,403035.4
115,new york midtown,United States,USD,6/25/2025,298,418352.4,1898272.04,4,9,0,11,345213.67
115,NEW YORK MIDTOWN,United States,Usd,6/24/2025,682,398394.74,2934636.83,14,10,0,14,350292.14
115,NEW YORK MIDTOWN,United States,usd,6/23/2025,254,4594110.75,4636481.55,5,1,15,6,-197311.21
115,NEW YORK MIDTOWN,United States, Usd ,6/22/2025,378,3145986.11,1003561.01,6,7,0,23,294391.79
115,NEW YORK MIDTOWN,United States, Usd ,21/06/2025,239,2562542.75,443813.58,6,4,0,8,414723.65
115,NEW YORK MIDTOWN,United States,usd,6/20/2025,241,4250650.71,3793616.89,7,2,30,16,244707.85
115,  New York Midtown  ,United States,usd,19-Jun-25,486,1292201.5,1756557.27,7,8,15,4,258389.52
115,new york midtown,United States,USD,18-Jun-25,113,360775.73,1753905.1,1,9,0,17,-144033.87
115,NEW YORK MIDTOWN,United States,Usd,17/06/2025,652,3868361.24,4576659.49,2,9,0,12,309004.25
115,New York Midtown,United States,Usd,16-Jun-25,561,1536223.52,2470982.91,6,3,5,22,-80612.94
115,New York Midtown,United States,Usd,15-Jun-25,865,4240083.95,4862766.52,14,7,5,18,-93120.61
115,NEW YORK MIDTOWN,United States,usd,14/06/2025,857,1617781.32,4949322.56,4,6,5,15,-190234.88
115,new york midtown,United States,usd,6/13/2025,147,131127.36,2387826.7,8,5,0,10,-184823.53
115,  New York Midtown  ,United States,usd,12/6/2025,244,2458347.12,3632459.56,13,6,0,9,141139.5
115,NEW YORK MIDTOWN,United States,USD,6/11/2025,381,3544819.33,3058697.38,4,3,5,20,460336.59
115,NEW YORK MIDTOWN,United States,Usd,6/10/2025,696,835081.86,3170772.22,13,9,5,7,219381.07
115,  New York Midtown  ,United States,usd,9-Jun-25,428,2848372.06,2393939.07,0,7,5,15,91900.41
115,new york midtown,United States,Usd,6/8/2025,699,4582902.66,4864012.97,8,8,90,14,204053.86
115,new york midtown,United States,Usd,7-Jun-25,850,3181774.57,4857121.63,7,9,30,23,-34087.49
115,New York Midtown,United States,USD,6/6/2025,370,2579254.31,523134.16,4,9,5,14,-143084.63
115,  New York Midtown  ,United States,USD,5/6/2025,510,1978403.57,1006249.52,8,2,5,15,393440.95
115,new york midtown,United States,USD,6/4/2025,385,1813035.44,3122229.99,4,4,5,14,139288.4
115,new york midtown,United States,usd,3-Jun-25,661,3045152.98,1513316.9,1,3,15,20,359193.95
115,New York Midtown,United States, Usd ,2-Jun-25,767,4102003.35,104024.37,8,3,0,8,7272.36
115,New York Midtown,United States,USD,6/1/2025,427,2351450.43,4553542.79,4,7,30,24,67413.62
115,  New York Midtown  ,United States,USD,5/31/2025,330,2306919.02,1029014.41,14,4,15,9,210536.23
115,NEW YORK MIDTOWN,United States,USD,30-May-25,384,2785246.86,1875668.87,10,6,90,21,-182174.32
115,New York Midtown,United States,usd,29/05/2025,384,3084756.18,3814630.93,9,5,15,22,329543.96
115,NEW YORK MIDTOWN,United States,usd,5/28/2025,558,366195.62,386078.53,4,1,65,20,-85632.79
115,  New York Midtown  ,United States,Usd,5/27/2025,396,451735.68,1750686.84,2,7,0,16,181577.97
115,New York Midtown,United States,usd,26/05/2025,611,4123087.46,4081102.55,14,2,15,7,333934.85
115,NEW YORK MIDTOWN,United States,USD,25-May-25,103,3232367.67,3501574.46,15,0,0,5,-46699.37
115,new york midtown,United States,Usd,5/24/2025,380,1968250.07,3189936.46,12,0,90,20,335875.67
115,New York Midtown,United States,USD,23/05/2025,91,1040615.79,228227.66,7,9,0,19,-194993.34
115,  New York Midtown  ,United States,usd,5/22/2025,456,1103252.74,2704338.42,9,4,15,21,62010.41
115,new york midtown,United States,Usd,21/05/2025,392,1019073.55,4494744.23,12,1,0,24,-232.79
115,New York Midtown,United States,usd,5/20/2025,239,607832.77,1967887.72,3,3,5,10,331831.5
115,new york midtown,United States,Usd,19-May-25,419,2345709.86,3256758.94,7,9,45,12,-48235.76
115,new york midtown,United States,usd,5/18/2025,391,1071445.86,4736635.62,12,5,5,18,488960.64
115,New York Midtown,United States,Usd,5/17/2025,864,4934566.94,4293927.19,7,1,90,23,-124916.89
115,NEW YORK MIDTOWN,United States,USD,5/16/2025,330,4654289.16,1552060.42,12,9,65,9,-131937.13
115,new york midtown,United States, Usd ,15-May-25,809,4388400.97,426692.54,13,10,0,4,8228.95
115,  New York Midtown  ,United States,usd,5/14/2025,319,2311791.86,4664615.92,6,1,65,24,320982.37
115,New York Midtown,United States,usd,5/13/2025,64,607304.5,3637804.7,14,9,65,21,-8805.81
115,New York Midtown,United States,USD,5/12/2025,798,3474417.52,1116604.09,12,10,30,16,-179071.32
115,New York Midtown,United States, Usd ,11/5/2025,229,4865890.24,2904965.4,1,10,5,6,471600.22
115,New York Midtown,United States,usd,10-May-25,871,1373057.97,3372650.67,6,3,30,18,367247.75
115,New York Midtown,United States, Usd ,5/9/2025,860,1196028.36,4249860.01,1,4,65,15,-138108.8
115,New York Midtown,United States,usd,8-May-25,432,3310076.65,1887797.78,4,5,5,24,42751.42
115,  New York Midtown  ,United States, Usd ,5/7/2025,405,3848200.78,780784.27,15,10,15,21,85478.04
115,  New York Midtown  ,United States,usd,6/5/2025,390,4627359.42,3245047.5,14,8,0,25,-85006.69
115,new york midtown,United States,Usd,5/5/2025,603,3181852.36,3736729.77,4,3,5,16,-142779.62
115,NEW YORK MIDTOWN,United States,USD,4/5/2025,639,70000.46,4675801.06,5,3,65,25,296827.08
115,  New York Midtown  ,United States,Usd,3-May-25,611,4687793.93,2639449.08,12,3,5,22,45794.05
115,NEW YORK MIDTOWN,United States,usd,2/5/2025,705,3237316.23,820720.85,6,0,30,20,359954.65
115,NEW YORK MIDTOWN,United States,Usd,1/5/2025,297,3791212.82,1549145.15,6,8,0,24,-132388.94
115,NEW YORK MIDTOWN,United States,Usd,4/30/2025,173,1075082.62,4146900.18,2,1,0,12,116819.55
115,  New York Midtown  ,United States, Usd ,4/29/2025,60,3504201.65,1536066.62,12,5,5,10,12650.63
115,NEW YORK MIDTOWN,United States, Usd ,28/04/2025,82,2524974.49,1789909.94,8,7,15,16,327042.57
115,  New York Midtown  ,United States, Usd ,4/27/2025,77,1930838.11,4815702.89,2,7,5,12,180614.47
115,NEW YORK MIDTOWN,United States, Usd ,4/26/2025,438,3757808.5,1244824.27,15,0,0,14,16869.5
115,New York Midtown,United States,USD,25/04/2025,60,3434927.71,2987473.87,0,8,0,18,-151630.27
115,New York Midtown,United States,USD,4/24/2025,309,2949022.26,3506171.98,15,2,5,18,5372.63
115,  New York Midtown  ,United States, Usd ,4/23/2025,162,3449696.42,4844395.61,2,3,0,19,140373.22
115,new york midtown,United States, Usd ,4/22/2025,94,1546269.31,1155942.11,15,3,5,18,365892.96
115,new york midtown,United States,usd,4/21/2025,808,4895044.83,3045769.56,0,7,0,19,56672.95
115,  New York Midtown  ,United States,USD,20/04/2025,478,2394607.12,1430565.92,13,1,0,6,-138929.93
115,new york midtown,United States,usd,19-Apr-25,173,169340.91,477568.76,5,10,5,10,112271.48
115,New York Midtown,United States,USD,18-Apr-25,858,3298500.35,2931496.53,3,8,15,5,-37426.19
115,New York Midtown,United States,USD,4/17/2025,430,346970.23,3951031.11,3,8,5,25,-13878.74
115,new york midtown,United States,Usd,4/16/2025,299,4309899.14,4016065.19,6,10,5,19,134792.81
115,New York Midtown,United States,USD,4/15/2025,199,3352057.62,4296335.87,4,1,0,19,159369.21
115,new york midtown,United States, Usd ,4/14/2025,690,1840526.44,1165443.14,8,6,15,5,326659.66
115,New York Midtown,United States,USD,4/13/2025,247,3374697.1,4657360.91,12,7,65,23,385460.71
115,new york midtown,United States, Usd ,4/12/2025,679,4749470.14,2572259.06,13,10,30,24,-89900.41
115,NEW YORK MIDTOWN,United States, Usd ,11-Apr-25,664,203024.36,378353.18,2,2,5,24,-172036.02
115,New York Midtown,United States,Usd,10-Apr-25,360,4189806.14,3046214.55,9,7,5,20,141451.26
115,NEW YORK MIDTOWN,United States, Usd ,4/9/2025,400,2687058.62,3101014.96,2,4,5,24,-12251.86
115,new york midtown,United States,Usd,8-Apr-25,381,4540727.27,2851773.88,11,4,65,10,378014.65
115,New York Midtown,United States,usd,7/4/2025,836,3084615.97,3945122.25,9,3,0,25,280185.76
115,New York Midtown,United States,usd,6-Apr-25,170,3636733.86,4386921.07,7,3,0,23,352961.52
115,New York Midtown,United States,Usd,5-Apr-25,301,1988569.67,3599355.18,14,8,0,14,-97562.06
115,New York Midtown,United States, Usd ,4/4/2025,53,379404.7,4069356.36,8,7,0,18,454325.71
115,New York Midtown,United States,usd,3-Apr-25,322,302415.55,2167151.12,15,9,15,7,133457.71
115,new york midtown,United States,usd,2/4/2025,175,1838607.92,4016433.95,1,0,5,6,-5850.78
