loan_id,customer_id,branch_id,raw_loan_status,loan_purpose,local_currency,loan_amount_local,loan_amount_usd,interest_rate_pct,tenure_months,amount_repaid_local,outstanding_balance,raw_disbursement_date,raw_maturity_date
1,1777,114,approved,Personal Loan,AED,3509456.3,954572.11,25.73,36,1966841.92,1542614.38,27-Dec-2020,2023-05-04
2,1585,110,fully paid,Mortgage,ZAR,9782558.93,538040.74,12.78,12,2259230.19,7523328.74,01/29/2023,30/05/2024
3,1309,103,PENDING REVIEW,Mortgage,NGN,1116169.94,692.03,7.66,24,105740.62,1010429.32,2022-04-04,2027-11-24
4,1411,104, Active ,Agricultural Loan,NGN,16818530.74,10427.49,24.74,12,7197232.93,9621297.81,07-Jul-2024,2027-06-23
5,1775,101,FULLY PAID,Personal Loan,NGN,11809674.38,7322.0,22.27,12,657557.56,11152116.82,04/26/2021,09/10/2027
6,1088,114,Fully Paid,SME Working Capital,AED,7964595.51,2166369.98,6.48,18,7290766.68,673828.83,2022-06-24,18-Feb-2025
7,1280,113,active,Education Finance,EUR,6094487.45,6582046.45,4.59,60,3348511.03,2745976.42,07/31/2024,10-May-2026
8,1524,110,RESTRUCTURED,Auto Loan,ZAR,15974959.73,878622.79,5.72,48,6516418.41,9458541.32,24-Mar-2024,23-May-2026
9,1886,104,Fully Paid,Auto Loan,NGN,10101339.07,6262.83,11.06,48,9308422.27,792916.8,14-Apr-2022,2023-09-11
10,1262,103,FULLY PAID,SME Working Capital,NGN,3910111.51,2424.27,19.04,36,3579744.52,330366.99,05/22/2020,2025-01-09
11,126,101,RESTRUCTURED,Trade Finance / Import,NGN,9333159.8,5786.56,12.46,18,4030622.41,5302537.39,04/04/2022,03/06/2026
12,1824,102,written off,Trade Finance / Import,NGN,1340096.24,830.86,10.83,6,965138.8,374957.44,2022-09-15,2026-10-01
13,762,104, Active ,Mortgage,NGN,16138750.61,10006.03,8.34,6,1558573.74,14580176.87,31/05/2020,2027-01-22
14,298,107, Active ,Auto Loan,GHS,17443577.47,1151276.11,26.67,60,16983546.67,460030.8,15/03/2022,03/09/2025
15,545,112,WRITTEN OFF,Trade Finance / Import,GBP,17479216.67,22198605.17,24.37,12,559910.32,16919306.35,17/09/2021,22-Feb-2024
16,20,105,fully paid,Education Finance,NGN,4166167.65,2583.02,13.57,18,1636120.37,2530047.28,27/08/2020,2024-07-12
17,1308,110,written off,Education Finance,ZAR,17586337.65,967248.57,18.18,18,5482625.37,12103712.28,07/10/2022,07/02/2023
18,185,104,APPROVED,Asset Finance,NGN,1230313.82,762.79,25.08,12,213911.82,1016402.0,12-Aug-2020,11/27/2024
19,160,105,RESTRUCTURED,Education Finance,NGN,9092361.11,5637.26,8.7,60,6424091.69,2668269.42,06/02/2024,04/22/2024
20,1632,107,approved,Personal Loan,GHS,13916058.9,918459.89,22.95,18,9002684.04,4913374.86,2023-07-11,2024-03-10
21,42,111,restructured,Agricultural Loan,ZAR,4873425.04,268038.38,22.55,48,2837062.1,2036362.94,01/08/2020,06/04/2025
22,204,104,APPROVED,SME Working Capital,NGN,19036074.83,11802.37,24.6,48,11265329.35,7770745.48,05/13/2024,13-Dec-2026
23,1098,110,active,Trade Finance / Import,ZAR,646510.33,35558.07,20.24,12,562322.65,84187.68,03/12/2022,2025-01-08
24,816,112,pending review,Mortgage,GBP,13516279.54,17165675.02,6.84,60,12240869.8,1275409.74,19/12/2021,07/06/2025
25,965,102,pending review,Personal Loan,NGN,11877061.16,7363.78,22.39,36,6862544.75,5014516.41,22/10/2021,20/04/2023
26,636,101,Fully Paid,Auto Loan,NGN,8679412.87,5381.24,18.61,48,6770602.58,1908810.29,27/07/2024,2023-11-19
27,270,112,WRITTEN OFF,Education Finance,GBP,17502732.2,22228469.89,8.15,60,5446191.5,12056540.7,29/10/2024,2026-07-15
28,534,103,pending review,Education Finance,NGN,18047140.01,11189.23,10.57,36,2039498.73,16007641.28,2024-06-08,26/07/2026
29,1882,115,PENDING REVIEW,SME Working Capital,USD,15361623.47,15361623.47,9.61,12,2405637.35,12955986.12,09/18/2023,09-Jan-2026
30,88,112,RESTRUCTURED,Auto Loan,GBP,12077077.1,15337887.92,26.18,12,9439253.1,2637824.0,24/07/2020,2026-04-29
31,1577,113,pending review,SME Working Capital,EUR,13484133.99,14562864.71,22.1,60,5914868.15,7569265.84,05-Jan-2024,30/10/2023
32,910,111,written off,Auto Loan,ZAR,9672949.98,532012.25,6.77,60,7941307.76,1731642.22,25/04/2021,12/20/2024
33,275,109,fully paid,Education Finance,KES,18574154.41,143020.99,5.65,6,16342339.24,2231815.17,06/09/2020,2026-07-30
34,365,101,approved,Auto Loan,NGN,14016278.28,8690.09,16.11,36,6786880.81,7229397.47,11/21/2021,22/02/2026
35,1936,103,RESTRUCTURED,Auto Loan,NGN,7643455.08,4738.94,10.94,18,5222639.81,2420815.27,27/09/2024,2024-05-03
36,205,108, Active ,Auto Loan,KES,14913639.12,114835.02,17.37,36,6696688.65,8216950.47,03/20/2020,03/10/2027
37,612,110,FULLY PAID,Personal Loan,ZAR,14714069.47,809273.82,23.95,36,6321877.96,8392191.51,2022-12-03,04-Apr-2027
38,1531,104,active,Education Finance,NGN,14047675.02,8709.56,23.53,24,10520073.11,3527601.91,27-May-2020,04/07/2026
39,1210,111,RESTRUCTURED,Agricultural Loan,ZAR,18659853.12,1026291.92,16.54,12,10978263.47,7681589.65,01-May-2021,08/05/2024
40,174,105,Fully Paid,Personal Loan,NGN,16406248.75,10171.87,20.02,18,9782248.46,6624000.29,02/05/2021,2026-11-20
41,1636,111, Active ,SME Working Capital,ZAR,19218030.87,1056991.7,21.4,36,4480694.39,14737336.48,26/09/2021,01/06/2023
42,1960,101, Active ,Asset Finance,NGN,730008.03,452.6,20.51,48,581898.12,148109.91,2020-12-02,2023-04-16
43,480,114,FULLY PAID,Agricultural Loan,AED,503743.0,137018.1,22.07,18,131356.41,372386.59,11-Mar-2023,13/08/2023
44,1827,107,PENDING REVIEW,SME Working Capital,GHS,5560930.2,367021.39,24.29,18,1868462.05,3692468.15,07/05/2022,2026-11-06
45,1760,114,ACTIVE,Personal Loan,AED,1436752.88,390796.78,19.46,36,604470.99,832281.89,01/18/2021,2024-12-09
46,301,109,Fully Paid,Agricultural Loan,KES,9803838.76,75489.56,22.57,24,1029687.29,8774151.47,2021-08-02,10/10/2023
47,1082,104,ACTIVE,Asset Finance,NGN,17798096.72,11034.82,11.01,60,3801523.0,13996573.72,07/08/2024,07/22/2027
48,1126,111,pending review,Auto Loan,ZAR,15144737.2,832960.55,4.89,18,2843300.47,12301436.73,03/04/2023,19-Nov-2023
49,1055,114,FULLY PAID,Personal Loan,AED,839682.01,228393.51,6.92,12,338738.11,500943.9,22/03/2024,2027-09-28
50,1163,112,approved,Agricultural Loan,GBP,4829210.64,6133097.51,5.41,48,2965223.67,1863986.97,26/01/2023,2024-03-02
51,1078,109,APPROVED,Mortgage,KES,5992875.95,46145.14,10.73,18,52196.56,5940679.39,06/23/2024,03/23/2024
52,549,103,PENDING REVIEW,Trade Finance / Import,NGN,7796493.88,4833.83,8.59,36,2952895.2,4843598.68,30-Nov-2020,14-Apr-2023
53,888,114,written off,SME Working Capital,AED,4544919.27,1236218.04,19.6,36,230706.85,4314212.42,2023-08-26,28/07/2025
54,1343,115,RESTRUCTURED,Education Finance,USD,4869501.49,4869501.49,25.83,12,4313052.42,556449.07,14-Mar-2023,12/01/2027
55,343,106,defaulted,Auto Loan,GHS,2540843.37,167695.66,25.03,36,701481.2,1839362.17,2023-09-13,03/06/2024
56,546,101,active,Auto Loan,NGN,11271233.46,6988.16,17.41,48,9938626.3,1332607.16,2020-11-14,20/10/2024
57,258,109,active,Personal Loan,KES,4733996.82,36451.78,21.72,18,95102.12,4638894.7,13-Jan-2023,12/15/2027
58,702,103,DEFAULTED,Mortgage,NGN,8855778.66,5490.58,16.38,6,3885109.49,4970669.17,16-Jun-2020,2024-03-19
59,1205,103,fully paid,Trade Finance / Import,NGN,8065961.28,5000.9,5.55,18,6381568.16,1684393.12,06/24/2020,09-Feb-2025
60,1620,115,approved,SME Working Capital,USD,14412313.72,14412313.72,26.34,48,11127922.21,3284391.51,2023-03-28,2025-05-19
61,105,114,defaulted,Mortgage,AED,17619143.94,4792407.15,20.44,18,9443467.59,8175676.35,2022-01-26,11/30/2026
62,993,115,active,Personal Loan,USD,19496919.98,19496919.98,22.84,48,7986569.0,11510350.98,11/29/2023,06/01/2025
63,1018,108,restructured,Trade Finance / Import,KES,18628256.33,143437.57,27.88,48,7013661.7,11614594.63,24/08/2022,2024-01-06
64,1354,106,restructured,Personal Loan,GHS,5851044.08,386168.91,23.36,18,5496707.12,354336.96,2024-06-18,18/03/2023
65,679,115,FULLY PAID,Auto Loan,USD,12498802.55,12498802.55,16.47,24,3523656.01,8975146.54,30-Aug-2023,12/07/2027
66,1712,109,fully paid,Trade Finance / Import,KES,12996205.31,100070.78,20.12,24,3722615.42,9273589.89,06-Jan-2022,29-Jan-2024
67,1024,105,defaulted,Mortgage,NGN,705226.37,437.24,14.06,24,566135.88,139090.49,10-Jul-2022,12/02/2023
68,819,108,fully paid,Mortgage,KES,17887374.59,137732.78,23.77,6,14748442.91,3138931.68,2020-12-13,26/10/2023
69,1828,109,WRITTEN OFF,Personal Loan,KES,3355056.97,25833.94,12.48,60,2756446.17,598610.8,09/25/2024,15/04/2027
70,257,113,DEFAULTED,Auto Loan,EUR,6292827.83,6796254.06,16.7,60,3031563.52,3261264.31,17-May-2022,06/11/2025
71,1292,114,defaulted,Trade Finance / Import,AED,13360543.48,3634067.83,10.86,6,9846850.38,3513693.1,2022-07-26,31-May-2025
72,1094,114,APPROVED,Auto Loan,AED,19416092.01,5281177.03,25.7,36,14551903.93,4864188.08,10/03/2021,11/19/2024
73,425,104,ACTIVE,Mortgage,NGN,11941340.22,7403.63,6.0,24,4814968.2,7126372.02,2022-11-01,08/11/2025
74,893,115,Fully Paid,SME Working Capital,USD,9605445.38,9605445.38,17.39,48,4229565.48,5375879.9,2021-10-31,2027-05-05
75,1197,111,fully paid,Personal Loan,ZAR,12484123.03,686626.77,15.68,12,5625279.85,6858843.18,2023-03-30,13-Dec-2025
76,59,103,PENDING REVIEW,SME Working Capital,NGN,1939504.44,1202.49,27.61,24,1149585.94,789918.5,01-Oct-2023,27/09/2024
77,1208,115,FULLY PAID,SME Working Capital,USD,4414750.64,4414750.64,4.53,60,3680276.11,734474.53,31-Jan-2021,09/08/2027
78,1984,115,FULLY PAID,Asset Finance,USD,1632609.48,1632609.48,16.14,48,649740.84,982868.64,10/11/2022,04-Jan-2025
79,281,114,PENDING REVIEW,SME Working Capital,AED,4683170.4,1273822.35,4.13,48,792929.27,3890241.13,2023-03-24,20-Apr-2025
80,1083,115,FULLY PAID,Education Finance,USD,504311.96,504311.96,22.96,60,212592.6,291719.36,22/03/2024,29-Jan-2027
81,169,115,DEFAULTED,Agricultural Loan,USD,2767958.3,2767958.3,17.93,12,1688660.31,1079297.99,2022-04-04,11/29/2027
82,1388,113,PENDING REVIEW,Auto Loan,EUR,965222.59,1042440.4,23.12,12,67816.09,897406.5,15/10/2024,01/12/2024
83,879,114,WRITTEN OFF,Auto Loan,AED,17996669.59,4895094.13,12.35,24,276352.49,17720317.1,2020-07-22,25/03/2023
84,1549,108,DEFAULTED,SME Working Capital,KES,9838024.65,75752.79,9.89,60,1328657.69,8509366.96,20/04/2020,02/21/2026
85,1765,114,active,Education Finance,AED,7395311.91,2011524.84,6.25,18,3806397.58,3588914.33,2022-08-10,04/05/2027
86,1604,108,PENDING REVIEW,Trade Finance / Import,KES,13249078.62,102017.91,9.22,48,11612472.32,1636606.3,09/11/2021,07/11/2025
87,1864,106,DEFAULTED,Mortgage,GHS,16007709.8,1056508.85,16.88,12,11369717.22,4637992.58,2023-10-31,02/10/2027
88,1734,107,active,Agricultural Loan,GHS,6135505.22,404943.34,16.47,36,2752395.47,3383109.75,09/01/2022,01-May-2027
89,220,103,FULLY PAID,Trade Finance / Import,NGN,1961128.15,1215.9,17.31,48,55699.26,1905428.89,17-May-2020,03/16/2026
90,467,105,WRITTEN OFF,Auto Loan,NGN,9468568.22,5870.51,11.91,6,7228834.04,2239734.18,2021-11-23,24-Jun-2027
91,696,103,fully paid,Trade Finance / Import,NGN,965975.1,598.9,7.39,24,909184.0,56791.1,17-Mar-2020,09/12/2027
92,1709,107,FULLY PAID,SME Working Capital,GHS,18858693.69,1244673.78,10.89,60,82140.68,18776553.01,02-May-2021,13/04/2025
93,1647,111,written off,SME Working Capital,ZAR,15527575.0,854016.62,25.26,18,15350779.39,176795.61,2024-10-21,21-Feb-2024
94,1789,115,written off,Auto Loan,USD,17553537.38,17553537.38,25.85,36,14639054.61,2914482.77,07/29/2020,2023-06-14
95,690,114,written off,Asset Finance,AED,5345905.19,1454086.21,11.63,60,245278.88,5100626.31,02/08/2021,19/08/2025
96,158,109,Fully Paid,Personal Loan,KES,13939179.35,107331.68,11.04,48,9339131.77,4600047.58,05-Feb-2024,2023-08-15
97,1373,105, Active ,Auto Loan,NGN,7452609.52,4620.62,23.83,6,2199652.02,5252957.5,26/12/2024,2026-04-23
98,432,109,written off,Asset Finance,KES,1378211.85,10612.23,18.13,60,147128.24,1231083.61,17/06/2024,2027-01-10
99,439,113,PENDING REVIEW,Personal Loan,EUR,528543.24,570826.7,5.43,60,485095.84,43447.4,2024-03-15,06/12/2026
100,168,108,RESTRUCTURED,Auto Loan,KES,18131279.06,139610.85,13.95,24,4078059.95,14053219.11,16-Oct-2023,2024-08-29
101,60,111,written off,Agricultural Loan,ZAR,7772710.13,427499.06,21.14,12,7146915.37,625794.76,16-Sep-2020,21-Feb-2027
102,1647,111,restructured,Personal Loan,ZAR,19972977.1,1098513.74,6.34,12,12497884.77,7475092.33,2023-04-23,03/10/2027
103,20,105, Active ,Agricultural Loan,NGN,9448481.91,5858.06,7.73,60,4158374.88,5290107.03,2020-02-10,22-Sep-2027
104,441,113,approved,Personal Loan,EUR,18830155.69,20336568.15,4.0,12,9712142.99,9118012.7,2024-04-06,11/10/2027
105,376,107,fully paid,Education Finance,GHS,8783222.79,579692.7,4.32,24,3118256.46,5664966.33,08/06/2022,2026-04-20
106,1497,106,restructured,Asset Finance,GHS,5620416.4,370947.48,24.85,48,1633145.16,3987271.24,02/22/2021,2023-04-14
107,90,109,written off,Asset Finance,KES,13706779.53,105542.2,19.47,24,13562351.69,144427.84,2022-06-21,13-Jun-2026
108,1898,111,pending review,Asset Finance,ZAR,5457476.3,300161.2,26.56,6,2536317.27,2921159.03,17-Apr-2024,31/01/2024
109,622,111,active,SME Working Capital,ZAR,459642.34,25280.33,13.69,12,355279.4,104362.94,20-Oct-2021,03/26/2027
110,808,108,fully paid,Education Finance,KES,1698256.41,13076.57,17.24,6,368383.99,1329872.42,08/10/2022,10-Feb-2025
111,1877,105,written off,Agricultural Loan,NGN,9668135.3,5994.24,24.99,12,8774409.58,893725.72,08/19/2023,31/01/2027
112,1297,106,fully paid,Personal Loan,GHS,19031388.73,1256071.66,7.84,12,9586103.89,9445284.84,07/09/2020,28/02/2025
113,1178,103,Fully Paid,Asset Finance,NGN,2232704.32,1384.28,21.23,12,406583.94,1826120.38,16-May-2023,04/05/2026
114,1637,111,approved,Asset Finance,ZAR,11810153.99,649558.47,16.06,36,1509468.13,10300685.86,07-Feb-2022,07/09/2025
115,1221,101,WRITTEN OFF,Personal Loan,NGN,9480296.74,5877.78,18.22,24,1188731.53,8291565.21,07/24/2022,02/28/2027
116,43,113,DEFAULTED,Agricultural Loan,EUR,17651806.37,19063950.88,24.48,24,9764644.4,7887161.97,2022-02-17,10/12/2023
117,1371,114,pending review,Auto Loan,AED,16052041.62,4366155.32,5.6,12,11967084.0,4084957.62,06/25/2021,11/04/2026
118,534,103,APPROVED,Agricultural Loan,NGN,17231239.5,10683.37,19.81,24,2045004.14,15186235.36,2024-11-10,27/07/2027
119,1285,115, Active ,Auto Loan,USD,14548379.99,14548379.99,10.99,6,7136160.58,7412219.41,11/29/2020,02/08/2027
120,424,114,WRITTEN OFF,Agricultural Loan,AED,7678109.39,2088445.75,24.92,6,4932603.57,2745505.82,25/07/2022,2026-10-25
121,890,108,pending review,Mortgage,KES,14240964.89,109655.43,14.03,36,11439179.48,2801785.41,07/24/2021,27-Feb-2026
122,669,107,FULLY PAID,SME Working Capital,GHS,5644110.25,372511.28,27.49,18,2543262.56,3100847.69,2023-08-21,24-Nov-2023
123,1695,111,RESTRUCTURED,Asset Finance,ZAR,9340895.9,513749.27,10.07,60,1465671.79,7875224.11,11/30/2024,10/28/2023
124,1259,101,restructured,Education Finance,NGN,16064533.84,9960.01,16.29,48,4864736.66,11199797.18,11/07/2020,09-Aug-2027
125,304,112, Active ,Education Finance,GBP,17401150.44,22099461.06,4.78,18,2217332.22,15183818.22,11-Feb-2022,16/09/2025
126,584,115,fully paid,Auto Loan,USD,1682815.38,1682815.38,16.01,6,555934.75,1126880.63,03/22/2022,07/09/2023
127,1052,112,ACTIVE,SME Working Capital,GBP,17207649.01,21853714.24,14.35,12,14338320.2,2869328.81,02/10/2020,22/04/2025
128,719,107,PENDING REVIEW,Personal Loan,GHS,7197618.19,475042.8,18.62,60,2447494.84,4750123.35,13/09/2023,25/08/2027
129,607,111,FULLY PAID,Agricultural Loan,ZAR,10532410.28,579282.57,26.11,60,8674270.84,1858139.44,14-Aug-2024,2023-12-19
130,298,107, Active ,Trade Finance / Import,GHS,7705259.97,508547.16,6.74,60,311356.74,7393903.23,05/12/2024,14/06/2027
131,41,115,Fully Paid,Mortgage,USD,11423773.07,11423773.07,11.33,6,2494265.69,8929507.38,02/24/2022,01/18/2024
132,1617,109,pending review,Personal Loan,KES,5115174.1,39386.84,24.98,12,2754620.89,2360553.21,03-Oct-2023,11/11/2023
133,1951,113,FULLY PAID,Personal Loan,EUR,8639815.01,9331000.21,4.37,6,3384659.21,5255155.8,24-Sep-2021,09/27/2026
134,778,113,ACTIVE,Agricultural Loan,EUR,4592242.43,4959621.82,22.66,18,3387025.27,1205217.16,20/12/2022,05-Dec-2025
135,291,102,defaulted,Personal Loan,NGN,5508541.28,3415.3,12.36,60,5161278.06,347263.22,2023-12-03,02/14/2025
136,575,107,written off,Trade Finance / Import,GHS,1283244.65,84694.15,16.02,24,1178280.05,104964.6,27/07/2023,2023-06-19
137,1275,108,FULLY PAID,Mortgage,KES,7915167.37,60946.79,26.73,6,3032646.12,4882521.25,04/03/2020,2023-10-11
138,885,109,PENDING REVIEW,Agricultural Loan,KES,13796710.81,106234.67,10.05,24,8368453.51,5428257.3,2024-03-30,09/10/2024
139,181,102,APPROVED,Asset Finance,NGN,11525186.91,7145.62,4.7,60,3898790.31,7626396.6,2020-11-20,01/02/2027
140,1662,115,APPROVED,Mortgage,USD,18712536.83,18712536.83,23.48,6,8853107.22,9859429.61,08/21/2020,03/10/2027
141,1011,103,RESTRUCTURED,Trade Finance / Import,NGN,12983366.87,8049.69,6.3,36,6040458.16,6942908.71,2020-07-18,07/13/2023
142,106,115,WRITTEN OFF,Education Finance,USD,1004926.59,1004926.59,15.82,6,804534.23,200392.36,05/10/2021,12/15/2025
143,539,102,APPROVED,SME Working Capital,NGN,5443778.37,3375.14,17.01,18,1286716.53,4157061.84,02-Oct-2021,05/18/2026
144,1439,113,PENDING REVIEW,Mortgage,EUR,14542885.35,15706316.18,25.73,60,14222826.45,320058.9,06-Sep-2024,13-Mar-2025
145,1910,101,ACTIVE,Auto Loan,NGN,5560727.16,3447.65,9.31,60,1042403.47,4518323.69,2021-06-05,2024-06-25
146,248,114,active,Agricultural Loan,AED,18577911.64,5053191.97,14.61,48,2207877.44,16370034.2,05/05/2023,01/10/2026
147,886,104,WRITTEN OFF,Mortgage,NGN,13659114.42,8468.65,5.5,24,3774664.48,9884449.94,2021-09-05,2024-10-02
148,537,103,PENDING REVIEW,Mortgage,NGN,13690717.55,8488.24,13.53,60,12518431.85,1172285.7,2021-09-23,26/12/2026
149,1815,101,active,Asset Finance,NGN,17001861.94,10541.15,24.93,6,3588394.1,13413467.84,07/17/2024,05/20/2025
150,1589,111,WRITTEN OFF,Agricultural Loan,ZAR,651076.87,35809.23,11.75,6,427514.95,223561.92,2021-03-06,25-Nov-2024
151,1690,101, Active ,Personal Loan,NGN,6216268.67,3854.09,10.66,48,3634056.98,2582211.69,16/08/2022,02/25/2025
152,1524,110,PENDING REVIEW,SME Working Capital,ZAR,16937743.33,931575.88,15.41,36,16007532.56,930210.77,05/26/2023,31-Oct-2026
153,563,113,pending review,Asset Finance,EUR,12754071.93,13774397.68,18.96,6,6319232.29,6434839.64,2024-06-21,2027-05-26
154,71,101,fully paid,Mortgage,NGN,2044121.95,1267.36,26.15,36,1856841.93,187280.02,02-Aug-2021,12/05/2025
155,1958,114,ACTIVE,Trade Finance / Import,AED,12023590.54,3270416.63,19.45,18,2158278.75,9865311.79,25/03/2024,20/09/2024
156,1846,112,APPROVED,Agricultural Loan,GBP,384490.79,488303.3,12.69,18,310618.2,73872.59,13/11/2024,13-Jul-2025
157,1616,115,RESTRUCTURED,Personal Loan,USD,4900195.39,4900195.39,16.49,60,1579549.68,3320645.71,06/26/2023,04-Oct-2027
158,492,111, Active ,Auto Loan,ZAR,16820821.0,925145.16,21.34,36,5447204.78,11373616.22,19/01/2021,01/10/2026
159,697,111,ACTIVE,Mortgage,ZAR,6552596.7,360392.82,12.03,24,3020416.91,3532179.79,26-Nov-2024,11/04/2024
160,1328,113,FULLY PAID,Personal Loan,EUR,6425916.51,6939989.83,15.99,60,2244154.55,4181761.96,2020-09-23,2023-12-30
161,1408,115,WRITTEN OFF,Trade Finance / Import,USD,554643.42,554643.42,20.87,18,249382.73,305260.69,12/10/2020,27/06/2023
162,999,111,FULLY PAID,Mortgage,ZAR,17446093.1,959535.12,18.34,60,16963370.49,482722.61,01/02/2020,08/15/2024
163,1003,107,RESTRUCTURED,SME Working Capital,GHS,15964744.78,1053673.16,18.44,60,5993490.25,9971254.53,06/27/2022,06/21/2026
164,263,105,written off,Asset Finance,NGN,15338882.48,9510.11,26.57,36,13613174.73,1725707.75,2022-11-24,22-Sep-2026
165,309,110,Fully Paid,Auto Loan,ZAR,5127345.12,282003.98,4.19,36,4039947.22,1087397.9,15/11/2024,2025-02-08
166,1297,106,Fully Paid,Auto Loan,GHS,4295147.29,283479.72,7.49,60,3322787.86,972359.43,08/09/2020,17/03/2027
167,323,107,defaulted,SME Working Capital,GHS,457146.51,30171.67,23.25,48,242823.75,214322.76,02/03/2020,03/09/2024
168,503,113,fully paid,Education Finance,EUR,7105608.26,7674056.92,22.88,36,5634482.7,1471125.56,23/11/2020,04-Jun-2027
169,1800,108,DEFAULTED,Education Finance,KES,2758302.38,21238.93,18.23,18,596129.44,2162172.94,12/20/2021,09/08/2026
170,1680,109,WRITTEN OFF,SME Working Capital,KES,14925732.54,114928.14,23.27,24,9794884.73,5130847.81,03-Nov-2024,10/05/2023
171,1451,106,pending review,SME Working Capital,GHS,14309233.33,944409.4,12.17,60,4477201.89,9832031.44,2020-12-14,10/23/2027
172,1879,114,fully paid,Education Finance,AED,12993319.73,3534182.97,11.76,48,6693178.77,6300140.96,04/01/2021,25-Mar-2026
173,674,103,PENDING REVIEW,Auto Loan,NGN,4241448.23,2629.7,19.19,12,360410.2,3881038.03,2020-07-24,2027-09-09
174,569,107,RESTRUCTURED,Trade Finance / Import,GHS,2411389.37,159151.7,4.92,36,727978.13,1683411.24,14-Jun-2020,2025-06-21
175,891,111,approved,Agricultural Loan,ZAR,3543786.84,194908.28,7.7,60,776824.56,2766962.28,2023-09-15,06/14/2026
176,465,109,WRITTEN OFF,Auto Loan,KES,12104710.51,93206.27,23.71,60,11631725.98,472984.53,2020-06-09,2024-03-25
177,236,109,fully paid,Mortgage,KES,6429652.56,49508.32,23.02,6,3300334.01,3129318.55,22/10/2020,01/17/2024
178,1818,108,APPROVED,SME Working Capital,KES,5245045.25,40386.85,10.41,18,4373948.58,871096.67,04/22/2020,01/16/2026
179,61,106,restructured,Mortgage,GHS,11217915.72,740382.44,18.2,48,7674593.42,3543322.3,15-Dec-2023,12/11/2026
180,1208,115,DEFAULTED,Auto Loan,USD,17469525.99,17469525.99,12.47,36,7819818.22,9649707.77,22/03/2022,05/08/2025
181,1661,104,approved,Auto Loan,NGN,3469023.57,2150.79,8.56,18,2422566.6,1046456.97,07/13/2024,29/05/2024
182,713,103,restructured,Agricultural Loan,NGN,15047429.33,9329.41,27.55,18,14404112.01,643317.32,09/25/2020,29-Sep-2027
183,972,101,written off,Auto Loan,NGN,2702933.35,1675.82,11.11,36,1969587.78,733345.57,24-Jan-2021,03-Sep-2024
184,622,111,approved,Mortgage,ZAR,2928367.47,161060.21,8.88,6,2211230.11,717137.36,20/06/2021,2025-08-21
185,1433,108,FULLY PAID,Asset Finance,KES,15376997.1,118402.88,5.09,24,2621967.94,12755029.16,10/16/2021,2024-09-13
186,1157,113, Active ,Education Finance,EUR,5653119.41,6105368.96,16.66,36,4084136.3,1568983.11,2022-10-28,06-Apr-2024
187,1068,105,RESTRUCTURED,SME Working Capital,NGN,12642458.57,7838.32,10.06,18,9704777.79,2937680.78,2020-05-19,2025-11-14
188,1565,105,restructured,Education Finance,NGN,17863312.43,11075.25,21.95,18,1900441.55,15962870.88,22/09/2020,2024-12-05
189,1309,103,PENDING REVIEW,Education Finance,NGN,1908932.44,1183.54,20.45,36,1756286.45,152645.99,2021-09-25,28/02/2023
190,1965,102,PENDING REVIEW,Personal Loan,NGN,6852515.23,4248.56,14.29,60,4408898.98,2443616.25,2020-04-04,27/05/2026
191,1961,101,PENDING REVIEW,Asset Finance,NGN,8267957.95,5126.13,20.07,18,3228307.78,5039650.17,05/06/2022,25-Sep-2024
192,1985,108,PENDING REVIEW,Asset Finance,KES,1907879.23,14690.67,26.9,12,1049488.12,858391.11,2021-10-09,2026-11-09
193,544,113,APPROVED,Agricultural Loan,EUR,10735628.83,11594479.14,23.42,36,3891662.2,6843966.63,25-Apr-2022,2026-05-14
194,512,112,active,Asset Finance,GBP,9490634.12,12053105.33,18.29,24,8041725.41,1448908.71,2024-04-22,19/04/2026
195,1125,103,fully paid,Education Finance,NGN,4184829.01,2594.59,13.94,18,2967207.25,1217621.76,2021-05-23,26-Apr-2025
196,368,104,pending review,Agricultural Loan,NGN,18350055.76,11377.03,4.12,6,17190784.28,1159271.48,11/06/2021,30-May-2023
197,1670,114,active,Agricultural Loan,AED,11405393.47,3102267.02,18.63,48,2094034.59,9311358.88,2022-12-28,2025-02-02
198,1164,107,active,SME Working Capital,GHS,2361290.98,155845.2,9.67,12,505609.0,1855681.98,22/12/2024,15-Apr-2025
199,514,108,fully paid,Education Finance,KES,19087914.59,146976.94,20.74,24,9651155.49,9436759.1,23-Dec-2021,04/24/2023
200,1404,111, Active ,Personal Loan,ZAR,17865782.93,982618.06,25.32,36,5278031.13,12587751.8,2022-02-05,2025-12-21
201,853,109,pending review,Agricultural Loan,KES,13537142.07,104235.99,10.52,48,10004924.88,3532217.19,27-Nov-2024,17/07/2025
202,1184,101,pending review,Agricultural Loan,NGN,14598075.25,9050.81,20.61,6,2254540.84,12343534.41,13/09/2021,10/22/2026
203,778,113,RESTRUCTURED,Auto Loan,EUR,7177675.65,7751889.7,23.93,48,5797423.2,1380252.45,15-Aug-2020,03/30/2027
204,1196,109,restructured,Trade Finance / Import,KES,7159442.92,55127.71,21.69,24,111674.92,7047768.0,2024-12-30,2025-12-28
205,1519,105, Active ,Personal Loan,NGN,19340355.94,11991.02,4.22,36,5176975.93,14163380.01,19-Nov-2023,2025-04-02
206,376,107,defaulted,Agricultural Loan,GHS,10280415.35,678507.41,12.08,18,7752334.58,2528080.77,11/08/2022,03/08/2023
207,1355,109,approved,Education Finance,KES,16806642.51,129411.15,6.28,48,6731069.1,10075573.41,2022-12-27,08/25/2023
208,92,106,ACTIVE,Agricultural Loan,GHS,3273118.27,216025.81,10.87,24,20801.41,3252316.86,27/10/2024,06/17/2025
209,266,104,written off,Mortgage,NGN,10593149.49,6567.75,9.46,60,2751441.17,7841708.32,2023-04-26,20/09/2027
210,349,103,Fully Paid,SME Working Capital,NGN,19691268.21,12208.59,24.78,48,11532314.23,8158953.98,09/06/2021,05/30/2023
211,1373,105,PENDING REVIEW,Personal Loan,NGN,2578038.88,1598.38,24.77,18,2124756.79,453282.09,09/19/2023,2026-12-11
212,162,103,approved,Mortgage,NGN,11080470.81,6869.89,23.13,60,8159281.7,2921189.11,09/06/2022,2026-12-24
213,1417,101,ACTIVE,Mortgage,NGN,7751964.84,4806.22,14.17,60,2925455.88,4826508.96,27-Oct-2022,2027-05-06
214,1819,115,approved,Personal Loan,USD,1651850.77,1651850.77,22.79,60,1572218.39,79632.38,04/13/2022,2025-01-06
215,278,107,defaulted,Agricultural Loan,GHS,11389054.02,751677.57,26.8,48,5460200.35,5928853.67,2024-09-07,01/17/2023
216,1590,111,active,Auto Loan,ZAR,19474570.72,1071101.39,15.49,12,1359666.57,18114904.15,03-Jun-2023,2024-09-08
217,1796,102,ACTIVE,Auto Loan,NGN,13189339.95,8177.39,11.29,24,12611321.23,578018.72,03/21/2022,27-Sep-2025
218,260,108,approved,Personal Loan,KES,4789671.38,36880.47,9.16,12,1904325.16,2885346.22,22/06/2024,03/11/2026
219,755,107,written off,Asset Finance,GHS,10694939.13,705865.98,21.54,36,962148.98,9732790.15,2024-03-31,16-Feb-2023
220,1295,104,APPROVED,Education Finance,NGN,6090344.7,3776.01,10.01,6,5907030.81,183313.89,16-Jul-2021,2026-10-08
221,525,106,approved,Auto Loan,GHS,13935589.41,919748.9,21.41,12,9497248.11,4438341.3,09/09/2021,28-Jun-2025
222,968,112,pending review,Asset Finance,GBP,8749433.36,11111780.37,9.56,48,4967321.7,3782111.66,12/30/2021,2024-02-02
223,30,114, Active ,Personal Loan,AED,7897195.43,2148037.16,17.13,24,5484682.15,2412513.28,22-Sep-2021,2027-08-29
224,1231,101, Active ,SME Working Capital,NGN,356797.81,221.21,16.92,18,50980.11,305817.7,12-Mar-2023,01/12/2025
225,381,107,defaulted,Trade Finance / Import,GHS,15215313.25,1004210.67,17.8,36,287013.39,14928299.86,13-Sep-2024,05-May-2027
226,327,112,restructured,SME Working Capital,GBP,19695486.33,25013267.64,22.32,48,827325.2,18868161.13,26/11/2023,30/10/2027
227,790,101,Fully Paid,Asset Finance,NGN,15516582.56,9620.28,17.47,18,9565911.39,5950671.17,2023-01-16,27/07/2026
228,1675,103,APPROVED,SME Working Capital,NGN,12852082.2,7968.29,21.64,48,4386349.91,8465732.29,12/09/2020,12/21/2026
229,1817,114,FULLY PAID,SME Working Capital,AED,2938866.03,799371.56,6.47,18,462028.96,2476837.07,2020-04-30,2027-12-16
230,1803,114,defaulted,Education Finance,AED,9353654.44,2544194.01,7.22,18,5946831.16,3406823.28,04/25/2021,2026-11-10
231,322,107,DEFAULTED,Asset Finance,GHS,3983429.26,262906.33,26.04,60,1014882.36,2968546.9,2021-07-03,2027-04-21
232,510,109,active,Auto Loan,KES,4484451.87,34530.28,11.62,24,2269173.0,2215278.87,2021-01-30,15/07/2023
233,579,107,fully paid,Asset Finance,GHS,4253673.33,280742.44,19.01,12,613770.35,3639902.98,2022-09-28,28/02/2024
234,986,112,WRITTEN OFF,Agricultural Loan,GBP,10443918.49,13263776.48,21.98,36,3946993.01,6496925.48,09/03/2020,2024-02-08
235,663,110,ACTIVE,Trade Finance / Import,ZAR,3364670.48,185056.88,10.64,60,589110.72,2775559.76,14/06/2023,08/19/2025
236,873,109,fully paid,Trade Finance / Import,KES,17577232.74,135344.69,20.19,24,3199561.9,14377670.84,03/25/2024,09/12/2025
237,1161,107,WRITTEN OFF,Auto Loan,GHS,9757634.31,644003.86,8.38,60,327370.3,9430264.01,31-Oct-2023,08/05/2024
238,1133,114,RESTRUCTURED,Personal Loan,AED,8662147.48,2356104.11,20.53,36,3536343.06,5125804.42,02-Oct-2020,24-Dec-2025
239,1534,109,restructured,Agricultural Loan,KES,17188144.89,132348.72,25.06,36,1030594.81,16157550.08,2024-08-10,2024-08-23
240,862,106,WRITTEN OFF,Personal Loan,GHS,14032692.8,926157.72,17.15,36,10217440.12,3815252.68,21-Feb-2024,07/22/2025
241,1367,106,fully paid,Agricultural Loan,GHS,7011050.08,462729.31,27.91,24,2277584.77,4733465.31,04/06/2020,04/07/2024
242,2000,114,active,Auto Loan,AED,2886558.67,785143.96,17.02,12,1610814.92,1275743.75,13/05/2022,15/02/2025
243,1613,108,defaulted,Auto Loan,KES,2110242.43,16248.87,21.74,24,2024321.14,85921.29,28/03/2022,03/01/2025
244,951,113,written off,Asset Finance,EUR,2331111.04,2517599.92,27.52,60,426785.85,1904325.19,01/05/2023,06-Jan-2026
245,1633,107, Active ,SME Working Capital,GHS,16336771.14,1078226.9,18.68,36,5384677.08,10952094.06,2023-04-20,02/04/2024
246,1703,111,defaulted,Agricultural Loan,ZAR,5429440.54,298619.23,8.68,48,3336145.37,2093295.17,01/16/2021,18/02/2026
247,933,108,active,SME Working Capital,KES,5590850.53,43049.55,16.41,6,233273.04,5357577.49,2023-04-21,06-May-2026
248,1289,101,DEFAULTED,Auto Loan,NGN,11274026.82,6989.9,11.59,6,6523982.04,4750044.78,04/20/2022,2026-04-06
249,1241,101,fully paid,Personal Loan,NGN,13794607.46,8552.66,20.74,60,9886778.03,3907829.43,01/23/2022,2023-06-07
250,618,114,written off,Personal Loan,AED,6127029.89,1666552.13,17.76,60,2498300.52,3628729.37,12/07/2024,2025-11-14
251,1073,113,WRITTEN OFF,Agricultural Loan,EUR,1722502.05,1860302.21,11.33,18,225760.53,1496741.52,02/12/2021,2023-10-26
252,1519,105,written off,Agricultural Loan,NGN,3226623.26,2000.51,5.55,36,790827.72,2435795.54,28/01/2021,07-Dec-2024
253,1841,104,fully paid,Trade Finance / Import,NGN,3289394.96,2039.42,16.87,12,2605464.43,683930.53,17/01/2023,2026-05-02
254,69,112,restructured,SME Working Capital,GBP,4576604.76,5812288.05,22.61,36,4342900.84,233703.92,01/23/2024,23/01/2023
255,572,106,restructured,Asset Finance,GHS,10707224.37,706676.81,25.13,6,2821933.12,7885291.25,04/05/2022,16/02/2023
256,219,102, Active ,Agricultural Loan,NGN,17193301.71,10659.85,6.92,24,12545108.04,4648193.67,25-Oct-2022,24/02/2024
257,353,108,WRITTEN OFF,SME Working Capital,KES,15244320.57,117381.27,27.15,24,11371241.27,3873079.3,06/02/2023,15/01/2024
258,137,113,approved,Personal Loan,EUR,4582140.43,4948711.66,12.51,60,4514774.83,67365.6,19-Apr-2023,2025-12-10
259,1046,112,ACTIVE,SME Working Capital,GBP,10516056.11,13355391.26,7.58,60,5177488.48,5338567.63,27-Jul-2020,21-Jan-2024
260,301,109,RESTRUCTURED,Mortgage,KES,11679898.55,89935.22,19.61,48,2986497.67,8693400.88,2021-09-08,03/08/2025
261,1460,102,active,Trade Finance / Import,NGN,16859932.11,10453.16,18.12,60,4603310.72,12256621.39,07/08/2023,2025-10-07
262,305,112,APPROVED,Asset Finance,GBP,485562.99,616665.0,23.56,6,33375.67,452187.32,25-Jan-2022,16-Apr-2024
263,1929,111,FULLY PAID,Asset Finance,ZAR,4553441.47,250439.28,13.52,12,492629.18,4060812.29,03/03/2022,10/07/2023
264,1395,115,WRITTEN OFF,Auto Loan,USD,8209058.8,8209058.8,7.56,6,901008.4,7308050.4,10/28/2023,18/01/2024
265,969,110,defaulted,Education Finance,ZAR,3079294.22,169361.18,16.43,48,1583816.51,1495477.71,01/15/2022,02/12/2024
266,1076,109,active,Personal Loan,KES,9545027.11,73496.71,21.88,60,7185423.7,2359603.41,19-Dec-2023,2023-11-19
267,1313,103,written off,SME Working Capital,NGN,12097761.03,7500.61,19.63,36,9403467.87,2694293.16,01/16/2021,18-Sep-2025
268,1840,103,DEFAULTED,Agricultural Loan,NGN,3391705.18,2102.86,11.3,48,1042551.34,2349153.84,14/12/2022,04/03/2024
269,693,112,defaulted,Auto Loan,GBP,18280913.9,23216760.65,8.14,24,264702.02,18016211.88,05-Mar-2023,31-Dec-2025
270,1591,108,RESTRUCTURED,SME Working Capital,KES,3967475.39,30549.56,25.14,18,2572283.8,1395191.59,15/01/2022,2026-09-08
271,1315,112,fully paid,Asset Finance,GBP,17590892.97,22340434.07,8.41,12,2790159.01,14800733.96,04-Aug-2020,01/05/2024
272,1439,113,Fully Paid,SME Working Capital,EUR,9890110.61,10681319.46,5.53,12,6697374.22,3192736.39,29-Dec-2020,20-Sep-2025
273,1447,105,Fully Paid,Trade Finance / Import,NGN,3747849.87,2323.67,18.67,36,2284843.66,1463006.21,14/06/2022,17/09/2023
274,721,103,APPROVED,Education Finance,NGN,7234236.02,4485.23,12.67,48,5115954.0,2118282.02,04/15/2024,06/23/2023
275,1254,109,approved,Personal Loan,KES,19063665.3,146790.22,17.15,24,4526689.16,14536976.14,2023-09-14,02/09/2026
276,582,114,ACTIVE,Trade Finance / Import,AED,273652.69,74433.53,25.22,60,39045.22,234607.47,02/27/2020,2024-08-08
277,422,103,written off,SME Working Capital,NGN,18073219.58,11205.4,10.12,48,12379316.84,5693902.74,2020-05-23,03/09/2026
278,265,106,RESTRUCTURED,Asset Finance,GHS,18235902.16,1203569.54,10.62,24,2993985.49,15241916.67,13-Apr-2024,07/26/2025
279,1920,106,FULLY PAID,Education Finance,GHS,16956830.09,1119150.79,20.23,12,3061880.35,13894949.74,2022-10-19,17-Oct-2023
280,1541,113,restructured,Mortgage,EUR,5343368.15,5770837.6,21.47,36,1132860.07,4210508.08,08/06/2023,11-Aug-2027
281,606,111,approved,Asset Finance,ZAR,4278839.05,235336.15,10.93,48,1461536.53,2817302.52,14/05/2024,11/05/2025
282,384,110,PENDING REVIEW,SME Working Capital,ZAR,1894276.51,104185.21,6.63,60,1690641.33,203635.18,10-Feb-2024,2024-01-14
283,392,113,defaulted,Trade Finance / Import,EUR,9583801.16,10350505.25,25.62,60,2110253.97,7473547.19,2023-05-26,15/06/2026
284,1660,113,approved,Trade Finance / Import,EUR,7986874.36,8625824.31,4.63,24,7689359.27,297515.09,11/25/2020,01/11/2023
285,1148,107,fully paid,Asset Finance,GHS,11750366.33,775524.18,9.15,24,56336.3,11694030.03,08/02/2024,24-Nov-2027
286,717,104,Fully Paid,Trade Finance / Import,NGN,1814715.1,1125.12,10.89,48,798778.95,1015936.15,10/21/2024,09/05/2027
287,1609,102,ACTIVE,Trade Finance / Import,NGN,2607766.82,1616.82,22.21,12,2024409.72,583357.1,03/17/2023,2027-05-21
288,132,104,pending review,Trade Finance / Import,NGN,18653497.6,11565.17,16.68,60,11336184.96,7317312.64,2024-06-20,16/10/2023
289,627,113,WRITTEN OFF,Agricultural Loan,EUR,7115497.94,7684737.78,12.43,60,3739934.7,3375563.24,26/04/2021,2026-04-05
290,1238,109,FULLY PAID,Education Finance,KES,7091995.5,54608.37,21.7,60,4524264.65,2567730.85,12/26/2024,28/03/2027
291,407,112,DEFAULTED,Education Finance,GBP,6238817.62,7923298.38,27.32,18,5157144.96,1081672.66,09/08/2020,2024-07-03
292,14,111,DEFAULTED,Auto Loan,ZAR,451432.33,24828.78,20.23,24,249928.61,201503.72,2024-01-18,21-Jul-2027
293,721,103,WRITTEN OFF,Trade Finance / Import,NGN,6192248.74,3839.19,4.19,18,352742.29,5839506.45,01/09/2020,2024-09-13
294,767,102,APPROVED,Education Finance,NGN,18123944.46,11236.85,22.36,48,15755036.4,2368908.06,03/03/2024,05/09/2024
295,824,108,WRITTEN OFF,Asset Finance,KES,6189633.21,47660.18,25.27,24,3108887.7,3080745.51,08/13/2022,01/04/2025
296,1879,114,approved,Education Finance,AED,2786599.22,757954.99,8.82,48,1084039.67,1702559.55,13/07/2024,10/02/2025
297,1333,101,Fully Paid,Mortgage,NGN,7891923.41,4892.99,20.72,60,7371124.72,520798.69,2023-10-04,04/28/2025
298,179,115,RESTRUCTURED,Trade Finance / Import,USD,14289511.66,14289511.66,19.19,36,5328460.46,8961051.2,26/06/2024,2025-10-25
299,609,103,written off,Personal Loan,NGN,13311800.26,8253.32,15.53,24,176522.19,13135278.07,29/01/2021,13/11/2024
300,616,102,WRITTEN OFF,Agricultural Loan,NGN,1246094.03,772.58,4.52,12,596435.55,649658.48,27/01/2021,11/09/2025
301,268,112,fully paid,Education Finance,GBP,15960689.2,20270075.28,10.71,12,11044825.45,4915863.75,23-May-2022,09/23/2023
302,1574,111,PENDING REVIEW,Auto Loan,ZAR,8352595.81,459392.77,20.15,36,2889118.83,5463476.98,2023-05-19,09/22/2025
303,1500,108,active,Mortgage,KES,4644804.72,35765.0,4.97,36,1800259.27,2844545.45,02/03/2023,06/27/2023
304,1045,110,PENDING REVIEW,Education Finance,ZAR,15647728.69,860625.08,14.55,12,6671604.43,8976124.26,14-Jul-2022,10/16/2023
305,406,115,restructured,Education Finance,USD,15016110.33,15016110.33,6.33,24,939587.25,14076523.08,04/09/2023,10/31/2027
306,1698,109,approved,Trade Finance / Import,KES,8434413.93,64944.99,18.35,60,5059757.36,3374656.57,15/04/2020,03/10/2024
307,370,106,Fully Paid,SME Working Capital,GHS,8160406.86,538586.85,21.23,24,3932779.06,4227627.8,2024-09-08,09-Sep-2025
308,1188,102,ACTIVE,Asset Finance,NGN,426043.2,264.15,27.8,60,377308.07,48735.13,15/05/2020,28-Sep-2026
309,887,112,restructured,Trade Finance / Import,GBP,16800080.19,21336101.84,12.03,18,11985828.43,4814251.76,04-Sep-2024,25/07/2027
310,1061,112,FULLY PAID,Personal Loan,GBP,11171016.07,14187190.41,12.8,48,7270192.13,3900823.94,03/10/2022,22-Aug-2024
311,231,113,RESTRUCTURED,Agricultural Loan,EUR,8250008.59,8910009.28,9.84,6,4288780.83,3961227.76,19-May-2024,06/22/2027
312,1884,114,restructured,Auto Loan,AED,14060687.05,3824506.88,16.17,48,374107.27,13686579.78,09/21/2024,18/06/2025
313,1253,104,DEFAULTED,Agricultural Loan,NGN,8394475.12,5204.57,6.76,60,1115130.52,7279344.6,2020-01-01,08-Jan-2026
314,970,102,fully paid,Mortgage,NGN,16676017.9,10339.13,20.15,36,12891322.07,3784695.83,11/19/2021,18-Dec-2024
315,92,106,restructured,SME Working Capital,GHS,16309700.03,1076440.2,6.8,24,12812472.65,3497227.38,07-Aug-2020,06/12/2024
316,1240,109,DEFAULTED,Personal Loan,KES,12437554.0,95769.17,13.95,18,766841.61,11670712.39,11/03/2020,2025-11-09
317,1724,112,restructured,Asset Finance,GBP,17414075.86,22115876.34,19.8,60,5792813.21,11621262.65,25/10/2022,08/11/2023
318,1993,101, Active ,Education Finance,NGN,3059726.01,1897.03,9.51,60,2091928.81,967797.2,05/09/2023,24/08/2024
319,1723,111, Active ,SME Working Capital,ZAR,19775527.02,1087653.99,14.44,18,4487625.69,15287901.33,25/12/2022,07/06/2023
320,256,102,approved,Asset Finance,NGN,7994297.02,4956.46,6.24,18,5183439.67,2810857.35,2022-01-18,19/10/2024
321,645,110,PENDING REVIEW,Personal Loan,ZAR,816976.56,44933.71,9.87,48,388691.79,428284.77,18/08/2021,2023-06-11
322,240,111,Fully Paid,SME Working Capital,ZAR,9209210.04,506506.55,13.12,48,1794611.88,7414598.16,08-Apr-2023,20/03/2026
323,1282,110,WRITTEN OFF,Personal Loan,ZAR,11934303.45,656386.69,26.35,24,7723140.79,4211162.66,05/31/2023,2027-02-09
324,872,114,WRITTEN OFF,Asset Finance,AED,19042449.78,5179546.34,13.68,60,2090264.78,16952185.0,30/07/2022,23-Feb-2024
325,856,110,RESTRUCTURED,Personal Loan,ZAR,917789.23,50478.41,27.75,18,711182.85,206606.38,2022-02-03,2026-06-29
326,783,103,restructured,Agricultural Loan,NGN,2790804.3,1730.3,18.85,60,2184208.31,606595.99,2023-10-25,10/03/2027
327,1840,103,restructured,Personal Loan,NGN,4606567.99,2856.07,24.14,6,2662176.03,1944391.96,01-Jul-2023,12-Apr-2025
328,1637,111,restructured,SME Working Capital,ZAR,16705843.26,918821.38,4.65,18,14433393.42,2272449.84,05/04/2021,04/14/2023
329,1345,111,WRITTEN OFF,SME Working Capital,ZAR,765105.08,42080.78,8.8,12,746688.93,18416.15,30-Jul-2021,2026-06-11
330,164,111,WRITTEN OFF,Auto Loan,ZAR,13907938.85,764936.64,4.49,48,11557299.97,2350638.88,31-Oct-2023,11/14/2026
331,1936,103,pending review,Auto Loan,NGN,1026031.06,636.14,9.81,18,158947.46,867083.6,11-May-2020,01/21/2023
332,431,104,active,Personal Loan,NGN,3516100.9,2179.98,12.21,24,1494687.22,2021413.68,12/24/2022,2025-05-18
333,67,108,APPROVED,Education Finance,KES,11475719.3,88363.04,19.36,18,6653902.79,4821816.51,06-Apr-2022,2027-03-15
334,96,103,fully paid,Agricultural Loan,NGN,13382584.49,8297.2,14.24,36,5085882.48,8296702.01,07/11/2023,04/20/2026
335,659,114,WRITTEN OFF,Education Finance,AED,8163698.3,2220525.94,25.61,48,3933278.77,4230419.53,11/07/2020,06-Mar-2027
336,1296,104,active,Education Finance,NGN,11061608.67,6858.2,26.38,12,2924931.9,8136676.77,26/07/2021,2026-09-07
337,1492,101,APPROVED,SME Working Capital,NGN,14398154.23,8926.86,18.34,36,13082697.64,1315456.59,2024-10-07,27/01/2025
338,1842,109,fully paid,SME Working Capital,KES,19620500.38,151077.85,22.95,12,7622180.69,11998319.69,09-May-2024,13-Mar-2025
339,1350,113,ACTIVE,SME Working Capital,EUR,3167776.94,3421199.1,20.75,6,2126238.07,1041538.87,2022-05-15,10/06/2023
340,195,108,ACTIVE,Education Finance,KES,13140456.2,101181.51,25.55,48,12833428.6,307027.6,05/17/2021,06/09/2023
341,32,111,PENDING REVIEW,Agricultural Loan,ZAR,14782875.94,813058.18,16.92,18,11636931.87,3145944.07,19/12/2024,03/18/2027
342,731,101,active,Mortgage,NGN,9811402.54,6083.07,22.22,60,9147497.56,663904.98,2024-11-12,23/01/2025
343,688,111,FULLY PAID,SME Working Capital,ZAR,7922117.01,435716.44,4.7,60,3781842.69,4140274.32,2022-07-15,11/05/2025
344,1828,109,PENDING REVIEW,Trade Finance / Import,KES,6251235.6,48134.51,26.86,48,4651350.45,1599885.15,2024-03-15,30/06/2027
345,1756,112,APPROVED,Education Finance,GBP,16563640.46,21035823.38,9.37,24,653420.59,15910219.87,03/26/2020,2026-03-09
346,376,107,approved,Trade Finance / Import,GHS,18743280.72,1237056.53,9.89,24,10431017.62,8312263.1,21/02/2022,05-Nov-2026
347,1155,106,fully paid,SME Working Capital,GHS,5839943.55,385436.27,24.58,18,908870.91,4931072.64,2020-01-10,2026-12-29
348,1518,101,RESTRUCTURED,Trade Finance / Import,NGN,5669764.07,3515.25,23.66,24,3593623.35,2076140.72,15-Mar-2021,07/07/2023
349,675,108,pending review,Education Finance,KES,10555263.29,81275.53,10.76,18,5026617.95,5528645.34,12-Aug-2024,15/12/2026
350,585,115,FULLY PAID,Education Finance,USD,10695779.74,10695779.74,22.38,6,1017320.09,9678459.65,06-May-2020,07/06/2024
351,83,115, Active ,Asset Finance,USD,7587758.0,7587758.0,4.64,18,7495078.52,92679.48,23/01/2024,20-Jul-2024
352,1875,101,Fully Paid,Education Finance,NGN,16933193.44,10498.58,18.91,48,4949295.94,11983897.5,01-Jul-2021,28-Oct-2024
353,1545,109,RESTRUCTURED,Mortgage,KES,1872070.94,14414.95,8.8,12,331911.34,1540159.6,07/03/2020,27/10/2026
354,312,101,PENDING REVIEW,Education Finance,NGN,5035469.46,3121.99,15.98,48,4489999.2,545470.26,10-Jul-2024,2024-02-16
355,821,115,ACTIVE,Auto Loan,USD,13721167.55,13721167.55,5.38,48,4464254.77,9256912.78,14-Jul-2020,2025-01-12
356,1087,110,approved,Trade Finance / Import,ZAR,255403.51,14047.19,26.63,36,27256.21,228147.3,24-Oct-2024,08/19/2025
357,1667,110, Active ,Agricultural Loan,ZAR,16581868.78,912002.78,16.51,60,16524249.73,57619.05,12/15/2024,27-Jul-2024
358,299,111,restructured,Agricultural Loan,ZAR,10417374.94,572955.62,15.64,12,7322930.02,3094444.92,08/15/2022,25/03/2027
359,1220,107,restructured,SME Working Capital,GHS,5667546.45,374058.07,17.47,60,3304190.52,2363355.93,09/17/2022,2023-11-05
360,586,106,fully paid,Education Finance,GHS,11951689.04,788811.48,5.44,60,1426025.68,10525663.36,2023-01-11,05/30/2024
361,44,113,WRITTEN OFF,Asset Finance,EUR,11089812.03,11976996.99,15.95,24,5075811.15,6014000.88,17-May-2020,12-Dec-2023
362,1818,108,approved,Trade Finance / Import,KES,17491551.3,134684.95,16.3,60,3419271.16,14072280.14,2021-09-24,03/12/2027
363,1129,110,active,Education Finance,ZAR,9752756.08,536401.58,27.12,12,8423114.23,1329641.85,07/17/2020,30/05/2027
364,128,108,active,Auto Loan,KES,12901719.53,99343.24,18.87,60,4369341.89,8532377.64,16-Oct-2024,01/03/2024
365,939,105,WRITTEN OFF,Personal Loan,NGN,6567501.05,4071.85,12.08,12,2864209.42,3703291.63,2021-05-13,29-Jul-2025
366,688,111,pending review,Trade Finance / Import,ZAR,18441970.04,1014308.35,4.05,24,1179948.1,17262021.94,11-Jun-2021,04/03/2027
367,348,104,APPROVED,Education Finance,NGN,12383779.36,7677.94,15.32,24,7251725.78,5132053.58,12/01/2021,2024-06-07
368,345,112,FULLY PAID,Education Finance,GBP,8642183.4,10975572.92,5.72,48,5090796.67,3551386.73,2022-10-04,05/30/2024
369,365,101,restructured,Asset Finance,NGN,18872976.44,11701.25,12.79,6,14677927.85,4195048.59,27-Jan-2020,2023-07-21
370,1413,109,written off,Personal Loan,KES,7515636.32,57870.4,13.85,48,11819.54,7503816.78,27/08/2024,2026-04-08
371,1961,101,DEFAULTED,Mortgage,NGN,12571761.42,7794.49,22.59,60,4810461.01,7761300.41,2023-05-01,02/12/2025
372,138,104,written off,Asset Finance,NGN,7069450.79,4383.06,8.26,36,4674084.0,2395366.79,2022-04-03,16/10/2023
373,788,112,approved,Personal Loan,GBP,17719785.19,22504127.19,18.86,18,16407317.02,1312468.17,05/17/2021,2026-08-24
374,1160,113,defaulted,Education Finance,EUR,10399407.27,11231359.85,16.43,12,6786926.51,3612480.76,2020-10-28,12/21/2027
375,525,106,written off,Education Finance,GHS,5252141.08,346641.31,23.4,18,4575602.55,676538.53,04-Aug-2024,07/10/2027
376,25,107, Active ,Auto Loan,GHS,2117702.53,139768.37,16.28,18,1485596.29,632106.24,12/29/2024,2026-06-23
377,1726,107,PENDING REVIEW,Education Finance,GHS,9948758.36,656618.05,4.2,60,8062124.94,1886633.42,2023-10-21,03/18/2024
378,1152,108,fully paid,Personal Loan,KES,11716113.02,90214.07,24.49,48,1003711.5,10712401.52,12/09/2024,03/30/2023
379,157,112,APPROVED,Trade Finance / Import,GBP,8265082.15,10496654.33,25.97,24,5708376.04,2556706.11,2022-02-27,10/10/2024
380,242,101,RESTRUCTURED,Asset Finance,NGN,11385007.4,7058.7,23.14,6,6566784.79,4818222.61,11/29/2022,10/01/2023
381,1090,115,APPROVED,Agricultural Loan,USD,6834635.29,6834635.29,12.3,60,5437825.0,1396810.29,03/07/2024,2025-05-21
382,180,102,approved,Education Finance,NGN,16647238.09,10321.29,19.88,6,15947474.03,699764.06,03/11/2023,21/10/2027
383,1367,106,defaulted,Asset Finance,GHS,14632962.01,965775.49,6.2,60,12085021.07,2547940.94,10/12/2020,02/02/2025
384,1840,103, Active ,Education Finance,NGN,7080338.85,4389.81,26.04,6,597594.32,6482744.53,07-Aug-2021,11-Feb-2023
385,603,111,defaulted,Asset Finance,ZAR,202542.32,11139.83,13.29,60,9421.28,193121.04,10-Jul-2023,2024-08-01
386,1350,113, Active ,Agricultural Loan,EUR,5492551.08,5931955.17,13.23,36,1014064.87,4478486.21,2022-12-18,2024-06-03
387,1451,106,Fully Paid,Auto Loan,GHS,16984047.86,1120947.16,11.87,6,7243790.55,9740257.31,11/04/2021,27/09/2025
388,203,101,DEFAULTED,Education Finance,NGN,11842573.15,7342.4,25.26,12,6489806.86,5352766.29,18-May-2020,16/02/2026
389,779,114,ACTIVE,Trade Finance / Import,AED,6862340.41,1866556.59,7.29,12,438593.17,6423747.24,2022-02-15,06/06/2027
390,1583,108,approved,Asset Finance,KES,7719204.7,59437.88,20.41,12,3538989.56,4180215.14,20-Aug-2021,11-Jun-2023
391,96,103, Active ,Mortgage,NGN,7537602.4,4673.31,26.76,18,2214634.1,5322968.3,10/13/2021,27-Apr-2023
392,76,112,active,Mortgage,GBP,5417189.2,6879830.28,21.12,48,412344.78,5004844.42,2021-02-05,2026-02-01
393,1870,114,pending review,Agricultural Loan,AED,17452920.78,4747194.45,12.53,60,13081458.66,4371462.12,2020-06-25,2024-09-23
394,859,110,written off,Agricultural Loan,ZAR,12196149.29,670788.21,6.39,36,8523659.9,3672489.39,03/08/2021,22-Mar-2024
395,1981,107,restructured,SME Working Capital,GHS,12913690.25,852303.56,25.82,60,12468301.6,445388.65,02/25/2023,25/04/2026
396,504,110,FULLY PAID,Mortgage,ZAR,19747826.22,1086130.44,7.29,24,7421643.55,12326182.67,06/04/2022,2027-03-09
397,1938,106,ACTIVE,Trade Finance / Import,GHS,10463468.99,690588.95,9.49,18,8687950.15,1775518.84,07/04/2023,15-Aug-2026
398,568,104, Active ,Auto Loan,NGN,4460935.86,2765.78,5.92,12,1709122.21,2751813.65,16-Jun-2023,17-Nov-2026
399,1511,106,restructured,Mortgage,GHS,17256105.57,1138902.97,27.5,12,9570788.84,7685316.73,25-Aug-2024,23/10/2024
400,1107,103,defaulted,Education Finance,NGN,8278027.74,5132.38,25.9,36,8097851.68,180176.06,2023-06-30,2026-02-14
401,254,105,defaulted,Personal Loan,NGN,2481599.59,1538.59,20.45,60,1762459.93,719139.66,2022-04-18,2023-06-02
402,160,105,DEFAULTED,SME Working Capital,NGN,18399355.8,11407.6,11.25,6,13322151.29,5077204.51,2021-12-09,09/11/2027
403,1115,108,Fully Paid,Education Finance,KES,5313327.7,40912.62,25.18,48,1764602.12,3548725.58,11/09/2023,15-Feb-2026
404,1107,103,active,Mortgage,NGN,14456274.49,8962.89,8.09,36,4680759.36,9775515.13,2023-07-26,18/05/2025
405,1278,102,approved,SME Working Capital,NGN,5844331.39,3623.49,14.89,36,2270299.05,3574032.34,01-Apr-2020,17/12/2024
406,1838,103,ACTIVE,Personal Loan,NGN,13200690.15,8184.43,22.94,6,8008524.38,5192165.77,28-Mar-2020,16-Aug-2026
407,1579,109,written off,Trade Finance / Import,KES,15078397.59,116103.66,22.78,6,14797106.7,281290.89,28/05/2024,2023-07-12
408,49,101,defaulted,SME Working Capital,NGN,11339564.23,7030.53,25.41,6,7075858.48,4263705.75,10/15/2022,05/14/2026
409,454,102,active,SME Working Capital,NGN,9150648.03,5673.4,21.17,12,6114434.19,3036213.84,04/08/2022,13-May-2027
410,1076,109,WRITTEN OFF,Education Finance,KES,9473318.91,72944.56,21.69,60,6576669.48,2896649.43,12/22/2022,2027-07-04
411,669,107,approved,Asset Finance,GHS,17638418.96,1164135.65,8.12,24,17598305.2,40113.76,07-Dec-2024,04/15/2023
412,327,112,restructured,Asset Finance,GBP,16206806.12,20582643.77,6.23,60,5317054.31,10889751.81,15/11/2023,29-Feb-2024
413,189,104,FULLY PAID,Agricultural Loan,NGN,1271023.25,788.03,4.97,36,296497.82,974525.43,03-Sep-2020,11-Dec-2027
414,563,113,active,SME Working Capital,EUR,852558.74,920763.44,13.29,6,142799.05,709759.69,28-Apr-2020,10/05/2023
415,236,109,FULLY PAID,Personal Loan,KES,16318001.63,125648.61,4.64,6,9552332.15,6765669.48,09/20/2020,09/10/2026
416,1196,109,FULLY PAID,Auto Loan,KES,3303178.82,25434.48,7.82,60,2429409.76,873769.06,10-Aug-2023,03-Jun-2025
417,124,104,pending review,SME Working Capital,NGN,14565994.36,9030.92,7.69,36,5662700.47,8903293.89,31/10/2020,02/22/2023
418,1493,103,defaulted,Education Finance,NGN,7638980.6,4736.17,22.96,36,6558478.96,1080501.64,04/02/2023,28-Nov-2025
419,1058,101,PENDING REVIEW,Mortgage,NGN,5816945.7,3606.51,24.73,12,854890.84,4962054.86,15/03/2024,02/11/2026
420,1769,110,approved,Asset Finance,ZAR,10433457.97,573840.19,10.99,18,5586588.14,4846869.83,06-Jun-2023,17-Nov-2023
421,192,101,pending review,Trade Finance / Import,NGN,6642430.64,4118.31,22.27,60,3375805.0,3266625.64,12/06/2020,01/05/2024
422,686,106,PENDING REVIEW,SME Working Capital,GHS,18933908.98,1249637.99,12.31,18,8856162.11,10077746.87,11-Feb-2023,23/12/2023
423,1479,105,APPROVED,Trade Finance / Import,NGN,10260466.87,6361.49,9.85,48,1089773.98,9170692.89,2023-02-14,2024-02-21
424,1302,108,APPROVED,Auto Loan,KES,11232073.28,86486.96,14.16,48,529464.41,10702608.87,09-Feb-2024,01-Sep-2023
425,450,102,APPROVED,Personal Loan,NGN,6547291.67,4059.32,5.84,24,6077109.37,470182.3,2023-05-22,24/11/2027
426,1940,109,ACTIVE,Personal Loan,KES,17111668.31,131759.85,5.81,36,14759241.43,2352426.88,18-Jul-2022,18-Feb-2027
427,187,106,fully paid,Auto Loan,GHS,8127347.89,536404.96,22.41,18,7673736.21,453611.68,10/05/2022,02-Feb-2026
428,283,113,RESTRUCTURED,Education Finance,EUR,17351773.25,18739915.11,12.05,60,16423564.95,928208.3,30-Jan-2022,19-Sep-2027
429,462,113,FULLY PAID,Education Finance,EUR,776945.22,839100.84,11.07,24,523301.87,253643.35,04/01/2024,11/10/2023
430,1863,108, Active ,Auto Loan,KES,13402780.31,103201.41,21.87,36,9549477.74,3853302.57,13/02/2024,11-Feb-2026
431,811,110,restructured,Mortgage,ZAR,12553367.0,690435.19,26.47,24,2446560.33,10106806.67,2020-03-18,17-May-2026
432,1281,115,ACTIVE,Education Finance,USD,3020591.79,3020591.79,19.87,48,1781500.01,1239091.78,2021-02-09,01/28/2027
433,1765,114,DEFAULTED,Asset Finance,AED,4939940.55,1343663.83,24.94,24,4004650.87,935289.68,26/10/2021,2024-05-18
434,1166,105,written off,Auto Loan,NGN,18052502.31,11192.55,19.14,48,8600907.51,9451594.8,01/06/2023,07/02/2026
435,1379,108, Active ,SME Working Capital,KES,10605490.71,81662.28,10.54,6,7004744.01,3600746.7,26-Jan-2021,04-Jun-2025
436,632,103,PENDING REVIEW,Trade Finance / Import,NGN,15349135.63,9516.46,14.87,48,1569849.87,13779285.76,18-Jan-2021,02/03/2023
437,1392,109,PENDING REVIEW,Asset Finance,KES,12377506.3,95306.8,15.77,18,6364405.76,6013100.54,16-May-2023,02-Mar-2027
438,1723,111,RESTRUCTURED,Education Finance,ZAR,19575661.88,1076661.4,15.13,60,1179716.73,18395945.15,05/19/2020,10/06/2026
439,207,114,ACTIVE,Personal Loan,AED,14161684.78,3851978.26,11.33,24,11545545.87,2616138.91,10/04/2024,17/03/2025
440,1778,102,WRITTEN OFF,Asset Finance,NGN,8457704.95,5243.78,12.51,24,3797129.76,4660575.19,08/09/2021,11-Apr-2027
441,369,108,FULLY PAID,Trade Finance / Import,KES,3177474.32,24466.55,13.6,6,1732216.54,1445257.78,09/14/2021,05/02/2024
442,544,113,active,Agricultural Loan,EUR,3377522.66,3647724.47,19.36,24,949419.4,2428103.26,2022-01-22,2027-12-19
443,1180,114,fully paid,Agricultural Loan,AED,2485094.51,675945.71,22.0,60,1696640.58,788453.93,06-Dec-2022,13/01/2025
444,861,107,DEFAULTED,Trade Finance / Import,GHS,12547156.36,828112.32,24.99,12,11858299.87,688856.49,2023-12-22,09/12/2023
445,1998,108,fully paid,Education Finance,KES,8997379.74,69279.82,23.86,18,5604358.99,3393020.75,25/04/2021,22-May-2025
446,1557,108,approved,Mortgage,KES,12971228.1,99878.46,24.46,24,133082.46,12838145.64,2021-01-03,2024-09-23
447,1532,112,written off,Agricultural Loan,GBP,3747773.38,4759672.19,10.76,36,1627686.23,2120087.15,11/02/2022,18/05/2027
448,182,102,RESTRUCTURED,Education Finance,NGN,18259315.05,11320.78,13.93,36,6146918.07,12112396.98,12/01/2023,2025-04-25
449,1727,110,active,Asset Finance,ZAR,7604109.42,418226.02,8.71,18,3158182.53,4445926.89,04/05/2020,2023-12-11
450,1631,101,ACTIVE,Trade Finance / Import,NGN,19659473.94,12188.87,7.35,24,8891770.23,10767703.71,04/27/2022,27/01/2024
451,985,111,pending review,Trade Finance / Import,ZAR,16823415.51,925287.85,4.58,18,10366726.06,6456689.45,06/11/2024,12-Nov-2026
452,1831,111,active,Auto Loan,ZAR,1782506.8,98037.87,20.7,48,1633308.53,149198.27,18-Jul-2024,04-Mar-2024
453,283,113,written off,Auto Loan,EUR,770870.58,832540.23,21.73,18,21305.27,749565.31,14/06/2021,2027-07-12
454,950,102,restructured,Asset Finance,NGN,9215430.35,5713.57,18.9,24,384969.64,8830460.71,2021-06-26,2024-10-17
455,1808,101,WRITTEN OFF,Mortgage,NGN,1506934.45,934.3,14.38,12,53313.37,1453621.08,21/08/2020,09/12/2027
456,1690,101,APPROVED,Asset Finance,NGN,8871910.61,5500.58,27.33,60,7038990.52,1832920.09,2021-12-05,07-Aug-2026
457,1515,103,RESTRUCTURED,Personal Loan,NGN,11951790.64,7410.11,24.27,24,1562150.16,10389640.48,18-Apr-2023,29/03/2023
458,68,103, Active ,Trade Finance / Import,NGN,9612448.07,5959.72,10.3,36,2101820.3,7510627.77,08/05/2024,02-Feb-2025
459,1155,106,approved,Personal Loan,GHS,5886775.9,388527.21,23.38,48,373200.52,5513575.38,2024-06-03,20/01/2027
460,1607,113, Active ,Education Finance,EUR,8783062.17,9485707.14,8.98,24,5470267.42,3312794.75,14/01/2021,16-Feb-2023
461,1386,102,active,Asset Finance,NGN,7597434.84,4710.41,12.23,24,1633289.51,5964145.33,2021-12-25,29/07/2025
462,1714,113, Active ,Trade Finance / Import,EUR,14035270.24,15158091.86,20.78,60,935954.25,13099315.99,2020-06-01,12-Jan-2025
463,1011,103,ACTIVE,Agricultural Loan,NGN,4306719.39,2670.17,27.09,48,662740.19,3643979.2,2023-04-30,07/08/2025
464,4,105,APPROVED,Auto Loan,NGN,7186986.41,4455.93,27.58,6,936958.53,6250027.88,2022-08-06,10/11/2026
465,1532,112,WRITTEN OFF,Auto Loan,GBP,5535793.13,7030457.28,25.23,6,2771316.21,2764476.92,30/04/2022,2023-03-19
466,909,104,PENDING REVIEW,Education Finance,NGN,15781346.84,9784.44,16.44,60,1113087.8,14668259.04,25/12/2024,05/10/2027
467,1374,107,defaulted,SME Working Capital,GHS,2147848.69,141758.01,21.96,6,598408.89,1549439.8,24-Sep-2022,2026-11-07
468,1175,103,Fully Paid,Asset Finance,NGN,13412605.54,8315.82,4.23,60,1169434.75,12243170.79,26/02/2023,12-Nov-2026
469,618,114,RESTRUCTURED,Education Finance,AED,5905197.53,1606213.73,9.75,36,5501800.23,403397.3,17/08/2020,15/05/2027
470,443,110,active,Mortgage,ZAR,6459150.29,355253.27,24.77,18,3882238.61,2576911.68,11/02/2021,19/05/2027
471,1656,114,fully paid,Auto Loan,AED,3185808.34,866539.87,19.11,36,2749739.22,436069.12,04-May-2022,2024-03-20
472,184,108,written off,Trade Finance / Import,KES,19596369.32,150892.04,22.28,6,6647819.86,12948549.46,02/06/2023,10/25/2027
473,1953,107,fully paid,Asset Finance,GHS,7735276.02,510528.22,21.52,60,7727157.52,8118.5,04/14/2023,08/05/2027
474,1398,111,DEFAULTED,Agricultural Loan,ZAR,12096911.18,665330.11,18.01,6,5182479.48,6914431.7,2021-09-28,2026-06-10
475,1668,106,fully paid,Agricultural Loan,GHS,5811514.77,383559.97,19.57,6,1873078.85,3938435.92,2020-07-05,10/05/2026
476,1581,104,pending review,SME Working Capital,NGN,5489216.06,3403.31,14.94,18,4115267.83,1373948.23,2022-09-17,11-Oct-2026
477,1289,101,ACTIVE,Asset Finance,NGN,14840009.68,9200.81,27.19,36,13690608.92,1149400.76,18/07/2020,04/05/2027
478,484,102,WRITTEN OFF,SME Working Capital,NGN,17553738.43,10883.32,10.82,12,8294097.54,9259640.89,19/11/2022,29/11/2027
479,8,102,WRITTEN OFF,Agricultural Loan,NGN,9858967.77,6112.56,4.08,36,9018572.37,840395.4,20-Apr-2023,21-Aug-2023
480,464,103,APPROVED,Agricultural Loan,NGN,9874484.28,6122.18,20.65,18,569784.21,9304700.07,17-Aug-2023,2025-03-20
481,1433,108,defaulted,Asset Finance,KES,9970109.56,76769.84,27.38,6,1501268.66,8468840.9,12/02/2023,09/18/2025
482,1080,108,approved,Mortgage,KES,10031988.1,77246.31,15.82,6,9893973.87,138014.23,2021-03-06,04/11/2027
483,1037,107,restructured,Auto Loan,GHS,15646093.75,1032642.19,16.75,24,992898.42,14653195.33,04/01/2023,06/17/2026
484,1098,110,RESTRUCTURED,SME Working Capital,ZAR,8623062.17,474268.42,24.99,12,4504171.39,4118890.78,13/09/2023,2027-02-12
485,1189,102,PENDING REVIEW,Personal Loan,NGN,913304.62,566.25,9.0,48,631185.73,282118.89,02/06/2022,12/04/2025
486,919,110,defaulted,Trade Finance / Import,ZAR,7435761.42,408966.88,6.89,6,1946789.71,5488971.71,12-Nov-2024,26-Sep-2023
487,247,109,Fully Paid,Personal Loan,KES,10193698.97,78491.48,12.64,24,4307806.05,5885892.92,01/11/2023,09/21/2025
488,823,107,restructured,SME Working Capital,GHS,3168562.66,209125.14,5.58,6,1911558.05,1257004.61,28-Apr-2023,04/15/2023
489,1252,102,defaulted,Asset Finance,NGN,14769425.0,9157.04,19.58,18,13903773.72,865651.28,06/30/2023,15-Feb-2027
490,1329,112,PENDING REVIEW,SME Working Capital,GBP,11125139.74,14128927.47,15.81,24,3459538.82,7665600.92,25/01/2024,05/02/2026
491,426,111,approved,Agricultural Loan,ZAR,891267.08,49019.69,5.81,18,845358.23,45908.85,08-Aug-2022,30/01/2026
492,666,106,defaulted,Asset Finance,GHS,12849550.34,848070.32,11.85,12,9995208.4,2854341.94,27/01/2023,29/08/2025
493,846,103,pending review,Auto Loan,NGN,19578665.23,12138.77,4.22,12,1807906.41,17770758.82,05/30/2022,10/13/2027
494,396,105,DEFAULTED,Mortgage,NGN,10650768.68,6603.48,4.39,18,7347553.15,3303215.53,2023-07-27,20/03/2025
495,444,115,Fully Paid,SME Working Capital,USD,5770815.95,5770815.95,7.35,12,4516315.44,1254500.51,18/02/2023,2027-03-05
496,1077,106,active,Asset Finance,GHS,3362277.29,221910.3,20.95,60,569361.24,2792916.05,27/07/2021,08-May-2023
497,619,102,active,Asset Finance,NGN,10078157.94,6248.46,19.04,18,6221019.65,3857138.29,21/12/2020,04/08/2026
498,1478,114,WRITTEN OFF,Trade Finance / Import,AED,16252634.95,4420716.71,5.02,12,15151315.41,1101319.54,12-Mar-2024,2023-01-04
499,930,112,approved,Trade Finance / Import,GBP,15925733.69,20225681.79,5.08,18,3219739.52,12705994.17,2020-04-09,10/02/2026
500,1345,111,approved,Auto Loan,ZAR,7427647.91,408520.64,15.82,36,6701049.68,726598.23,2021-04-02,04/28/2025
501,408,104,DEFAULTED,Personal Loan,NGN,1001785.84,621.11,16.47,48,985486.86,16298.98,02/22/2020,24/07/2027
502,1957,104,PENDING REVIEW,Trade Finance / Import,NGN,7721241.63,4787.17,24.25,60,4571146.05,3150095.58,24/10/2024,04/04/2027
503,803,102,written off,SME Working Capital,NGN,11509884.82,7136.13,5.19,6,1083930.23,10425954.59,2023-01-17,2024-09-05
504,68,103,FULLY PAID,Education Finance,NGN,16143715.83,10009.1,12.88,6,819577.37,15324138.46,22-Jul-2021,10/11/2026
505,372,104,RESTRUCTURED,Trade Finance / Import,NGN,5571995.31,3454.64,9.34,6,5508197.01,63798.3,29/01/2020,24-Mar-2027
506,1067,106,Fully Paid,Trade Finance / Import,GHS,4902121.72,323540.03,25.68,36,4768900.2,133221.52,08/12/2022,26/09/2025
507,684,103,Fully Paid,Mortgage,NGN,7746861.48,4803.05,8.81,6,1738679.18,6008182.3,03/04/2024,10/14/2027
508,1003,107,Fully Paid,Asset Finance,GHS,2557645.45,168804.6,26.91,36,2229193.56,328451.89,2022-10-20,23-Jul-2027
509,1375,105,restructured,Agricultural Loan,NGN,11588356.32,7184.78,12.48,6,2537972.88,9050383.44,08/07/2020,07/21/2026
510,1384,115,Fully Paid,Education Finance,USD,8335870.74,8335870.74,21.38,18,6310289.16,2025581.58,2020-05-16,08-May-2027
511,1225,101,restructured,Auto Loan,NGN,8506895.67,5274.28,13.52,60,7972618.67,534277.0,13-Jun-2023,2023-05-25
512,1388,113,defaulted,SME Working Capital,EUR,15329798.41,16556182.28,13.03,12,15276374.71,53423.7,21/11/2023,2025-08-23
513,1175,103,RESTRUCTURED,Mortgage,NGN,13415348.48,8317.52,14.04,60,10324397.93,3090950.55,29/07/2021,2024-03-30
514,461,102,active,Trade Finance / Import,NGN,6084848.42,3772.61,8.19,6,3609684.09,2475164.33,10/02/2023,22-Apr-2024
515,1236,112,APPROVED,Trade Finance / Import,GBP,1199899.94,1523872.92,15.83,18,621065.18,578834.76,11/10/2020,08/26/2026
516,215,111,fully paid,Auto Loan,ZAR,6117285.16,336450.68,16.75,60,303089.95,5814195.21,07/10/2021,09-Oct-2023
517,1445,114,written off,Personal Loan,AED,9054917.93,2462937.68,10.38,24,8555478.97,499438.96,26-May-2024,12/12/2024
518,1200,111,APPROVED,Agricultural Loan,ZAR,5779838.58,317891.12,8.54,18,2803204.02,2976634.56,14-Apr-2022,18-Oct-2027
519,1441,104,pending review,Asset Finance,NGN,7735887.66,4796.25,9.36,18,1963134.85,5772752.81,25/07/2024,02/11/2025
520,1470,112,FULLY PAID,Trade Finance / Import,GBP,12112956.91,15383455.28,19.44,60,3595156.21,8517800.7,2022-01-14,2023-06-18
521,463,103,defaulted,Trade Finance / Import,NGN,11899531.5,7377.71,12.61,48,392687.99,11506843.51,03/12/2023,10/22/2026
522,394,105,written off,Agricultural Loan,NGN,3752301.73,2326.43,22.19,18,901922.97,2850378.76,2023-08-05,23/02/2024
523,1996,108,Fully Paid,Asset Finance,KES,1916682.73,14758.46,11.05,24,1558557.24,358125.49,09/05/2023,2025-05-26
524,1364,102,Fully Paid,Asset Finance,NGN,8515062.21,5279.34,20.75,60,3374170.16,5140892.05,10/04/2021,2025-10-24
525,244,106,restructured,Personal Loan,GHS,6123664.16,404161.83,7.93,12,4908481.75,1215182.41,08/05/2023,19-Apr-2023
526,1151,115,written off,Auto Loan,USD,2341404.8,2341404.8,9.3,60,1723998.21,617406.59,2020-04-02,08/01/2024
527,596,111,fully paid,Trade Finance / Import,ZAR,1583018.96,87066.04,4.52,36,715641.02,867377.94,06/30/2024,13-Oct-2023
528,1141,102,Fully Paid,Personal Loan,NGN,3448471.83,2138.05,22.18,12,3029332.42,419139.41,07/25/2021,2026-01-20
529,681,113,written off,Mortgage,EUR,8902418.31,9614611.77,19.87,36,2507266.45,6395151.86,21/05/2022,09-Mar-2023
530,744,102,ACTIVE,Education Finance,NGN,14893551.5,9234.0,9.13,18,11050888.55,3842662.95,08-Oct-2020,26-Nov-2027
531,1685,107,pending review,Education Finance,GHS,13886872.23,916533.57,4.11,18,11614070.74,2272801.49,05-Aug-2024,2026-03-31
532,210,108,DEFAULTED,Mortgage,KES,15044102.69,115839.59,17.78,12,1399118.65,13644984.04,14/10/2021,19-Dec-2027
533,814,108,ACTIVE,Auto Loan,KES,3208875.44,24708.34,20.38,48,1705296.46,1503578.98,2021-03-21,05-May-2024
534,1357,101,active,Asset Finance,NGN,17761528.36,11012.15,18.54,48,2017505.03,15744023.33,2023-03-02,2025-09-06
535,131,102,FULLY PAID,SME Working Capital,NGN,14350104.53,8897.06,14.41,6,3358845.71,10991258.82,02/11/2023,24-Jul-2027
536,1675,103,pending review,Trade Finance / Import,NGN,1120317.49,694.6,14.6,36,459482.38,660835.11,02/02/2024,24-Mar-2025
537,1354,106,restructured,Mortgage,GHS,4204636.29,277506.0,6.49,36,2765430.86,1439205.43,22/11/2024,2025-09-16
538,1517,101,approved,Auto Loan,NGN,15814758.82,9805.15,20.07,48,3469121.64,12345637.18,03/10/2023,07/26/2023
539,55,101,APPROVED,Education Finance,NGN,405071.16,251.14,23.05,60,363553.86,41517.3,10/11/2024,23/04/2025
540,600,106,restructured,Mortgage,GHS,3681699.53,242992.17,14.73,24,3311100.77,370598.76,2022-10-09,02/08/2026
541,1192,102,written off,Auto Loan,NGN,11493482.42,7125.96,4.22,18,10708229.74,785252.68,06/29/2023,30/01/2024
542,1384,115,Fully Paid,SME Working Capital,USD,18433813.82,18433813.82,26.98,24,12748357.36,5685456.46,09-Jul-2020,20/03/2026
543,203,101,FULLY PAID,Asset Finance,NGN,11299210.56,7005.51,4.52,24,1903156.47,9396054.09,02-Sep-2020,2027-11-19
544,1334,111,defaulted,Asset Finance,ZAR,18888595.96,1038872.78,4.68,60,10098451.25,8790144.71,04/29/2021,21-Mar-2023
545,1210,111,pending review,Auto Loan,ZAR,3643774.84,200407.62,9.23,18,1762954.52,1880820.32,23/06/2024,2026-01-28
546,494,102,fully paid,Education Finance,NGN,13233227.54,8204.6,15.26,12,3448937.5,9784290.04,03/13/2020,16/08/2024
547,1835,113,active,Education Finance,EUR,9329733.82,10076112.53,13.61,18,7746657.24,1583076.58,23/03/2024,08/03/2025
548,1365,115,restructured,Asset Finance,USD,13054647.41,13054647.41,4.67,24,3368854.8,9685792.61,14/08/2021,2023-01-03
549,113,107,restructured,Mortgage,GHS,590377.17,38964.89,4.99,36,394796.47,195580.7,10/08/2022,24-Dec-2023
550,1851,109,pending review,Agricultural Loan,KES,1272377.45,9797.31,10.08,36,473174.05,799203.4,01/30/2024,25-Apr-2027
551,1652,114,active,Asset Finance,AED,13701838.69,3726900.12,15.91,36,5966808.96,7735029.73,10/07/2023,01/16/2025
552,1684,110,written off,Asset Finance,ZAR,13879185.79,763355.22,13.9,6,13574208.79,304977.0,2023-09-14,09/18/2026
553,271,111,PENDING REVIEW,Asset Finance,ZAR,18165930.67,999126.19,13.91,36,2906159.59,15259771.08,29/09/2020,2023-11-20
554,595,114,written off,Mortgage,AED,175663.41,47780.45,7.86,24,35061.12,140602.29,03-May-2020,2026-04-13
555,1391,109,written off,Education Finance,KES,18418722.51,141824.16,20.26,6,9171910.51,9246812.0,07/17/2020,14-Mar-2026
556,1770,109,RESTRUCTURED,Personal Loan,KES,16019315.61,123348.73,15.66,48,11362985.1,4656330.51,02-Nov-2023,12/27/2023
557,8,102,restructured,Trade Finance / Import,NGN,16346135.11,10134.6,24.83,48,11291468.9,5054666.21,16-Sep-2021,02/13/2027
558,957,108,ACTIVE,Asset Finance,KES,4874904.22,37536.76,21.93,6,530499.5,4344404.72,2021-11-04,03/15/2024
559,263,105,WRITTEN OFF,Agricultural Loan,NGN,13331257.29,8265.38,23.06,12,1032417.48,12298839.81,04/12/2022,07-Mar-2027
560,832,113,PENDING REVIEW,Auto Loan,EUR,12064555.01,13029719.41,20.85,24,10291577.98,1772977.03,02/14/2022,24/10/2027
561,749,106,DEFAULTED,Asset Finance,GHS,14259626.68,941135.36,8.87,60,3018776.83,11240849.85,19-Jan-2020,2024-01-02
562,1378,113,WRITTEN OFF,Trade Finance / Import,EUR,15704341.89,16960689.24,24.83,36,15541504.53,162837.36,05/11/2022,2027-09-10
563,1880,108,pending review,Mortgage,KES,15152679.01,116675.63,19.29,36,11686422.53,3466256.48,04/19/2021,23/07/2023
564,1247,105,PENDING REVIEW,Asset Finance,NGN,7423682.93,4602.68,26.14,18,6568084.72,855598.21,26-Feb-2021,29/04/2026
565,268,112,approved,Personal Loan,GBP,10093638.38,12818920.74,24.51,12,8903002.62,1190635.76,06/10/2021,2027-04-21
566,1424,115,FULLY PAID,Mortgage,USD,6388894.07,6388894.07,18.21,18,3540787.51,2848106.56,2024-03-20,2026-11-25
567,293,111,PENDING REVIEW,Asset Finance,ZAR,17353501.6,954442.59,13.4,6,13991788.25,3361713.35,27-Mar-2021,04-Oct-2024
568,957,108,PENDING REVIEW,SME Working Capital,KES,18686119.28,143883.12,4.5,18,15982446.34,2703672.94,09/07/2024,18/12/2025
569,1172,111,PENDING REVIEW,Education Finance,ZAR,4334528.76,238399.08,5.16,6,3315358.15,1019170.61,04-Nov-2023,2025-08-20
570,512,112,PENDING REVIEW,Asset Finance,GBP,1247815.68,1584725.91,16.16,6,1078321.67,169494.01,08-Nov-2024,09/16/2024
571,563,113,ACTIVE,Auto Loan,EUR,500467.52,540504.92,13.42,36,490949.63,9517.89,29-Sep-2024,01/19/2023
572,483,112,written off,Mortgage,GBP,13806548.71,17534316.86,6.34,24,5357446.07,8449102.64,08/25/2024,02-Sep-2027
573,214,103,APPROVED,Personal Loan,NGN,16415493.03,10177.61,14.64,48,6525943.61,9889549.42,01/14/2023,07/09/2024
574,1396,111, Active ,Agricultural Loan,ZAR,19012715.46,1045699.35,20.85,18,9186473.27,9826242.19,2021-09-21,14-Jun-2026
575,1194,101,fully paid,Trade Finance / Import,NGN,14135616.33,8764.08,9.58,6,13847744.13,287872.2,2020-01-26,2024-12-20
576,167,115,written off,Mortgage,USD,7828511.65,7828511.65,11.51,48,1094724.12,6733787.53,01/14/2022,02/25/2027
577,1023,104,defaulted,Education Finance,NGN,2557547.38,1585.68,18.5,36,542537.57,2015009.81,2020-11-04,01/16/2024
578,1046,112,RESTRUCTURED,Auto Loan,GBP,11398174.59,14475681.73,18.62,24,4652093.67,6746080.92,2023-08-03,07/09/2024
579,364,104,ACTIVE,Mortgage,NGN,5990335.94,3714.01,25.86,48,4019755.25,1970580.69,01/09/2021,2023-01-01
580,1,108,PENDING REVIEW,Trade Finance / Import,KES,2919612.11,22481.01,7.24,18,268177.17,2651434.94,17/07/2022,2025-07-26
581,1675,103,Fully Paid,SME Working Capital,NGN,19812560.98,12283.79,7.8,36,1394552.54,18418008.44,28/08/2023,11-Sep-2026
582,325,115,fully paid,Education Finance,USD,1969091.74,1969091.74,10.49,12,1463472.77,505618.97,05/09/2021,2023-07-12
583,1812,114, Active ,Agricultural Loan,AED,2602558.47,707895.9,15.93,12,903910.19,1698648.28,08/14/2023,04/09/2023
584,197,106,ACTIVE,Education Finance,GHS,13066024.51,862357.62,14.55,36,11680422.33,1385602.18,02/15/2021,03-Jun-2026
585,291,102,pending review,SME Working Capital,NGN,6266310.33,3885.11,7.6,36,1633291.53,4633018.8,2022-12-16,20-Aug-2025
586,544,113,APPROVED,Asset Finance,EUR,17291911.01,18675263.89,26.31,6,15501271.77,1790639.24,04/17/2020,11/11/2026
587,712,112,Fully Paid,Mortgage,GBP,3967409.23,5038609.72,17.97,18,1467904.68,2499504.55,17/12/2021,07/31/2023
588,237,114,ACTIVE,Education Finance,AED,18394996.7,5003439.1,18.17,36,13059778.88,5335217.82,07/15/2023,2023-11-23
589,1316,108,ACTIVE,Asset Finance,KES,15835786.48,121935.56,14.32,48,3517136.53,12318649.95,09/14/2020,09/30/2024
590,1976,112,active,Personal Loan,GBP,14803296.08,18800186.02,19.09,36,802784.64,14000511.44,19-Apr-2023,22-Dec-2024
591,1344,108,DEFAULTED,SME Working Capital,KES,6089376.14,46888.2,17.78,12,570743.54,5518632.6,20-Feb-2022,17-Dec-2025
592,1342,106,approved,Mortgage,GHS,16091027.38,1062007.81,13.59,60,3527091.48,12563935.9,04-Apr-2021,2023-12-26
593,183,113,fully paid,Mortgage,EUR,16719918.42,18057511.89,4.95,60,1343298.25,15376620.17,2023-10-03,05-Feb-2027
594,209,102,approved,Personal Loan,NGN,9060192.02,5617.32,22.07,6,4704310.81,4355881.21,04/27/2023,2026-08-15
595,1100,104,restructured,Trade Finance / Import,NGN,19358285.62,12002.14,24.22,60,12986634.48,6371651.14,12/09/2021,08/31/2024
596,1631,101,defaulted,Trade Finance / Import,NGN,625935.15,388.08,17.35,48,488997.21,136937.94,2020-08-29,03-Mar-2025
597,701,103,approved,Agricultural Loan,NGN,16364174.0,10145.79,15.24,60,10527970.69,5836203.31,12/29/2023,2023-03-27
598,810,105,FULLY PAID,Education Finance,NGN,19687664.64,12206.35,25.16,36,4786885.4,14900779.24,16/07/2020,02/04/2026
599,1335,108,DEFAULTED,SME Working Capital,KES,8611967.96,66312.15,26.04,60,5225402.27,3386565.69,04/30/2023,31/05/2025
600,168,108,approved,Trade Finance / Import,KES,2668018.92,20543.75,23.84,60,1811720.66,856298.26,2024-04-14,2025-10-12
601,20,105,restructured,Auto Loan,NGN,4836920.62,2998.89,6.0,24,4726978.67,109941.95,19-Sep-2021,05/16/2027
602,195,108,DEFAULTED,Asset Finance,KES,8691961.55,66928.1,19.71,48,6619216.63,2072744.92,04/01/2020,11/03/2026
603,446,105,APPROVED,Auto Loan,NGN,1199863.72,743.92,6.51,6,1180722.5,19141.22,18/11/2020,08/03/2024
604,412,112,Fully Paid,Personal Loan,GBP,13056378.4,16581600.57,25.99,36,4502970.04,8553408.36,03/08/2022,2024-08-31
605,627,113,restructured,Agricultural Loan,EUR,14818732.97,16004231.61,17.21,24,12682512.94,2136220.03,24/10/2020,2025-04-17
606,618,114, Active ,Agricultural Loan,AED,17126699.15,4658462.17,22.24,36,3168139.2,13958559.95,2023-11-14,01/07/2025
607,920,112,defaulted,Trade Finance / Import,GBP,7113524.88,9034176.6,22.93,12,1452487.16,5661037.72,24/01/2023,2025-03-21
608,156,108,active,Trade Finance / Import,KES,7831332.12,60301.26,23.26,6,7631097.62,200234.5,05/20/2022,22-Oct-2024
609,1292,114,active,Mortgage,AED,8111768.2,2206400.95,9.74,24,449212.76,7662555.44,07/29/2021,10/05/2024
610,523,112,defaulted,Auto Loan,GBP,7678733.11,9751991.05,19.96,18,3948460.93,3730272.18,07/15/2020,06/09/2027
611,1662,115,approved,Agricultural Loan,USD,7804680.48,7804680.48,9.4,24,4454478.37,3350202.11,2024-06-05,2027-07-04
612,501,114,written off,Asset Finance,AED,7582600.54,2062467.35,4.07,24,7497967.84,84632.7,2021-03-14,2024-01-13
613,1114,103,pending review,SME Working Capital,NGN,8480266.26,5257.77,22.46,48,4474278.49,4005987.77,27-Mar-2022,03/29/2026
614,412,112,pending review,Asset Finance,GBP,4095444.36,5201214.34,18.59,18,1701359.73,2394084.63,08/11/2020,2027-07-15
615,320,107,WRITTEN OFF,Auto Loan,GHS,7117980.63,469786.72,21.98,6,5668321.85,1449658.78,15-Aug-2023,2023-07-06
616,317,111,APPROVED,Auto Loan,ZAR,531991.98,29259.56,16.46,18,411804.85,120187.13,2024-05-23,30/04/2024
617,552,110, Active ,SME Working Capital,ZAR,17604267.67,968234.72,5.36,36,12542267.06,5062000.61,26-Jul-2022,09/08/2027
618,1608,109,fully paid,Personal Loan,KES,4192640.59,32283.33,27.78,18,1177547.62,3015092.97,13-Jul-2023,08/18/2023
619,278,107,WRITTEN OFF,Agricultural Loan,GHS,12895262.39,851087.32,17.61,6,8204082.82,4691179.57,02-Jun-2023,03/13/2027
620,521,112,approved,Asset Finance,GBP,2024620.71,2571268.3,26.24,48,1023760.98,1000859.73,08/13/2024,19-Jul-2027
621,1564,108,Fully Paid,Agricultural Loan,KES,7759489.6,59748.07,19.85,48,6735824.1,1023665.5,05-Apr-2021,08/11/2023
622,1063,108,written off,SME Working Capital,KES,786131.68,6053.21,4.22,12,274845.42,511286.26,2021-06-21,06-Jun-2026
623,1703,111,DEFAULTED,Asset Finance,ZAR,13037329.1,717053.1,14.88,12,1732340.81,11304988.29,09/03/2023,28/06/2024
624,538,102,RESTRUCTURED,Asset Finance,NGN,5357685.5,3321.77,20.22,36,4625291.27,732394.23,26/06/2024,05-Aug-2024
625,1514,110,FULLY PAID,Mortgage,ZAR,11259961.54,619297.88,18.93,60,8602092.28,2657869.26,02/27/2021,10/14/2024
626,876,112,DEFAULTED,Mortgage,GBP,5561200.49,7062724.62,20.79,48,2660175.72,2901024.77,11/14/2020,05/03/2026
627,1364,102, Active ,Agricultural Loan,NGN,18737182.63,11617.05,14.98,18,13063801.25,5673381.38,08-Aug-2023,25-Jan-2027
628,1403,114,active,Education Finance,AED,15170508.83,4126378.4,5.5,36,12536955.43,2633553.4,2021-09-04,2026-07-11
629,189,104,approved,Trade Finance / Import,NGN,12112012.69,7509.45,12.93,60,11514592.54,597420.15,08-Sep-2021,2024-06-30
630,1653,111,FULLY PAID,Auto Loan,ZAR,18273854.87,1005062.02,25.59,48,17895634.89,378219.98,04/10/2024,08/30/2027
631,1866,115,RESTRUCTURED,Education Finance,USD,1564368.18,1564368.18,8.36,12,1364188.35,200179.83,21-Mar-2022,09/11/2026
632,1883,102,approved,Asset Finance,NGN,9381878.21,5816.76,15.91,18,3389050.19,5992828.02,04-Nov-2020,06/13/2025
633,61,106,FULLY PAID,Personal Loan,GHS,15489603.3,1022313.82,27.35,60,9968615.1,5520988.2,30/12/2020,2025-10-05
634,1955,106,pending review,Auto Loan,GHS,1617309.58,106742.43,27.38,12,164988.94,1452320.64,22-Oct-2020,2024-03-30
635,1310,108,PENDING REVIEW,Education Finance,KES,6533925.15,50311.22,5.84,60,373821.34,6160103.81,04-Nov-2024,2025-10-10
636,662,106,PENDING REVIEW,Auto Loan,GHS,3859564.7,254731.27,7.39,24,2608613.28,1250951.42,2020-11-25,05-Mar-2023
637,846,103, Active ,Mortgage,NGN,17326140.99,10742.21,18.27,6,5408353.48,11917787.51,20/12/2023,2023-06-25
638,1181,114,APPROVED,Education Finance,AED,14021968.84,3813975.52,18.63,48,6243405.51,7778563.33,15-Nov-2024,2026-05-12
639,1912,104,approved,Mortgage,NGN,105764.07,65.57,8.21,24,84103.47,21660.6,06/14/2023,29-Dec-2024
640,1667,110,Fully Paid,Education Finance,ZAR,6663138.97,366472.64,12.46,60,729911.11,5933227.86,30-May-2021,2026-05-28
641,1154,101,ACTIVE,Agricultural Loan,NGN,8562479.61,5308.74,23.37,18,5547016.55,3015463.06,10-Jun-2024,04/17/2024
642,1859,103,FULLY PAID,Mortgage,NGN,525884.69,326.05,24.23,36,314272.26,211612.43,08/10/2022,2027-11-28
643,471,112,active,Education Finance,GBP,8072097.14,10251563.37,16.06,24,86266.02,7985831.12,03-Oct-2020,03/31/2026
644,118,103, Active ,Asset Finance,NGN,7405930.24,4591.68,8.08,60,1310259.51,6095670.73,2021-03-29,27/07/2023
645,1784,109,pending review,Mortgage,KES,13215520.34,101759.51,26.89,60,12913051.57,302468.77,2023-09-08,25-May-2024
646,96,103,DEFAULTED,Personal Loan,NGN,13606497.42,8436.03,22.4,60,4038306.95,9568190.47,24/08/2020,08/28/2024
647,795,111,DEFAULTED,SME Working Capital,ZAR,15526523.89,853958.81,10.15,18,752098.59,14774425.3,04/03/2023,29-Mar-2026
648,1793,108,written off,Auto Loan,KES,19602628.91,150940.24,27.61,24,10446185.3,9156443.61,06/08/2024,17-Dec-2026
649,497,115,restructured,SME Working Capital,USD,12760822.66,12760822.66,24.65,60,4661200.23,8099622.43,07/03/2023,15-Feb-2025
650,815,102,Fully Paid,Education Finance,NGN,9357855.46,5801.87,18.65,12,7583498.96,1774356.5,13/07/2023,11/26/2023
651,1459,102,active,Trade Finance / Import,NGN,10145361.03,6290.12,23.67,6,9689194.81,456166.22,01/12/2020,25/07/2025
652,1958,114,pending review,Trade Finance / Import,AED,7223123.9,1964689.7,22.62,48,1714456.69,5508667.21,2021-12-26,2024-01-05
653,602,111,defaulted,SME Working Capital,ZAR,13639565.35,750176.09,19.53,48,4547478.57,9092086.78,2023-01-03,24-Jun-2027
654,1736,110,fully paid,Agricultural Loan,ZAR,1225190.44,67385.47,10.73,60,681931.25,543259.19,06/13/2024,16/07/2025
655,1701,101,FULLY PAID,Mortgage,NGN,2143710.62,1329.1,13.71,6,80019.67,2063690.95,24/08/2023,2024-11-15
656,1931,106,RESTRUCTURED,Mortgage,GHS,12347932.22,814963.53,23.17,12,1976598.87,10371333.35,11/04/2020,2024-10-18
657,383,108,RESTRUCTURED,SME Working Capital,KES,15069489.89,116035.07,24.08,6,4870024.43,10199465.46,24-Feb-2021,04-Feb-2025
658,1886,104,restructured,Trade Finance / Import,NGN,15264051.95,9463.71,19.26,24,2058835.21,13205216.74,25/08/2021,2027-10-14
659,309,110,pending review,Asset Finance,ZAR,9679831.01,532390.71,9.25,48,5012366.9,4667464.11,02-Jul-2022,2023-04-11
660,1095,113,approved,Personal Loan,EUR,6869782.15,7419364.72,15.54,48,1036021.25,5833760.9,2024-05-23,09/09/2024
661,1975,101,approved,Education Finance,NGN,6700054.03,4154.03,15.85,12,2376452.48,4323601.55,04/25/2020,12/22/2027
662,1862,104,RESTRUCTURED,Asset Finance,NGN,13859128.54,8592.66,6.34,48,9321999.02,4537129.52,01/14/2020,28-Oct-2026
663,1584,101,approved,Education Finance,NGN,11727780.45,7271.22,23.68,18,2103655.98,9624124.47,2020-05-20,04-Sep-2025
664,1110,112,DEFAULTED,Auto Loan,GBP,19473005.72,24730717.26,16.71,36,19301205.86,171799.86,12-Jan-2023,2024-12-01
665,624,102, Active ,SME Working Capital,NGN,10624472.36,6587.17,8.77,12,10288731.66,335740.7,12/28/2022,03/09/2025
666,1032,115,defaulted,Agricultural Loan,USD,19385026.15,19385026.15,22.06,12,4626729.43,14758296.72,03/21/2020,01-Nov-2026
667,1548,113,RESTRUCTURED,Trade Finance / Import,EUR,1257934.75,1358569.53,8.45,12,652641.26,605293.49,02/28/2022,2023-02-18
668,1629,106,restructured,Trade Finance / Import,GHS,17857711.23,1178608.94,15.01,6,2847818.2,15009893.03,08/21/2024,2024-10-09
669,469,108,fully paid,Education Finance,KES,7580570.0,58370.39,23.33,18,6113093.35,1467476.65,04/02/2020,08-Dec-2023
670,726,115,Fully Paid,Agricultural Loan,USD,4552588.89,4552588.89,7.9,24,601105.8,3951483.09,20/06/2024,15/11/2026
671,803,102,FULLY PAID,Agricultural Loan,NGN,9454744.42,5861.94,12.07,48,8125807.26,1328937.16,03/05/2020,18-Dec-2026
672,1421,112,FULLY PAID,Education Finance,GBP,18091153.69,22975765.19,25.38,18,11984097.83,6107055.86,27-Apr-2023,2026-05-14
673,1857,115,active,Auto Loan,USD,4709383.79,4709383.79,13.49,60,3033213.09,1676170.7,05-Mar-2022,10-Apr-2023
674,1737,113,FULLY PAID,SME Working Capital,EUR,6676738.69,7210877.79,12.05,36,2890454.75,3786283.94,31-Mar-2024,20/09/2026
675,723,102,ACTIVE,Agricultural Loan,NGN,12466697.59,7729.35,22.47,24,3754519.62,8712177.97,2023-03-18,2023-06-27
676,137,113,pending review,Asset Finance,EUR,566568.73,611894.23,18.29,36,466178.32,100390.41,04/10/2020,22/09/2026
677,1882,115,approved,Trade Finance / Import,USD,12968782.28,12968782.28,21.03,24,4488304.66,8480477.62,2021-09-24,12/02/2024
678,1073,113,FULLY PAID,Asset Finance,EUR,19831804.88,21418349.27,25.36,24,4149416.73,15682388.15,04/11/2023,2025-03-01
679,810,105,ACTIVE,Agricultural Loan,NGN,749387.89,464.62,21.68,36,630964.49,118423.4,05-Feb-2020,2025-02-07
680,320,107,active,Mortgage,GHS,15504130.67,1023272.62,11.93,18,7079515.12,8424615.55,26/11/2024,2026-08-13
681,561,106,APPROVED,Mortgage,GHS,7340511.98,484473.79,24.67,36,3098756.68,4241755.3,03-Dec-2024,11/08/2027
682,1861,105,pending review,Trade Finance / Import,NGN,17447385.55,10817.38,18.97,36,15336426.17,2110959.38,08/04/2023,12/23/2027
683,444,115,RESTRUCTURED,Asset Finance,USD,1759907.1,1759907.1,6.07,24,1275385.97,484521.13,19-Dec-2021,02/24/2027
684,759,113,approved,Personal Loan,EUR,4842293.34,5229676.81,24.11,60,3775704.21,1066589.13,04/22/2020,19/01/2027
685,872,114,written off,Education Finance,AED,14338776.01,3900147.07,20.74,24,2026985.03,12311790.98,12/21/2023,18/10/2026
686,1137,105,defaulted,Asset Finance,NGN,13668411.4,8474.42,10.99,18,11544602.02,2123809.38,05/08/2021,16/07/2027
687,1666,107,pending review,Asset Finance,GHS,712623.52,47033.15,6.5,6,225710.63,486912.89,09-Sep-2024,01-Jun-2027
688,1291,113,restructured,SME Working Capital,EUR,12276068.42,13258153.89,7.26,24,989343.55,11286724.87,2022-04-06,17-Dec-2025
689,507,105,DEFAULTED,Trade Finance / Import,NGN,5047242.17,3129.29,15.45,18,4611094.03,436148.14,10/04/2024,13/02/2026
690,1758,109,approved,Personal Loan,KES,18864259.09,145254.79,11.23,60,7984584.62,10879674.47,30/04/2024,06/27/2027
691,146,112,restructured,Personal Loan,GBP,4572755.64,5807399.66,20.11,6,1895253.66,2677501.98,05/16/2021,23-May-2026
692,299,111,DEFAULTED,Auto Loan,ZAR,7874126.92,433076.98,9.81,60,2206269.45,5667857.47,17/11/2021,11/15/2027
693,760,115,APPROVED,Trade Finance / Import,USD,12224029.21,12224029.21,9.72,18,828517.71,11395511.5,08/09/2022,29/11/2023
694,1875,101,restructured,Education Finance,NGN,17012278.38,10547.61,19.87,24,16737566.87,274711.51,23/04/2024,03/02/2025
695,1022,114,APPROVED,Education Finance,AED,19212870.33,5225900.73,23.86,48,8122978.45,11089891.88,2024-07-30,13-Nov-2027
696,1989,105,fully paid,Mortgage,NGN,16463440.06,10207.33,12.17,24,10408230.23,6055209.83,03/14/2024,2025-11-28
697,1867,114,RESTRUCTURED,Education Finance,AED,1396377.88,379814.78,27.38,6,613960.52,782417.36,04/24/2021,18/07/2023
698,200,102,written off,SME Working Capital,NGN,9793142.82,6071.75,24.99,18,2202058.75,7591084.07,11-Mar-2022,2026-05-03
699,1674,108,restructured,Trade Finance / Import,KES,13448391.1,103552.61,23.15,24,9550867.97,3897523.13,03/20/2020,02/07/2027
700,1076,109,restructured,Personal Loan,KES,10203108.67,78563.94,13.23,6,7945052.15,2258056.52,07/13/2020,04/29/2023
701,512,112,DEFAULTED,Asset Finance,GBP,5816697.97,7387206.42,18.18,12,5059469.34,757228.63,21-May-2023,23/08/2026
702,1562,101,pending review,Agricultural Loan,NGN,8608554.89,5337.3,10.48,12,5663343.96,2945210.93,27/08/2023,12/03/2027
703,1614,110,DEFAULTED,Mortgage,ZAR,17952925.38,987410.9,7.95,60,3701729.79,14251195.59,2024-03-30,04-Nov-2025
704,954,109,approved,SME Working Capital,KES,9127967.73,70285.35,19.65,60,2951187.93,6176779.8,07/21/2023,23-Feb-2024
705,1051,104, Active ,Agricultural Loan,NGN,19489176.96,12083.29,20.75,60,1633482.69,17855694.27,16-Oct-2023,08/17/2027
706,930,112,RESTRUCTURED,Education Finance,GBP,11044049.56,14025942.94,8.41,12,1769258.93,9274790.63,24/10/2023,10/20/2027
707,1582,113,FULLY PAID,SME Working Capital,EUR,3554635.09,3839005.9,23.42,36,478197.9,3076437.19,23/05/2024,2025-03-19
708,97,114,FULLY PAID,Trade Finance / Import,AED,10835820.94,2947343.3,10.86,24,7897733.73,2938087.21,30-Apr-2023,15-Aug-2024
709,178,110,Fully Paid,SME Working Capital,ZAR,5677465.47,312260.6,5.63,12,4113536.26,1563929.21,2020-11-07,2027-10-02
710,1533,105,defaulted,Auto Loan,NGN,7374077.85,4571.93,13.96,18,2187895.04,5186182.81,31/08/2024,10/07/2026
711,533,106,PENDING REVIEW,Personal Loan,GHS,16306128.91,1076204.51,18.17,48,8120284.63,8185844.28,02/02/2020,2027-12-26
712,1566,112,approved,Personal Loan,GBP,15691740.33,19928510.22,6.24,12,2214221.86,13477518.47,03-Oct-2022,02/06/2026
713,1261,108,defaulted,Education Finance,KES,10255147.33,78964.63,21.78,6,7133473.73,3121673.6,02/24/2022,03/18/2026
714,148,101,FULLY PAID,Trade Finance / Import,NGN,17798419.45,11035.02,25.39,24,14202294.66,3596124.79,04-Apr-2020,25-Aug-2025
715,696,103,RESTRUCTURED,Trade Finance / Import,NGN,13462317.47,8346.64,25.07,48,5914381.42,7547936.05,2021-04-25,15/04/2023
716,907,113,Fully Paid,SME Working Capital,EUR,4364727.58,4713905.79,5.2,18,589427.2,3775300.38,12/08/2024,13/08/2024
717,1312,111,approved,SME Working Capital,ZAR,5724034.43,314821.89,13.82,6,1644932.54,4079101.89,30-Dec-2021,22/11/2023
718,1885,102,written off,Auto Loan,NGN,5921670.43,3671.44,5.7,24,2360658.95,3561011.48,31/07/2023,2025-02-09
719,1413,109,pending review,Asset Finance,KES,13163310.38,101357.49,27.77,24,11624236.97,1539073.41,07/27/2024,21/05/2023
720,728,104,PENDING REVIEW,Agricultural Loan,NGN,603059.66,373.9,7.55,48,526083.14,76976.52,2021-11-09,12/21/2026
721,1261,108,WRITTEN OFF,Mortgage,KES,886585.01,6826.7,7.97,48,541373.43,345211.58,06/10/2024,29-Apr-2027
722,1524,110, Active ,SME Working Capital,ZAR,9036127.88,496987.03,16.48,36,6795897.8,2240230.08,20/04/2021,20-May-2027
723,3,108,written off,Trade Finance / Import,KES,5392012.89,41518.5,8.29,6,2926303.18,2465709.71,2024-10-02,2024-06-03
724,1627,113,FULLY PAID,Trade Finance / Import,EUR,2496710.18,2696446.99,21.77,6,686479.96,1810230.22,18/05/2021,05/05/2025
725,1574,111,ACTIVE,Trade Finance / Import,ZAR,16714726.59,919309.96,4.86,48,4826799.61,11887926.98,06-Jun-2024,18/05/2023
726,1170,112,APPROVED,Trade Finance / Import,GBP,19341037.74,24563117.93,21.43,24,15400319.69,3940718.05,13/04/2022,12/02/2027
727,187,106,RESTRUCTURED,Agricultural Loan,GHS,10656203.8,703309.45,22.56,12,10633401.55,22802.25,20/02/2023,15-Sep-2027
728,785,103,defaulted,Trade Finance / Import,NGN,17596967.71,10910.12,6.88,60,3109810.11,14487157.6,18/08/2023,15/06/2025
729,1936,103,APPROVED,Trade Finance / Import,NGN,5610572.05,3478.55,22.2,60,5156123.14,454448.91,09/27/2020,13/05/2026
730,1098,110,written off,Personal Loan,ZAR,19589426.88,1077418.48,5.07,60,17180279.09,2409147.79,11/14/2020,08-Dec-2024
731,1507,107,restructured,SME Working Capital,GHS,19722276.49,1301670.25,14.6,36,6634658.23,13087618.26,09/04/2020,2026-07-04
732,1371,114,active,Education Finance,AED,18847934.05,5126638.06,15.91,18,3312556.63,15535377.42,06/18/2021,2026-12-14
733,487,115,ACTIVE,Trade Finance / Import,USD,5073355.1,5073355.1,8.48,48,554253.43,4519101.67,2024-12-20,12-Oct-2025
734,1178,103,active,Asset Finance,NGN,9941903.15,6163.98,8.44,12,1518464.3,8423438.85,05/26/2021,12/15/2026
735,648,111, Active ,Education Finance,ZAR,10418637.14,573025.04,7.64,24,4916890.05,5501747.09,09-Oct-2021,2026-08-14
736,1814,110,fully paid,Education Finance,ZAR,8249575.18,453726.63,8.04,18,1892013.38,6357561.8,2021-02-15,12/19/2026
737,1305,109,active,SME Working Capital,KES,5392090.52,41519.1,21.76,6,4152528.7,1239561.82,02-Mar-2022,25/05/2023
738,503,113,DEFAULTED,Agricultural Loan,EUR,3085420.15,3332253.76,12.33,60,2048929.35,1036490.8,18/10/2020,14-Feb-2023
739,888,114,FULLY PAID,SME Working Capital,AED,14468808.99,3935516.05,5.76,36,91071.01,14377737.98,23-Mar-2020,22/04/2027
740,1661,104,WRITTEN OFF,SME Working Capital,NGN,3078621.73,1908.75,24.62,60,597127.7,2481494.03,05/17/2024,07/04/2023
741,1917,108,Fully Paid,Agricultural Loan,KES,19729944.88,151920.58,15.78,60,16977851.9,2752092.98,09/27/2020,08/12/2027
742,752,110,PENDING REVIEW,Asset Finance,ZAR,14665358.89,806594.74,26.71,48,12107629.32,2557729.57,02-Jun-2023,2023-10-08
743,1203,108,active,Education Finance,KES,4857431.93,37402.23,8.59,6,1090267.34,3767164.59,11/17/2024,10/13/2027
744,492,111,ACTIVE,Personal Loan,ZAR,19210101.36,1056555.57,10.83,60,2584201.48,16625899.88,15/03/2022,18-Jul-2025
745,692,112,pending review,Trade Finance / Import,GBP,8769506.75,11137273.57,15.66,24,1261770.3,7507736.45,2022-12-14,2027-09-30
746,948,112,ACTIVE,Asset Finance,GBP,8192520.51,10404501.05,24.27,48,5708149.96,2484370.55,04/11/2024,21-Jan-2027
747,706,106,restructured,Asset Finance,GHS,3106548.65,205032.21,8.86,60,1835842.78,1270705.87,2023-07-09,2027-12-16
748,465,109,approved,Trade Finance / Import,KES,5992619.32,46143.17,17.74,60,5402110.16,590509.16,06/28/2022,2023-01-27
749,689,111, Active ,Auto Loan,ZAR,8511186.12,468115.24,11.85,18,5262905.47,3248280.65,12-Apr-2020,10/25/2025
750,1,108,fully paid,SME Working Capital,KES,6673689.57,51387.41,15.36,60,3301675.46,3372014.11,18-Jul-2024,05/05/2026
751,329,111,PENDING REVIEW,Mortgage,ZAR,2179588.33,119877.36,5.63,12,2022578.87,157009.46,20-Apr-2023,15-Jul-2024
752,194,113,Fully Paid,Trade Finance / Import,EUR,6263338.34,6764405.41,6.83,6,1407896.2,4855442.14,04-Jun-2023,2024-06-07
753,1837,104,pending review,Trade Finance / Import,NGN,11940311.89,7402.99,6.54,12,4481941.6,7458370.29,07/01/2024,2025-08-08
754,1406,114,Fully Paid,Agricultural Loan,AED,11454152.1,3115529.37,24.79,18,8666545.38,2787606.72,09/12/2020,03/04/2023
755,1505,114,RESTRUCTURED,Auto Loan,AED,17362384.55,4722568.6,10.11,18,7334961.67,10027422.88,06-Dec-2024,11-Feb-2024
756,749,106,defaulted,Personal Loan,GHS,3416951.88,225518.82,12.08,48,2299633.65,1117318.23,01/28/2022,12/11/2023
757,1934,103,approved,Mortgage,NGN,8968606.02,5560.54,8.94,12,7175597.15,1793008.87,10/06/2022,2024-02-16
758,555,104,approved,Personal Loan,NGN,11420247.72,7080.55,8.87,12,6311202.96,5109044.76,22/08/2020,03-Dec-2027
759,1179,101,APPROVED,Trade Finance / Import,NGN,17777683.67,11022.16,27.45,48,7760304.08,10017379.59,2022-12-22,2023-10-25
760,1678,113,restructured,Mortgage,EUR,7772346.4,8394134.11,15.8,60,2471527.92,5300818.48,23/08/2023,2024-08-20
761,826,108, Active ,Education Finance,KES,2517974.99,19388.41,22.58,24,598688.68,1919286.31,06-Mar-2024,11-May-2024
762,179,115,PENDING REVIEW,Asset Finance,USD,12932756.83,12932756.83,22.81,48,12874966.89,57789.94,2024-05-02,2023-02-28
763,727,115,defaulted,Mortgage,USD,14290348.44,14290348.44,9.37,48,5802225.15,8488123.29,05/02/2022,12/31/2027
764,1131,104,active,Auto Loan,NGN,2066597.05,1281.29,7.29,12,1490079.44,576517.61,19-Sep-2020,01/07/2023
765,1296,104,active,Agricultural Loan,NGN,8711023.93,5400.83,7.1,6,4602186.03,4108837.9,14/12/2022,22/04/2027
766,1731,105,defaulted,Personal Loan,NGN,12018097.94,7451.22,7.65,24,1596114.09,10421983.85,30/11/2022,2025-09-14
767,1291,113,Fully Paid,SME Working Capital,EUR,5538637.64,5981728.65,25.95,18,3799518.81,1739118.83,05/01/2022,2024-02-23
768,1626,106,WRITTEN OFF,Asset Finance,GHS,13628534.2,899483.26,27.81,12,6365923.56,7262610.64,20/05/2021,09-Sep-2024
769,522,115,APPROVED,SME Working Capital,USD,15366636.33,15366636.33,4.32,12,13479254.28,1887382.05,07/31/2020,02/08/2023
770,1152,108,active,Personal Loan,KES,7028755.3,54121.42,15.17,6,5519297.55,1509457.75,06/16/2021,11-Dec-2023
771,1096,110,fully paid,Trade Finance / Import,ZAR,14836318.47,815997.52,10.17,48,13232311.88,1604006.59,28/04/2024,2024-04-05
772,1355,109,Fully Paid,Trade Finance / Import,KES,4453937.2,34295.32,8.11,48,3810694.63,643242.57,23-Jan-2022,11/03/2026
773,265,106,WRITTEN OFF,Mortgage,GHS,9308783.0,614379.68,13.21,6,3142116.77,6166666.23,23-Nov-2024,05/08/2026
774,1135,106,active,Agricultural Loan,GHS,18761596.05,1238265.34,26.91,12,11632926.54,7128669.51,05/17/2024,30-Apr-2025
775,364,104,FULLY PAID,Agricultural Loan,NGN,12783058.8,7925.5,17.21,60,4772230.07,8010828.73,18-Feb-2020,26-Apr-2024
776,929,109,active,Agricultural Loan,KES,9208554.28,70905.87,15.06,18,4226742.48,4981811.8,08/07/2022,2023-02-15
777,1257,102, Active ,Education Finance,NGN,15835969.61,9818.3,6.5,60,10541936.83,5294032.78,14-Jun-2022,10/23/2027
778,1750,101,Fully Paid,Personal Loan,NGN,805153.68,499.2,19.78,12,266687.78,538465.9,10/11/2022,11/16/2024
779,1630,112,restructured,Mortgage,GBP,12231386.3,15533860.6,5.26,18,7930474.74,4300911.56,10/09/2024,2026-02-06
780,1028,111,PENDING REVIEW,Auto Loan,ZAR,2408050.85,132442.8,21.63,48,1192816.8,1215234.05,10/31/2021,01/11/2023
781,171,103,ACTIVE,Asset Finance,NGN,9863654.84,6115.47,6.41,12,4583463.43,5280191.41,03-Nov-2021,11/14/2024
782,1037,107,APPROVED,Asset Finance,GHS,17464321.81,1152645.24,13.7,60,17240821.27,223500.54,26-May-2021,2026-01-24
783,360,108,ACTIVE,Education Finance,KES,1029338.52,7925.91,5.42,6,244336.28,785002.24,08/02/2021,07/17/2026
784,356,112,FULLY PAID,Auto Loan,GBP,14568570.24,18502084.2,20.03,48,10893363.12,3675207.12,04/10/2022,27-Jan-2024
785,1040,109,pending review,Personal Loan,KES,1293051.98,9956.5,22.26,60,1074036.72,219015.26,07/26/2022,05/31/2023
786,1829,104,defaulted,Education Finance,NGN,14646438.21,9080.79,24.93,6,8836062.84,5810375.37,11-Apr-2020,14-Jun-2027
787,951,113,pending review,Auto Loan,EUR,17231148.27,18609640.13,12.3,18,858303.27,16372845.0,20-Jun-2020,2023-06-17
788,1236,112,DEFAULTED,Trade Finance / Import,GBP,12345047.75,15678210.64,15.18,18,10772306.07,1572741.68,2023-07-11,2026-03-07
789,1512,112,ACTIVE,Personal Loan,GBP,10554207.44,13403843.45,15.27,6,3413076.51,7141130.93,05/14/2023,12/07/2025
790,1056,115,pending review,Personal Loan,USD,14930019.87,14930019.87,10.27,6,4165855.41,10764164.46,2022-09-26,25/09/2023
791,1734,107,pending review,Agricultural Loan,GHS,12046982.63,795100.85,4.99,18,2090612.22,9956370.41,2022-11-03,03/09/2023
792,857,108,ACTIVE,Personal Loan,KES,19311005.6,148694.74,13.08,24,4763983.39,14547022.21,07/05/2024,02-Apr-2027
793,85,114,DEFAULTED,Personal Loan,AED,16611209.72,4518249.04,20.98,18,12640494.34,3970715.38,05/01/2023,05/30/2026
794,1467,110,PENDING REVIEW,Asset Finance,ZAR,16182904.09,890059.72,25.15,48,8312167.6,7870736.49,2020-09-16,22/09/2027
795,35,115,ACTIVE,Personal Loan,USD,4972592.22,4972592.22,19.05,24,3269207.64,1703384.58,10/05/2020,04/05/2027
796,956,106,FULLY PAID,Asset Finance,GHS,7223362.33,476741.91,23.71,60,913843.78,6309518.55,2024-05-16,2027-03-26
797,357,105,APPROVED,Trade Finance / Import,NGN,10532488.92,6530.14,10.84,6,3650380.02,6882108.9,07/18/2024,10/30/2026
798,953,102,APPROVED,Asset Finance,NGN,2836729.8,1758.77,19.66,60,1575143.71,1261586.09,02-Dec-2022,2025-04-17
799,1154,101,APPROVED,Agricultural Loan,NGN,18509500.05,11475.89,27.29,60,11426988.99,7082511.06,04/06/2024,05/19/2024
800,1670,114,defaulted,Trade Finance / Import,AED,8540415.67,2322993.06,5.38,12,7042784.46,1497631.21,25/12/2023,08-Jun-2027
801,1336,108, Active ,Trade Finance / Import,KES,16476605.61,126869.86,22.71,24,15583080.41,893525.2,05/08/2021,2023-05-26
802,1799,112,ACTIVE,Mortgage,GBP,13877882.49,17624910.76,16.09,24,7531701.97,6346180.52,2021-12-11,26-Apr-2023
803,1801,106,ACTIVE,Education Finance,GHS,17107117.14,1129069.73,25.85,48,10562519.92,6544597.22,09-Nov-2023,02/10/2026
804,1017,113,ACTIVE,Agricultural Loan,EUR,19756285.31,21336788.13,19.5,60,15908137.94,3848147.37,24/08/2021,26-Jun-2023
805,667,103, Active ,Personal Loan,NGN,13829617.57,8574.36,17.94,36,7520732.46,6308885.11,02/25/2022,2027-02-12
806,1907,108,RESTRUCTURED,Auto Loan,KES,7675477.44,59101.18,8.24,60,3362744.12,4312733.32,01/01/2020,2026-06-10
807,76,112,Fully Paid,Mortgage,GBP,888854.83,1128845.63,9.19,60,399170.04,489684.79,2023-09-23,18/12/2024
808,1304,104,active,Personal Loan,NGN,16513909.11,10238.62,10.82,18,3726617.97,12787291.14,2024-03-07,05/09/2025
809,1707,113,DEFAULTED,Trade Finance / Import,EUR,7932938.77,8567573.87,16.9,60,7902011.99,30926.78,06/05/2022,08/13/2023
810,1966,110, Active ,Agricultural Loan,ZAR,4947014.5,272085.8,17.12,6,392035.19,4554979.31,04/06/2023,2023-08-22
811,290,114,restructured,Asset Finance,AED,4090408.15,1112591.02,25.09,12,3827442.49,262965.66,20/08/2020,04/11/2025
812,828,106,RESTRUCTURED,Personal Loan,GHS,16428176.22,1084259.63,5.48,48,4575077.02,11853099.2,28-Dec-2021,23/11/2026
813,568,104,restructured,Personal Loan,NGN,18557793.76,11505.83,23.98,48,11491739.61,7066054.15,08/05/2023,30/08/2023
814,165,114,DEFAULTED,Trade Finance / Import,AED,5527267.38,1503416.73,18.06,24,775592.44,4751674.94,19-Mar-2023,19-Nov-2023
815,1649,109,pending review,Auto Loan,KES,1998869.14,15391.29,19.13,60,513923.67,1484945.47,04-Aug-2023,20-Apr-2027
816,67,108,WRITTEN OFF,Mortgage,KES,12043850.83,92737.65,15.27,36,5596053.26,6447797.57,23-Sep-2020,2023-09-27
817,1588,111,PENDING REVIEW,Trade Finance / Import,ZAR,275501.28,15152.57,23.45,24,237093.48,38407.8,2022-12-08,10/09/2025
818,973,115,fully paid,Mortgage,USD,13340606.15,13340606.15,22.44,6,969899.4,12370706.75,2024-06-01,08/17/2027
819,705,104,fully paid,Education Finance,NGN,14262208.55,8842.57,16.33,12,11975510.96,2286697.59,09/18/2021,2027-04-30
820,29,114,pending review,Trade Finance / Import,AED,17599367.91,4787028.07,15.44,6,4610678.31,12988689.6,01/22/2020,10/01/2025
821,24,102,APPROVED,Asset Finance,NGN,8001882.21,4961.17,8.22,18,1015023.8,6986858.41,10-Sep-2023,11/06/2024
822,511,104,PENDING REVIEW,Personal Loan,NGN,8471492.66,5252.33,26.6,12,5555794.79,2915697.87,26/08/2020,05/10/2024
823,441,113, Active ,Mortgage,EUR,5141545.87,5552869.54,15.37,12,292553.96,4848991.91,2024-09-16,27-Mar-2023
824,1782,107,written off,Agricultural Loan,GHS,3526982.54,232780.85,15.23,48,1657219.34,1869763.2,03/03/2024,14-Sep-2025
825,18,105,DEFAULTED,Mortgage,NGN,1313292.69,814.24,14.91,6,837619.31,475673.38,2021-06-12,2025-08-09
826,135,107,fully paid,Asset Finance,GHS,8681612.94,572986.45,15.99,48,7305301.42,1376311.52,04/18/2023,04/03/2025
827,1998,108,written off,Education Finance,KES,4580111.94,35266.86,19.69,18,1689115.27,2890996.67,12/29/2023,12/15/2023
828,80,109,pending review,Asset Finance,KES,10233388.37,78797.09,12.83,18,8389947.67,1843440.7,2020-09-14,30-Jul-2026
829,555,104,RESTRUCTURED,Asset Finance,NGN,13123163.29,8136.36,27.65,48,9345569.29,3777594.0,2024-02-01,04-Nov-2023
830,1418,110,DEFAULTED,Personal Loan,ZAR,13837554.12,761065.48,5.87,18,13301703.39,535850.73,2022-09-27,14-Jan-2024
831,1758,109,approved,Asset Finance,KES,2988367.14,23010.43,23.14,36,2878163.79,110203.35,11/27/2024,2027-09-03
832,1938,106,approved,Asset Finance,GHS,15576015.14,1028017.0,18.95,24,4719099.91,10856915.23,03-Nov-2023,10/21/2026
833,1406,114, Active ,Auto Loan,AED,12988960.66,3532997.3,9.31,12,5687373.05,7301587.61,2022-06-23,23-Apr-2026
834,1535,107,APPROVED,Education Finance,GHS,11784921.84,777804.84,27.97,48,11330224.35,454697.49,25-Mar-2022,2026-02-24
835,529,108,active,Trade Finance / Import,KES,18599480.69,143216.0,21.04,48,2889409.44,15710071.25,15-Mar-2020,06/13/2023
836,1598,112,FULLY PAID,Personal Loan,GBP,13377966.12,16990016.97,22.79,48,4544736.89,8833229.23,03/11/2021,2023-03-04
837,1289,101,fully paid,Education Finance,NGN,5364171.5,3325.79,9.84,12,5042793.79,321377.71,2023-06-08,14/02/2027
838,328,104,defaulted,Agricultural Loan,NGN,17128106.64,10619.43,19.33,48,15989565.37,1138541.27,2022-03-01,03/20/2026
839,242,101,pending review,Auto Loan,NGN,5710700.17,3540.63,5.1,48,4244686.41,1466013.76,2024-06-04,25-Jan-2024
840,791,109, Active ,Auto Loan,KES,4685461.53,36078.05,6.21,48,2979669.85,1705791.68,09-Jan-2023,04/19/2025
841,321,101,APPROVED,SME Working Capital,NGN,12390790.12,7682.29,10.56,60,7811951.4,4578838.72,05/09/2023,28/11/2027
842,1885,102,approved,Personal Loan,NGN,17970521.28,11141.72,16.73,24,14250945.61,3719575.67,07/01/2024,10/01/2024
843,1771,107,approved,Mortgage,GHS,15931079.2,1051451.23,19.58,12,14761477.26,1169601.94,04-Oct-2024,22/01/2026
844,388,104,ACTIVE,Asset Finance,NGN,7495728.31,4647.35,4.23,24,2472289.05,5023439.26,2023-07-20,2026-07-06
845,1228,109,written off,Education Finance,KES,4307708.91,33169.36,21.18,24,3001500.14,1306208.77,19/04/2020,12/04/2023
846,1267,103,restructured,Education Finance,NGN,8861376.24,5494.05,9.09,12,6960853.32,1900522.92,2021-12-30,08/31/2026
847,1448,110,Fully Paid,Asset Finance,ZAR,11421927.64,628206.02,26.55,6,10152384.13,1269543.51,2024-06-12,2023-11-07
848,1171,105,pending review,Auto Loan,NGN,3815395.64,2365.55,17.59,6,184504.4,3630891.24,22-May-2020,07/23/2024
849,1312,111,DEFAULTED,Auto Loan,ZAR,5358025.03,294691.38,25.65,24,213380.06,5144644.97,01/08/2022,07/28/2024
850,1381,114,FULLY PAID,Asset Finance,AED,11681956.27,3177492.11,12.98,24,1704142.38,9977813.89,2020-09-21,15-Feb-2025
851,116,105,approved,Education Finance,NGN,1676991.27,1039.73,17.83,36,763045.38,913945.89,26-May-2023,19-Jun-2025
852,57,115,FULLY PAID,Trade Finance / Import,USD,9639824.82,9639824.82,6.07,60,4748131.41,4891693.41,06-Dec-2021,2026-08-12
853,726,115,PENDING REVIEW,Asset Finance,USD,6869839.23,6869839.23,17.99,6,2802691.66,4067147.57,04-May-2021,2025-03-11
854,1945,106,defaulted,Asset Finance,GHS,13997732.42,923850.34,8.01,12,6441997.01,7555735.41,2020-01-06,31-May-2024
855,1308,110,defaulted,Education Finance,ZAR,10292272.36,566074.98,11.18,24,3121235.54,7171036.82,02-Nov-2021,2024-05-13
856,1338,110,PENDING REVIEW,Education Finance,ZAR,5588147.55,307348.12,12.67,36,4821016.92,767130.63,04-Sep-2024,26-Jun-2025
857,674,103,approved,Agricultural Loan,NGN,1405019.76,871.11,16.66,60,215633.68,1189386.08,2024-05-30,2026-09-03
858,1457,108,defaulted,SME Working Capital,KES,14309739.96,110185.0,18.82,18,10564413.27,3745326.69,28-May-2021,23-Mar-2027
859,1837,104,WRITTEN OFF,Personal Loan,NGN,13196980.29,8182.13,6.06,6,6500212.58,6696767.71,12/22/2022,19-Jun-2026
860,918,102,restructured,Agricultural Loan,NGN,9732698.59,6034.27,26.77,12,5526889.02,4205809.57,07-Nov-2020,31/03/2024
861,1609,102,RESTRUCTURED,Agricultural Loan,NGN,18657281.32,11567.51,24.81,24,624755.66,18032525.66,11-Jul-2020,24/09/2026
862,1486,106,APPROVED,SME Working Capital,GHS,17082522.81,1127446.51,12.64,18,688811.77,16393711.04,2022-10-22,13/06/2025
863,1161,107,active,Agricultural Loan,GHS,2207488.28,145694.23,22.02,12,1139815.92,1067672.36,27-Jan-2022,18/02/2027
864,1065,104,PENDING REVIEW,Auto Loan,NGN,7803922.28,4838.43,13.96,60,6910495.93,893426.35,09/25/2023,10/26/2026
865,659,114,pending review,Agricultural Loan,AED,6360024.55,1729926.68,8.55,48,5621682.88,738341.67,01/10/2020,2027-06-14
866,1999,109, Active ,Agricultural Loan,KES,13920915.94,107191.05,10.5,12,6311144.86,7609771.08,08/15/2022,28/10/2023
867,504,110, Active ,Personal Loan,ZAR,9723695.71,534803.26,16.59,36,8469342.21,1254353.5,01/26/2020,30-Nov-2023
868,146,112,Fully Paid,Agricultural Loan,GBP,19243780.06,24439600.68,18.98,6,10898332.94,8345447.12,30-Aug-2024,11/09/2025
869,1724,112,DEFAULTED,SME Working Capital,GBP,14070555.63,17869605.65,14.1,24,1436834.57,12633721.06,2023-01-27,30-Nov-2024
870,1636,111,defaulted,Education Finance,ZAR,16903281.23,929680.47,23.41,60,15328221.54,1575059.69,02/09/2024,2025-11-15
871,612,110,FULLY PAID,Trade Finance / Import,ZAR,193794.15,10658.68,6.73,36,18857.19,174936.96,24/12/2023,26-Apr-2027
872,1424,115,written off,Mortgage,USD,11117117.34,11117117.34,20.38,24,1180848.16,9936269.18,07/12/2024,19/04/2024
873,1419,104,pending review,Auto Loan,NGN,16347324.17,10135.34,26.94,24,1193931.65,15153392.52,23-Jun-2021,2025-07-26
874,1360,102,ACTIVE,Asset Finance,NGN,17687237.33,10966.09,27.92,48,12189528.91,5497708.42,22-Jul-2024,09-Aug-2025
875,625,111,pending review,Agricultural Loan,ZAR,9774998.6,537624.92,16.5,60,3185683.19,6589315.41,2020-10-08,28/04/2027
876,1999,109,restructured,Auto Loan,KES,575520.55,4431.51,4.48,18,120169.28,455351.27,02/10/2022,14-Mar-2025
877,1155,106,pending review,Trade Finance / Import,GHS,13488927.21,890269.2,17.43,18,3024127.86,10464799.35,01-Oct-2022,05/18/2027
878,1594,106,FULLY PAID,SME Working Capital,GHS,213424.07,14085.99,4.93,24,210975.39,2448.68,19-Oct-2023,24/06/2025
879,610,113,Fully Paid,SME Working Capital,EUR,13637969.39,14729006.94,5.56,6,6009233.39,7628736.0,11/09/2023,06-Aug-2024
880,461,102, Active ,Mortgage,NGN,5035426.8,3121.96,10.45,6,4850783.71,184643.09,08/22/2024,22/02/2023
881,779,114,written off,Agricultural Loan,AED,11437515.96,3111004.34,13.08,12,7810849.91,3626666.05,07/04/2023,20-Jun-2024
882,1363,110,defaulted,Personal Loan,ZAR,14265387.33,784596.3,14.46,60,11688794.04,2576593.29,26-Sep-2023,2027-09-03
883,501,114,defaulted,Education Finance,AED,4656234.96,1266495.91,17.9,6,3153811.96,1502423.0,21-May-2020,11-Sep-2026
884,1744,103,defaulted,Auto Loan,NGN,5212206.05,3231.57,18.26,6,4967720.13,244485.92,30/05/2022,2023-11-12
885,844,115,pending review,Agricultural Loan,USD,16277563.41,16277563.41,27.79,24,5000685.51,11276877.9,2021-09-09,26/06/2026
886,933,108,written off,Education Finance,KES,5594122.06,43074.74,8.66,48,1274873.61,4319248.45,2023-05-08,06/26/2027
887,523,112,FULLY PAID,Education Finance,GBP,14559789.57,18490932.75,12.13,12,3460135.31,11099654.26,25/12/2024,2023-02-27
888,497,115,pending review,Auto Loan,USD,4491909.9,4491909.9,23.07,24,1897089.65,2594820.25,01/04/2022,2023-04-25
889,1620,115,APPROVED,Asset Finance,USD,700732.32,700732.32,9.35,24,464673.78,236058.54,27/05/2020,24/12/2027
890,930,112,active,Personal Loan,GBP,8236095.01,10459840.66,26.62,36,1906295.53,6329799.48,11/07/2020,30/09/2027
891,1698,109,PENDING REVIEW,Auto Loan,KES,13130636.22,101105.9,22.44,60,6188026.61,6942609.61,02/02/2021,07/14/2025
892,1093,109,restructured,Auto Loan,KES,19458383.88,149829.56,10.15,24,13591730.18,5866653.7,2023-07-30,2027-07-09
893,1667,110,pending review,Mortgage,ZAR,16461305.18,905371.78,26.56,6,3736258.01,12725047.17,03/14/2024,05/07/2026
894,699,114,ACTIVE,Mortgage,AED,8272214.53,2250042.35,20.75,48,7798505.81,473708.72,25/09/2023,2025-12-16
895,804,104,written off,Education Finance,NGN,5621556.48,3485.37,24.67,18,1061287.21,4560269.27,25/08/2024,03/11/2027
896,1304,104,active,Trade Finance / Import,NGN,3801677.28,2357.04,16.44,12,2748080.65,1053596.63,10-Mar-2023,21/08/2023
897,1360,102,Fully Paid,Trade Finance / Import,NGN,15210239.06,9430.35,12.71,18,7037964.14,8172274.92,21/03/2023,2026-05-06
898,1043,102,approved,Auto Loan,NGN,12309453.61,7631.86,26.14,18,456941.13,11852512.48,03/29/2020,13/11/2024
899,118,103,fully paid,Asset Finance,NGN,3360424.7,2083.46,6.64,36,618767.92,2741656.78,2020-06-19,01/03/2027
900,188,113,written off,Asset Finance,EUR,10021930.3,10823684.72,27.12,24,1191490.33,8830439.97,2023-04-08,23/02/2023
901,1292,114,approved,SME Working Capital,AED,4985375.94,1356022.26,12.54,36,1321424.64,3663951.3,06-Mar-2021,08/10/2024
902,262,102,pending review,Asset Finance,NGN,5339414.45,3310.44,12.75,18,3041358.48,2298055.97,28-May-2021,07/04/2023
903,281,114,WRITTEN OFF,Personal Loan,AED,13545073.92,3684260.11,24.26,48,1576103.21,11968970.71,06/27/2022,08/03/2023
904,1717,112,defaulted,Agricultural Loan,GBP,19589116.73,24878178.25,8.01,24,18057548.14,1531568.59,2022-12-10,10/10/2024
905,998,109,ACTIVE,SME Working Capital,KES,13522779.17,104125.4,21.44,60,11228830.7,2293948.47,09/10/2020,01-Feb-2025
906,1147,112,approved,Education Finance,GBP,6086456.84,7729800.19,16.13,48,3609578.05,2476878.79,11-Aug-2020,11/08/2025
907,1062,115,RESTRUCTURED,Agricultural Loan,USD,3137265.97,3137265.97,14.83,24,2052133.82,1085132.15,2024-10-03,08/24/2026
908,1369,101,defaulted,Mortgage,NGN,1688026.73,1046.58,21.75,12,660079.64,1027947.09,2020-03-04,29-Jul-2026
909,31,103,restructured,Education Finance,NGN,2887862.6,1790.47,17.61,12,248788.22,2639074.38,04-Sep-2024,28-Nov-2024
910,1992,115,pending review,Personal Loan,USD,8826879.4,8826879.4,18.79,12,5498037.26,3328842.14,04-Jan-2023,01/21/2024
911,1878,109,RESTRUCTURED,Personal Loan,KES,2643096.09,20351.84,24.77,18,1113441.22,1529654.87,19-Oct-2023,03/15/2025
912,23,104,restructured,Agricultural Loan,NGN,10690595.58,6628.17,24.1,24,960466.85,9730128.73,31/03/2023,24/03/2027
913,1045,110,DEFAULTED,Asset Finance,ZAR,5955775.89,327567.67,25.4,60,700509.85,5255266.04,10/11/2021,29-Oct-2027
914,536,101,WRITTEN OFF,Trade Finance / Import,NGN,12900467.33,7998.29,8.17,48,6016215.04,6884252.29,2023-09-10,07/08/2027
915,1246,110,defaulted,Agricultural Loan,ZAR,10253267.18,563929.69,11.17,48,7093866.8,3159400.38,11/26/2022,12-Jan-2026
916,1018,108,Fully Paid,Agricultural Loan,KES,11748538.76,90463.75,12.2,12,10706599.25,1041939.51,25/07/2024,02-Sep-2024
917,1245,108,defaulted,Mortgage,KES,13830854.81,106497.58,14.19,48,11829058.43,2001796.38,12-Jul-2023,2026-06-04
918,1567,102,active,SME Working Capital,NGN,17565480.28,10890.6,20.74,12,4429222.45,13136257.83,2020-02-18,2027-08-27
919,1150,114,DEFAULTED,Education Finance,AED,6407576.31,1742860.76,10.56,24,4719913.41,1687662.9,30/11/2021,09/05/2026
920,1660,113,Fully Paid,Trade Finance / Import,EUR,8163865.67,8816974.92,25.73,12,5253707.01,2910158.66,03/01/2024,05-Jul-2023
921,1497,106,WRITTEN OFF,Auto Loan,GHS,19352924.63,1277293.03,25.07,6,13867216.4,5485708.23,11/23/2023,31/01/2024
922,445,111,approved,Personal Loan,ZAR,2070008.91,113850.49,27.26,36,1229350.77,840658.14,2023-04-24,25-Jun-2027
923,957,108,WRITTEN OFF,Auto Loan,KES,16769994.95,129128.96,8.62,36,2800997.7,13968997.25,04/19/2020,01-Nov-2026
924,885,109,written off,Auto Loan,KES,7166918.28,55185.27,12.0,48,1950020.5,5216897.78,02/12/2020,2025-10-17
925,1657,115,PENDING REVIEW,Mortgage,USD,11327385.78,11327385.78,24.53,36,3191945.74,8135440.04,12/20/2023,2027-08-08
926,1618,105,PENDING REVIEW,Trade Finance / Import,NGN,4848105.41,3005.83,20.96,36,4641506.43,206598.98,18-Jul-2024,2027-01-07
927,798,108,written off,Trade Finance / Import,KES,12058778.37,92852.59,21.76,24,7696967.18,4361811.19,05/06/2020,03/09/2024
928,912,115,written off,SME Working Capital,USD,12480303.21,12480303.21,6.31,12,12018257.91,462045.3,12/20/2022,10/05/2024
929,1000,112,FULLY PAID,Agricultural Loan,GBP,9524216.99,12095755.58,26.58,48,6584010.88,2940206.11,16-Jun-2020,2024-09-14
930,1650,103,defaulted,Asset Finance,NGN,7410368.88,4594.43,21.63,18,6559622.62,850746.26,2023-03-29,01/23/2024
931,1736,110,fully paid,SME Working Capital,ZAR,15114514.64,831298.31,6.09,48,2332155.08,12782359.56,2021-02-26,11/28/2025
932,1273,115,restructured,SME Working Capital,USD,13737429.58,13737429.58,15.35,12,4231038.38,9506391.2,07-Mar-2020,22-Oct-2026
933,913,112,defaulted,Agricultural Loan,GBP,5307783.21,6740884.68,23.26,36,1276090.24,4031692.97,20/08/2023,10/11/2025
934,1228,109,Fully Paid,Auto Loan,KES,5244428.62,40382.1,4.82,60,545858.17,4698570.45,12/21/2022,2024-11-09
935,1615,108,Fully Paid,Trade Finance / Import,KES,15298191.15,117796.07,16.58,18,4909944.09,10388247.06,09/20/2020,03/02/2025
936,695,105,fully paid,Asset Finance,NGN,11860331.55,7353.41,10.06,24,4776000.83,7084330.72,2023-04-13,21/07/2024
937,564,107,approved,SME Working Capital,GHS,6002190.12,396144.55,5.63,6,1450136.92,4552053.2,11/30/2022,2027-03-16
938,35,115,defaulted,Mortgage,USD,16192732.16,16192732.16,7.82,12,1961915.88,14230816.28,2023-01-04,06/18/2024
939,1610,101,PENDING REVIEW,SME Working Capital,NGN,16975229.63,10524.64,21.26,12,8310921.09,8664308.54,2024-02-04,05-May-2023
940,694,104, Active ,Agricultural Loan,NGN,13775074.43,8540.55,11.56,48,3439266.54,10335807.89,2021-06-15,01/16/2023
941,111,109,APPROVED,SME Working Capital,KES,4525410.13,34845.66,27.08,6,888837.83,3636572.3,09/09/2022,2024-03-30
942,1707,113,active,Mortgage,EUR,16695220.89,18030838.56,15.19,48,11822144.81,4873076.08,08/17/2020,2025-01-22
943,1586,113,PENDING REVIEW,Education Finance,EUR,7101352.2,7669460.38,7.74,48,965075.17,6136277.03,09/12/2021,05-Dec-2027
944,571,102,active,Asset Finance,NGN,1387780.27,860.42,13.16,24,1101884.41,285895.86,14/11/2020,01/11/2024
945,1332,104,RESTRUCTURED,Education Finance,NGN,15638480.25,9695.86,12.4,24,8955046.35,6683433.9,01/28/2020,2024-08-16
946,1045,110,written off,Personal Loan,ZAR,2918426.25,160513.44,5.45,48,1573057.78,1345368.47,24-Mar-2020,30-Jun-2024
947,591,114,WRITTEN OFF,Agricultural Loan,AED,5181705.81,1409423.98,11.32,48,1463406.0,3718299.81,07/30/2022,17-Feb-2027
948,1011,103,defaulted,Asset Finance,NGN,1562008.01,968.44,22.87,12,1053057.41,508950.6,18-Nov-2020,21/11/2024
949,1975,101,Fully Paid,Education Finance,NGN,7131245.02,4421.37,16.7,18,4158545.87,2972699.15,08/17/2021,03/25/2023
950,95,104,APPROVED,SME Working Capital,NGN,19836868.98,12298.86,25.5,48,6364377.76,13472491.22,14/10/2022,03/11/2025
951,432,109,pending review,Education Finance,KES,14789239.97,113877.15,12.2,12,13398669.26,1390570.71,22/07/2024,30-Mar-2025
952,1002,109,FULLY PAID,Mortgage,KES,1064085.72,8193.46,15.37,60,845904.94,218180.78,29/09/2024,27-Jun-2023
953,284,112,written off,Personal Loan,GBP,1050833.51,1334558.56,6.51,6,535869.67,514963.84,2024-02-26,20-May-2024
954,418,109,ACTIVE,Auto Loan,KES,11930799.43,91867.16,20.24,18,7189771.85,4741027.58,2022-11-09,2025-12-02
955,631,115,WRITTEN OFF,Trade Finance / Import,USD,1979122.6,1979122.6,11.66,36,1392832.34,586290.26,2022-10-29,20-Sep-2026
956,490,113,Fully Paid,SME Working Capital,EUR,2199254.7,2375195.08,6.31,60,183339.28,2015915.42,23-Jul-2023,03/01/2024
957,1615,108,FULLY PAID,Mortgage,KES,13287297.42,102312.19,17.69,36,5313736.33,7973561.09,10/03/2022,02-Aug-2025
958,1729,113,PENDING REVIEW,Personal Loan,EUR,12229642.81,13208014.23,22.6,6,10938734.08,1290908.73,07/26/2021,03/04/2024
959,1080,108,approved,Education Finance,KES,2185390.68,16827.51,24.4,6,1530935.77,654454.91,15/09/2024,11-Apr-2024
960,138,104,WRITTEN OFF,Auto Loan,NGN,4228418.79,2621.62,12.0,18,714886.01,3513532.78,07/03/2023,05/08/2024
961,639,105,pending review,Personal Loan,NGN,16340035.01,10130.82,13.16,12,4499785.59,11840249.42,30-Mar-2023,04/09/2027
962,1606,101,PENDING REVIEW,Mortgage,NGN,2380566.48,1475.95,15.67,6,4168.99,2376397.49,2020-01-24,05/05/2027
963,1810,107,DEFAULTED,Asset Finance,GHS,15743778.65,1039089.39,7.06,12,7512812.85,8230965.8,2024-02-23,26/02/2026
964,44,113,pending review,SME Working Capital,EUR,15442152.34,16677524.53,13.65,24,7968850.72,7473301.62,2023-01-27,27/07/2027
965,1303,113,DEFAULTED,Personal Loan,EUR,6899282.15,7451224.72,17.11,6,2654385.95,4244896.2,2022-05-14,04/29/2023
966,1885,102,Fully Paid,Auto Loan,NGN,2067772.69,1282.02,15.94,36,626470.65,1441302.04,14/01/2024,2025-09-20
967,1775,101,approved,SME Working Capital,NGN,382965.11,237.44,22.41,24,83494.13,299470.98,03/14/2021,05/04/2024
968,536,101,DEFAULTED,Education Finance,NGN,707521.41,438.66,14.54,18,306625.82,400895.59,2021-08-11,20-Jun-2024
969,1751,107,APPROVED,Auto Loan,GHS,17775946.44,1173212.47,21.51,12,6035713.06,11740233.38,26/08/2023,13-Jul-2025
970,850,102,FULLY PAID,Personal Loan,NGN,16542389.85,10256.28,9.94,60,12397420.6,4144969.25,17/04/2024,12-Jun-2025
971,540,115,WRITTEN OFF,Education Finance,USD,3904903.75,3904903.75,13.32,18,3604574.38,300329.37,01-Dec-2022,12/06/2027
972,145,105,WRITTEN OFF,Mortgage,NGN,17999996.99,11160.0,8.34,60,9613728.05,8386268.94,2024-02-24,2027-08-09
973,756,113,pending review,Trade Finance / Import,EUR,4186053.47,4520937.75,10.28,36,3171466.79,1014586.68,2020-08-07,2027-04-16
974,251,104,defaulted,Agricultural Loan,NGN,15492194.49,9605.16,22.73,48,15357328.31,134866.18,03/04/2020,13/01/2027
975,1010,110,written off,Agricultural Loan,ZAR,13719225.11,754557.38,17.18,18,13390392.51,328832.6,2024-02-28,14-Apr-2025
976,703,101,Fully Paid,Auto Loan,NGN,17646523.18,10940.84,11.49,12,7319675.18,10326848.0,03/10/2022,10/15/2027
977,188,113,written off,Auto Loan,EUR,7368399.19,7957871.13,21.34,6,6082504.39,1285894.8,04/03/2021,13-Jul-2025
978,747,104,fully paid,Agricultural Loan,NGN,5387331.23,3340.15,6.91,6,4984071.61,403259.62,2020-08-16,02/11/2023
979,772,105,written off,Education Finance,NGN,19559037.28,12126.6,5.3,48,12618931.44,6940105.84,21-Sep-2024,2026-05-27
980,1213,109,fully paid,Auto Loan,KES,6623554.95,51001.37,8.94,36,5663646.0,959908.95,15/08/2021,03/11/2026
981,425,104,defaulted,Education Finance,NGN,367085.87,227.59,13.29,18,305521.08,61564.79,2023-07-24,29-Aug-2026
982,697,111,APPROVED,Asset Finance,ZAR,12752408.76,701382.48,5.33,60,5417375.46,7335033.3,02/06/2021,09/06/2023
983,574,102,Fully Paid,Trade Finance / Import,NGN,14738158.34,9137.66,24.96,6,4365231.57,10372926.77,2021-04-01,10/03/2025
984,1277,112,FULLY PAID,Mortgage,GBP,4579888.85,5816458.84,15.49,48,2515500.67,2064388.18,21/04/2022,30/09/2027
985,968,112,DEFAULTED,Personal Loan,GBP,9080147.04,11531786.74,18.77,48,8386534.49,693612.55,01/18/2022,2023-10-07
986,475,115,FULLY PAID,Asset Finance,USD,4604468.9,4604468.9,24.95,60,359711.65,4244757.25,04/02/2023,10/30/2027
987,663,110,APPROVED,Trade Finance / Import,ZAR,4139566.11,227676.14,26.05,12,4057108.77,82457.34,24-May-2022,04/04/2023
988,1168,112, Active ,Education Finance,GBP,10838810.51,13765289.35,26.87,60,7062619.67,3776190.84,2022-02-21,08/11/2025
989,1156,113,pending review,Education Finance,EUR,19400044.76,20952048.34,6.95,36,15662459.08,3737585.68,2021-03-30,31-Jul-2024
990,1029,101,FULLY PAID,Auto Loan,NGN,2148831.95,1332.28,22.51,6,196746.75,1952085.2,07/07/2021,07/30/2026
991,270,112, Active ,Education Finance,GBP,12549352.09,15937677.15,6.64,6,6876201.02,5673151.07,30/04/2022,2026-07-03
992,584,115,PENDING REVIEW,Trade Finance / Import,USD,2521553.97,2521553.97,18.05,12,2226286.03,295267.94,14-Aug-2021,01/30/2026
993,1432,101,approved,Mortgage,NGN,2154776.44,1335.96,27.82,48,27078.23,2127698.21,2022-02-08,26-Oct-2027
994,652,111,RESTRUCTURED,SME Working Capital,ZAR,16769920.18,922345.61,12.89,48,7077479.34,9692440.84,09-Jul-2020,03/07/2027
995,632,103,PENDING REVIEW,Auto Loan,NGN,701686.08,435.05,20.87,6,142130.6,559555.48,09/04/2020,2027-08-08
996,794,105,DEFAULTED,Agricultural Loan,NGN,9396166.57,5825.62,22.54,12,8495983.73,900182.84,20-Apr-2021,11/09/2027
997,1632,107,FULLY PAID,Personal Loan,GHS,17178705.54,1133794.57,15.66,48,3051223.67,14127481.87,15/11/2024,07/05/2025
998,1228,109,restructured,Education Finance,KES,6261444.61,48213.12,17.01,6,5260057.58,1001387.03,2020-08-26,07/07/2026
999,1351,106,WRITTEN OFF,SME Working Capital,GHS,5612396.81,370418.19,21.84,24,2787995.67,2824401.14,05-May-2023,07/06/2026
1000,767,102,DEFAULTED,Trade Finance / Import,NGN,2675231.48,1658.64,23.01,60,362671.57,2312559.91,16/10/2020,13-Jan-2026
1001,1974,101, Active ,Personal Loan,NGN,18390003.86,11401.8,24.93,12,3219990.55,15170013.31,2021-01-01,06/18/2023
1002,1715,103,RESTRUCTURED,SME Working Capital,NGN,3392340.73,2103.25,16.81,48,3246902.55,145438.18,31/12/2023,03/24/2027
1003,1065,104,approved,Personal Loan,NGN,2026937.0,1256.7,13.84,48,78691.48,1948245.52,20/07/2024,2026-11-04
1004,1858,114,pending review,Asset Finance,AED,10027811.1,2727564.62,14.92,12,9361666.21,666144.89,09/04/2023,28-Dec-2025
1005,671,101,DEFAULTED,SME Working Capital,NGN,12692207.44,7869.17,5.86,12,10709817.27,1982390.17,12/21/2021,05-Nov-2025
1006,280,113, Active ,Mortgage,EUR,1315435.18,1420669.99,9.97,24,237170.71,1078264.47,05/09/2024,21/11/2027
1007,1930,114,WRITTEN OFF,Education Finance,AED,10716273.3,2914826.34,7.72,6,7365198.06,3351075.24,30/11/2024,10/09/2024
1008,1853,103,DEFAULTED,Agricultural Loan,NGN,2713990.58,1682.67,21.35,48,1285116.03,1428874.55,04-Jun-2020,01/15/2023
1009,514,108,DEFAULTED,Education Finance,KES,717568.0,5525.27,19.47,6,154404.56,563163.44,2021-08-12,12-Apr-2024
1010,72,108,Fully Paid,Agricultural Loan,KES,8373125.48,64473.07,7.08,48,6426301.09,1946824.39,2020-02-23,09-Jan-2025
1011,291,102,RESTRUCTURED,Trade Finance / Import,NGN,19927828.82,12355.25,16.68,36,13047638.54,6880190.28,31-Jul-2023,11-Mar-2023
1012,370,106,APPROVED,Auto Loan,GHS,5557562.19,366799.1,4.51,18,5521323.12,36239.07,27-Apr-2022,30/01/2023
1013,812,112, Active ,Mortgage,GBP,14000767.81,17780975.12,11.17,18,1907624.98,12093142.83,2020-06-25,2027-07-26
1014,1823,104,DEFAULTED,Trade Finance / Import,NGN,7588620.3,4704.94,8.23,60,6861707.18,726913.12,16/03/2024,2027-01-28
1015,1460,102,Fully Paid,Asset Finance,NGN,15780087.75,9783.65,24.15,24,2468394.76,13311692.99,2024-06-22,06/29/2027
1016,1826,109,defaulted,SME Working Capital,KES,7710256.77,59368.98,21.17,12,788172.64,6922084.13,2020-08-27,01/11/2026
1017,683,114,Fully Paid,Asset Finance,AED,17905639.42,4870333.92,27.44,60,6675628.59,11230010.83,02/03/2022,10-Aug-2025
1018,1645,108,active,Personal Loan,KES,754399.32,5808.87,24.79,18,722731.95,31667.37,2022-07-07,04/05/2023
1019,1780,106,FULLY PAID,Asset Finance,GHS,12836165.72,847186.94,15.12,18,11938740.61,897425.11,05/06/2024,2027-01-22
1020,778,113,pending review,Mortgage,EUR,7910750.31,8543610.33,23.47,18,6712897.29,1197853.02,07/08/2022,06/07/2023
1021,718,113,fully paid,Personal Loan,EUR,17470433.02,18868067.66,19.3,24,14354234.95,3116198.07,21-Jun-2024,07/02/2024
1022,1573,113,defaulted,Trade Finance / Import,EUR,17306531.84,18691054.39,18.45,24,2135214.39,15171317.45,03/27/2024,11/02/2024
1023,417,113,fully paid,Auto Loan,EUR,19315664.42,20860917.57,17.12,6,15785963.96,3529700.46,07/24/2023,01/21/2024
1024,907,113,Fully Paid,Auto Loan,EUR,418133.65,451584.34,18.21,12,361478.23,56655.42,18-Dec-2023,07/27/2027
1025,1629,106,PENDING REVIEW,SME Working Capital,GHS,3101052.57,204669.47,13.82,24,1161131.87,1939920.7,10/12/2020,03/03/2027
1026,1742,110,FULLY PAID,Agricultural Loan,ZAR,13689635.91,752929.98,23.37,36,12492711.27,1196924.64,17/08/2020,27/06/2026
1027,2000,114,fully paid,Trade Finance / Import,AED,5654683.63,1538073.95,12.44,12,2123039.64,3531643.99,03/26/2024,09/16/2023
1028,478,108,fully paid,Personal Loan,KES,18401524.68,141691.74,4.67,12,8054696.1,10346828.58,04/02/2021,2027-06-20
1029,769,111,defaulted,Trade Finance / Import,ZAR,4079128.34,224352.06,12.21,36,3483260.66,595867.68,05/26/2024,10/20/2023
1030,1776,112,FULLY PAID,Personal Loan,GBP,15881340.75,20169302.75,12.8,48,10147007.7,5734333.05,2024-12-09,26/02/2025
1031,1734,107,FULLY PAID,SME Working Capital,GHS,17872749.26,1179601.45,27.25,60,10455276.42,7417472.84,29-Oct-2023,2025-01-15
1032,1874,114,RESTRUCTURED,Trade Finance / Import,AED,18452352.56,5019039.9,9.87,18,2933073.74,15519278.82,2020-06-24,11/18/2027
1033,559,106,FULLY PAID,Trade Finance / Import,GHS,14354045.47,947367.0,14.58,12,6485915.2,7868130.27,28/03/2023,2027-02-10
1034,1304,104,pending review,Agricultural Loan,NGN,10377926.34,6434.31,11.41,24,2950335.22,7427591.12,28-Apr-2021,25/01/2027
1035,1194,101,DEFAULTED,Agricultural Loan,NGN,19290959.02,11960.39,4.23,36,347809.95,18943149.07,30-Jul-2024,09/19/2023
1036,1487,108,Fully Paid,Mortgage,KES,5095541.15,39235.67,8.64,24,1573722.55,3521818.6,11-Jun-2022,23/05/2024
1037,232,115,FULLY PAID,Auto Loan,USD,16498265.08,16498265.08,6.61,36,5483085.26,11015179.82,22-Aug-2024,21/10/2023
1038,1664,103,fully paid,Mortgage,NGN,9236215.19,5726.45,22.85,48,6789504.45,2446710.74,05/10/2022,20-Nov-2023
1039,1397,113,restructured,Auto Loan,EUR,16612838.55,17941865.63,9.61,6,5299265.17,11313573.38,03/12/2023,30-Jan-2025
1040,674,103,PENDING REVIEW,Mortgage,NGN,19127866.27,11859.28,4.47,60,9095622.93,10032243.34,09-Oct-2024,06-Feb-2026
1041,55,101,DEFAULTED,Personal Loan,NGN,6361821.29,3944.33,4.36,48,3973639.66,2388181.63,24/08/2021,11-Mar-2026
1042,1398,111,fully paid,Education Finance,ZAR,4095272.32,225239.98,24.38,12,76698.04,4018574.28,2024-09-15,29-Oct-2026
1043,1938,106,DEFAULTED,Education Finance,GHS,11649331.71,768855.89,25.4,60,2422137.77,9227193.94,2023-02-14,2026-01-31
1044,1308,110,APPROVED,Agricultural Loan,ZAR,394907.63,21719.92,18.19,36,126060.02,268847.61,16-Jul-2021,22-Dec-2024
1045,1709,107,PENDING REVIEW,Asset Finance,GHS,7131746.9,470695.3,10.0,36,4828567.43,2303179.47,11/04/2023,2027-12-17
1046,1493,103, Active ,SME Working Capital,NGN,17574590.6,10896.25,15.01,48,17182166.21,392424.39,11/05/2023,15-Jun-2027
1047,99,114,ACTIVE,Auto Loan,AED,9534389.3,2593353.89,10.89,24,1009566.94,8524822.36,18/01/2022,04/06/2027
1048,803,102,ACTIVE,Auto Loan,NGN,272208.61,168.77,12.99,6,42776.93,229431.68,2021-02-27,2026-10-25
1049,1957,104,APPROVED,Education Finance,NGN,18750980.94,11625.61,16.48,48,79361.11,18671619.83,2021-05-01,2027-09-28
1050,307,107,restructured,Personal Loan,GHS,18632092.22,1229718.09,23.77,48,15172248.72,3459843.5,01/07/2021,2027-06-26
1051,376,107,DEFAULTED,Agricultural Loan,GHS,3284006.4,216744.42,22.47,6,1628413.3,1655593.1,09/01/2024,2024-06-29
1052,357,105,fully paid,Auto Loan,NGN,12421677.28,7701.44,23.23,6,1874459.45,10547217.83,11/05/2020,30-Jul-2027
1053,540,115,restructured,SME Working Capital,USD,15213228.79,15213228.79,25.5,18,12823899.5,2389329.29,2024-08-23,08/25/2026
1054,332,106,approved,SME Working Capital,GHS,17636858.63,1164032.67,15.13,48,4909037.06,12727821.57,02/15/2021,2025-06-12
1055,1101,101,Fully Paid,SME Working Capital,NGN,894237.73,554.43,15.57,24,755166.64,139071.09,2022-05-20,11/29/2025
1056,752,110,PENDING REVIEW,Mortgage,ZAR,5449241.55,299708.29,9.88,12,1190112.76,4259128.79,08-Oct-2022,2027-01-03
1057,789,114,restructured,SME Working Capital,AED,13724989.31,3733197.09,21.32,48,11509647.24,2215342.07,05-Oct-2020,05/01/2025
1058,1936,103,APPROVED,Education Finance,NGN,1733280.94,1074.63,19.11,60,253472.93,1479808.01,03-Mar-2022,30-Jan-2025
1059,55,101,written off,Personal Loan,NGN,2148940.71,1332.34,11.32,48,544284.25,1604656.46,28-Aug-2021,11/10/2023
1060,982,102,APPROVED,Personal Loan,NGN,3297629.71,2044.53,27.18,6,503.67,3297126.04,19/04/2020,2026-09-21
1061,821,115,ACTIVE,Mortgage,USD,14920453.1,14920453.1,5.37,24,14631398.44,289054.66,23/11/2021,2023-01-11
1062,516,101,pending review,Education Finance,NGN,6322110.26,3919.71,16.23,36,480055.87,5842054.39,11/29/2024,11/25/2026
1063,943,107,written off,Trade Finance / Import,GHS,13226427.76,872944.23,4.31,60,9295164.78,3931262.98,05-Nov-2020,11/11/2027
1064,1078,109,defaulted,Mortgage,KES,210879.79,1623.77,18.18,24,44513.68,166366.11,05-Jan-2023,14/06/2023
1065,619,102,pending review,Education Finance,NGN,8547195.98,5299.26,22.55,24,1763918.14,6783277.84,21-Nov-2024,05/08/2027
1066,93,113,approved,Auto Loan,EUR,7273820.27,7855725.89,27.38,12,1816252.55,5457567.72,12/15/2024,02/05/2025
1067,10,110,approved,Agricultural Loan,ZAR,10402658.91,572146.24,21.26,36,8184951.48,2217707.43,20-Feb-2024,11-Dec-2026
1068,870,105,written off,Agricultural Loan,NGN,7544564.48,4677.63,4.11,12,3477405.29,4067159.19,13/11/2023,31-Dec-2024
1069,1961,101,DEFAULTED,SME Working Capital,NGN,19223959.98,11918.86,11.82,24,16214088.16,3009871.82,22/02/2023,2027-01-14
1070,998,109,PENDING REVIEW,Trade Finance / Import,KES,1507460.57,11607.45,24.17,48,1498852.45,8608.12,2023-11-01,2023-12-11
1071,59,103,FULLY PAID,Mortgage,NGN,2353216.55,1458.99,14.43,18,200651.65,2152564.9,11/24/2022,24-Sep-2027
1072,292,111,APPROVED,Mortgage,ZAR,12734146.47,700378.06,9.86,48,7131173.58,5602972.89,09/03/2022,05/19/2025
1073,1928,112,active,Trade Finance / Import,GBP,12606694.02,16010501.41,6.36,6,10426055.13,2180638.89,05/27/2021,10/14/2027
1074,620,114,WRITTEN OFF,Agricultural Loan,AED,2209548.86,600997.29,9.34,18,101277.9,2108270.96,2020-04-30,01-Dec-2024
1075,792,103,DEFAULTED,SME Working Capital,NGN,14736615.97,9136.7,11.2,6,646375.16,14090240.81,11/21/2023,28-May-2023
1076,701,103,ACTIVE,Trade Finance / Import,NGN,3901120.97,2418.7,5.47,12,198477.69,3702643.28,11-Jun-2023,02/01/2026
1077,1133,114,APPROVED,SME Working Capital,AED,5050006.95,1373601.89,15.11,6,4573996.41,476010.54,04/12/2022,31-Aug-2026
1078,862,106,Fully Paid,Personal Loan,GHS,19100820.99,1260654.19,12.93,6,5639541.79,13461279.2,10/19/2021,05/06/2025
1079,640,114,restructured,Asset Finance,AED,6816077.67,1853973.13,25.23,24,6549949.05,266128.62,11-Dec-2024,2025-05-10
1080,1602,114,PENDING REVIEW,Auto Loan,AED,14268416.29,3881009.23,13.56,6,1871396.65,12397019.64,2021-07-26,2026-07-09
1081,959,114,DEFAULTED,Trade Finance / Import,AED,13488234.77,3668799.86,17.19,12,8938916.25,4549318.52,30/11/2024,17-May-2024
1082,875,110,pending review,Agricultural Loan,ZAR,1499623.78,82479.31,15.13,36,147532.94,1352090.84,22-May-2022,08-Feb-2023
1083,1955,106,written off,Personal Loan,GHS,11654546.33,769200.06,23.87,24,6210435.26,5444111.07,2021-06-30,05/04/2025
1084,1839,101,active,Education Finance,NGN,4116026.47,2551.94,5.6,24,2810192.0,1305834.47,11/07/2021,2025-01-09
1085,1021,103,Fully Paid,Auto Loan,NGN,106381.85,65.96,14.74,18,20196.5,86185.35,11/14/2021,18-Jul-2026
1086,1104,103,approved,Auto Loan,NGN,5870631.12,3639.79,26.66,48,3485815.71,2384815.41,24-Feb-2021,23-Oct-2026
1087,1813,109,written off,Asset Finance,KES,19637922.78,151212.01,5.05,36,2535381.61,17102541.17,04/07/2021,12-Nov-2026
1088,283,113,active,Asset Finance,EUR,15563591.44,16808678.76,8.19,48,15491909.89,71681.55,22-Jan-2024,12/24/2027
1089,91,109,active,Mortgage,KES,19285909.05,148501.5,24.8,36,6064539.84,13221369.21,13-Feb-2022,2026-06-03
1090,1095,113,pending review,Mortgage,EUR,17978781.57,19417084.1,8.24,48,5978425.66,12000355.91,14-Aug-2023,04/04/2025
1091,1412,111,WRITTEN OFF,Trade Finance / Import,ZAR,16343215.35,898876.84,26.14,48,9445409.36,6897805.99,2022-08-10,01/11/2027
1092,923,106,approved,Mortgage,GHS,8307686.34,548307.3,19.68,6,2097263.8,6210422.54,12/07/2021,09-Jul-2027
1093,973,115,restructured,Personal Loan,USD,18971779.54,18971779.54,8.69,18,1715577.52,17256202.02,08/16/2022,04/24/2025
1094,89,105,RESTRUCTURED,Auto Loan,NGN,2991948.54,1855.01,17.03,60,669227.11,2322721.43,01/24/2022,03/18/2026
1095,1407,105,Fully Paid,Asset Finance,NGN,16850334.78,10447.21,22.4,18,14881324.52,1969010.26,20-Feb-2020,11/12/2025
1096,574,102,RESTRUCTURED,Mortgage,NGN,5895998.08,3655.52,14.28,12,3782146.59,2113851.49,12-Apr-2023,20-Jul-2024
1097,13,107,restructured,Mortgage,GHS,2962430.46,195520.41,23.75,36,2478431.12,483999.34,13-Dec-2020,11-Feb-2026
1098,732,107,Fully Paid,SME Working Capital,GHS,11631867.28,767703.24,24.19,12,6360947.95,5270919.33,13/04/2023,2027-01-01
1099,665,107,written off,Education Finance,GHS,10476762.89,691466.35,10.45,12,1125023.06,9351739.83,10/20/2022,28/11/2023
1100,808,108,RESTRUCTURED,SME Working Capital,KES,12842986.73,98891.0,16.9,48,4038219.51,8804767.22,13-May-2020,10/10/2023
1101,786,104,WRITTEN OFF,Personal Loan,NGN,16087529.54,9974.27,13.3,24,8758944.23,7328585.31,23-Apr-2022,2024-09-21
1102,500,112,DEFAULTED,Auto Loan,GBP,4671412.76,5932694.21,17.64,48,1243138.16,3428274.6,07/05/2024,2024-07-30
1103,1080,108,pending review,Agricultural Loan,KES,17802691.59,137080.73,19.32,12,11195821.78,6606869.81,12-Dec-2024,24/02/2024
1104,492,111,active,Auto Loan,ZAR,11962415.42,657932.85,23.79,60,9433008.51,2529406.91,10/31/2023,07/04/2025
1105,1643,104,defaulted,Education Finance,NGN,10438036.22,6471.58,14.56,6,6801765.57,3636270.65,06-Aug-2020,12/23/2024
1106,188,113,restructured,Personal Loan,EUR,6351884.58,6860035.35,5.28,60,3084288.1,3267596.48,04/03/2024,06-Aug-2027
1107,1274,108,restructured,Education Finance,KES,1924257.89,14816.79,26.69,24,1049247.91,875009.98,02/21/2020,11/14/2025
1108,1851,109,PENDING REVIEW,Education Finance,KES,10335907.98,79586.49,16.61,24,9888889.17,447018.81,14/01/2020,11/12/2024
1109,626,110,pending review,Asset Finance,ZAR,18607023.17,1023386.27,25.35,48,7611097.31,10995925.86,06/03/2020,2026-05-12
1110,1846,112, Active ,Mortgage,GBP,14404065.17,18293162.77,11.04,48,6067404.99,8336660.18,28/01/2023,06/10/2025
1111,1206,103,APPROVED,Asset Finance,NGN,19837047.18,12298.97,20.35,12,13097940.55,6739106.63,03/05/2020,2025-03-16
1112,1279,105,defaulted,Agricultural Loan,NGN,4146178.98,2570.63,9.21,60,3469873.66,676305.32,10/01/2022,18/05/2026
1113,1370,115,approved,Mortgage,USD,5422635.51,5422635.51,26.7,6,333313.93,5089321.58,05/04/2022,07/03/2027
1114,832,113,APPROVED,Auto Loan,EUR,19710443.98,21287279.5,18.28,12,495645.56,19214798.42,2023-09-12,11-Mar-2024
1115,600,106,restructured,Education Finance,GHS,14287102.93,942948.79,21.29,12,1172145.79,13114957.14,07/04/2022,17-Nov-2023
1116,1555,112,APPROVED,Auto Loan,GBP,14683293.7,18647783.0,11.63,6,10835445.62,3847848.08,2023-01-30,2023-02-17
1117,797,110,pending review,Trade Finance / Import,ZAR,15005553.43,825305.44,9.31,6,6058666.21,8946887.22,07/09/2023,06/08/2026
1118,891,111,active,Personal Loan,ZAR,17799361.02,978964.86,17.52,48,8978891.66,8820469.36,13/10/2024,12/30/2025
1119,885,109,defaulted,Asset Finance,KES,19502089.04,150166.09,8.77,48,9316045.07,10186043.97,23/12/2024,09-Nov-2027
1120,1603,108,fully paid,Asset Finance,KES,17001923.81,130914.81,20.07,48,451211.64,16550712.17,2023-02-20,05-Dec-2023
1121,1561,115,fully paid,Agricultural Loan,USD,17658223.43,17658223.43,25.05,24,14085986.37,3572237.06,12/09/2022,2023-08-24
1122,529,108,fully paid,Personal Loan,KES,4374290.25,33682.03,16.96,48,4210312.16,163978.09,19-Aug-2020,18-Nov-2026
1123,1321,107,pending review,SME Working Capital,GHS,944941.67,62366.15,26.18,36,607213.62,337728.05,22/01/2021,22/08/2025
1124,1616,115,restructured,Agricultural Loan,USD,18571597.7,18571597.7,15.96,18,16276227.3,2295370.4,09/07/2020,2024-02-17
1125,911,109,approved,Mortgage,KES,7967485.75,61349.64,25.73,48,1165003.02,6802482.73,08-Sep-2024,02/01/2023
1126,568,104,Fully Paid,Agricultural Loan,NGN,7810705.52,4842.64,16.66,36,540477.24,7270228.28,06/06/2024,25-Nov-2025
1127,1748,104,restructured,Auto Loan,NGN,1608146.51,997.05,22.62,6,691603.95,916542.56,2020-11-08,27-Aug-2027
1128,859,110,restructured,Auto Loan,ZAR,252341.57,13878.79,10.3,12,67366.23,184975.34,04/02/2023,07/06/2024
1129,1155,106,WRITTEN OFF,Agricultural Loan,GHS,11508319.77,759549.1,11.67,24,8510786.16,2997533.61,2023-11-06,02-Mar-2027
1130,977,104,WRITTEN OFF,Agricultural Loan,NGN,16816140.08,10426.01,12.77,18,7561235.44,9254904.64,04/11/2021,12/09/2023
1131,457,103,defaulted,Asset Finance,NGN,2900106.46,1798.07,10.03,24,316206.98,2583899.48,2021-08-12,20-Sep-2026
1132,110,115,written off,Education Finance,USD,6789019.14,6789019.14,23.6,60,2866320.53,3922698.61,24/01/2021,13-Dec-2026
1133,1176,108,pending review,Asset Finance,KES,1248751.96,9615.39,25.05,18,471363.62,777388.34,2021-08-18,16-Nov-2025
1134,1880,108,WRITTEN OFF,Education Finance,KES,6370009.29,49049.07,4.68,60,5112434.14,1257575.15,10/22/2022,12-Oct-2023
1135,1279,105,RESTRUCTURED,Trade Finance / Import,NGN,4892697.28,3033.47,7.74,6,450487.49,4442209.79,17-Sep-2020,26/12/2027
1136,1943,104,restructured,Trade Finance / Import,NGN,15014133.2,9308.76,16.89,12,6428335.61,8585797.59,25/03/2020,01-Dec-2023
1137,1366,115,DEFAULTED,Trade Finance / Import,USD,5218310.03,5218310.03,22.39,48,201595.41,5016714.62,22-Jun-2021,13-Apr-2026
1138,609,103,written off,Mortgage,NGN,6045370.4,3748.13,24.92,60,3216215.34,2829155.06,2021-09-27,14-Aug-2023
1139,51,101,FULLY PAID,SME Working Capital,NGN,14304553.19,8868.82,21.47,18,9054908.61,5249644.58,12/03/2022,23/08/2023
1140,408,104,FULLY PAID,Personal Loan,NGN,14995248.91,9297.05,12.96,6,10768538.64,4226710.27,09/04/2020,10/09/2025
1141,426,111,written off,SME Working Capital,ZAR,5144734.89,282960.42,27.85,48,1913604.08,3231130.81,15/05/2021,07/21/2026
1142,1519,105,active,Asset Finance,NGN,16853487.97,10449.16,7.05,12,13812076.71,3041411.26,20/06/2022,02/17/2026
1143,882,110,FULLY PAID,Agricultural Loan,ZAR,10142071.2,557813.92,23.04,48,2507126.97,7634944.23,21/01/2023,19/09/2023
1144,1308,110, Active ,Trade Finance / Import,ZAR,513136.0,28222.48,19.04,24,65765.3,447370.7,2023-05-16,04/19/2024
1145,1787,112,restructured,Asset Finance,GBP,10812277.0,13731591.79,18.62,18,6353651.96,4458625.04,05/21/2022,10/02/2024
1146,1338,110,DEFAULTED,Trade Finance / Import,ZAR,17578312.08,966807.16,9.98,6,5570698.47,12007613.61,17/05/2023,07/07/2023
1147,1777,114,defaulted,Auto Loan,AED,3456216.27,940090.83,14.61,6,2742179.79,714036.48,26/05/2021,06/03/2024
1148,821,115,APPROVED,Asset Finance,USD,17784417.63,17784417.63,23.95,36,9550218.59,8234199.04,09/23/2023,09-Oct-2023
1149,747,104,ACTIVE,Agricultural Loan,NGN,10375040.82,6432.53,8.97,6,7413465.68,2961575.14,12/20/2021,29-Apr-2024
1150,1140,101,DEFAULTED,Asset Finance,NGN,18027381.66,11176.98,23.34,12,12715349.14,5312032.52,2021-11-13,05/11/2023
1151,904,107, Active ,SME Working Capital,GHS,1356667.79,89540.07,22.8,6,1177391.98,179275.81,08/04/2022,2025-08-18
1152,1448,110,PENDING REVIEW,Agricultural Loan,ZAR,13291691.72,731043.04,17.06,60,6054588.0,7237103.72,06-Jul-2023,26-Oct-2026
1153,502,106,defaulted,Agricultural Loan,GHS,6293370.95,415362.48,14.03,18,6180791.48,112579.47,13-Feb-2020,07/08/2023
1154,310,103,APPROVED,Mortgage,NGN,16214179.28,10052.79,23.17,18,6515211.85,9698967.43,2020-02-08,28/01/2026
1155,1802,106,pending review,Auto Loan,GHS,4901358.64,323489.67,22.57,48,2974810.98,1926547.66,16/04/2022,13/03/2027
1156,46,106,restructured,SME Working Capital,GHS,723464.76,47748.67,15.75,36,43778.81,679685.95,27/04/2021,11/17/2023
1157,550,103,active,Mortgage,NGN,4070103.45,2523.46,12.02,18,1352840.05,2717263.4,16/11/2022,2023-05-11
1158,1017,113,defaulted,Education Finance,EUR,6612392.22,7141383.6,9.69,48,5334529.14,1277863.08,17-Nov-2020,2024-07-30
1159,1291,113,Fully Paid,Trade Finance / Import,EUR,15305078.63,16529484.92,17.23,18,5960374.79,9344703.84,10-Mar-2020,01-May-2027
1160,71,101,Fully Paid,Personal Loan,NGN,9886027.73,6129.34,18.84,24,827762.89,9058264.84,05/27/2022,23-Jul-2026
1161,808,108,APPROVED,SME Working Capital,KES,7977378.98,61425.82,23.76,36,1463062.3,6514316.68,22/10/2020,07/28/2024
1162,1299,102,DEFAULTED,Mortgage,NGN,104722.4,64.93,5.67,24,63236.69,41485.71,04/05/2022,10/17/2026
1163,836,101,written off,Education Finance,NGN,16407760.46,10172.81,11.92,48,7976926.09,8430834.37,07/09/2024,2024-03-09
1164,272,113,WRITTEN OFF,Auto Loan,EUR,6989507.53,7548668.13,14.95,60,1790107.17,5199400.36,2021-03-06,2026-02-10
1165,117,103,ACTIVE,Education Finance,NGN,12697247.95,7872.29,16.14,36,6416595.8,6280652.15,2021-04-01,18-Mar-2024
1166,261,107,ACTIVE,Education Finance,GHS,3757902.28,248021.55,18.33,24,1684729.94,2073172.34,11/17/2020,13/01/2027
1167,645,110,DEFAULTED,Personal Loan,ZAR,18922082.61,1040714.54,20.0,12,17133295.82,1788786.79,03/09/2023,09-Apr-2024
1168,736,108,RESTRUCTURED,SME Working Capital,KES,15495706.67,119316.94,14.0,18,4819789.68,10675916.99,17-Apr-2024,05/06/2026
1169,1360,102,active,Education Finance,NGN,19487291.06,12082.12,7.14,18,7619205.78,11868085.28,07/29/2022,29-Aug-2023
1170,1349,108,PENDING REVIEW,Trade Finance / Import,KES,6532979.29,50303.94,27.33,6,1977568.21,4555411.08,07/08/2021,19-Aug-2027
1171,1206,103,fully paid,Education Finance,NGN,17227842.34,10681.26,20.73,12,12889767.62,4338074.72,30-Oct-2021,2025-05-28
1172,1118,106,Fully Paid,Trade Finance / Import,GHS,11638604.77,768147.91,9.19,6,8194825.46,3443779.31,03-Jan-2022,08-Sep-2027
1173,1424,115,ACTIVE,Agricultural Loan,USD,15738957.69,15738957.69,10.66,48,15413737.77,325219.92,05/03/2023,01/06/2026
1174,738,103,APPROVED,Agricultural Loan,NGN,1153895.03,715.41,24.27,18,133287.65,1020607.38,04/12/2022,11/03/2024
1175,431,104,FULLY PAID,SME Working Capital,NGN,3590123.23,2225.88,20.99,36,1694044.76,1896078.47,08-Feb-2023,20-Sep-2026
1176,980,104,approved,Agricultural Loan,NGN,8289827.72,5139.69,25.59,6,1808537.71,6481290.01,2023-08-07,03/10/2025
1177,94,114,WRITTEN OFF,Personal Loan,AED,3984273.58,1083722.41,24.7,18,483386.61,3500886.97,11/10/2024,02-Oct-2025
1178,1414,102,Fully Paid,Trade Finance / Import,NGN,3067663.74,1901.95,17.25,36,22604.04,3045059.7,06/24/2022,03/01/2025
1179,1786,102,approved,SME Working Capital,NGN,13711755.22,8501.29,5.72,36,9034644.88,4677110.34,07-Jun-2022,20-Apr-2025
1180,1168,112,written off,Education Finance,GBP,12371157.31,15711369.78,18.73,6,9736694.84,2634462.47,01/22/2024,2027-11-06
1181,500,112,restructured,Education Finance,GBP,15921875.76,20220782.22,5.64,12,7773501.48,8148374.28,20/01/2020,07/20/2027
1182,279,111,Fully Paid,Auto Loan,ZAR,18496164.6,1017289.05,12.78,24,13392944.24,5103220.36,06-Feb-2021,2027-09-14
1183,992,112,ACTIVE,Agricultural Loan,GBP,8836607.15,11222491.08,12.97,6,6409591.73,2427015.42,04/14/2022,19/05/2027
1184,1722,111,FULLY PAID,SME Working Capital,ZAR,3637202.07,200046.11,13.31,48,2489797.71,1147404.36,08/29/2023,17-Nov-2027
1185,1342,106,restructured,Personal Loan,GHS,18387736.75,1213590.63,8.97,6,2218692.41,16169044.34,08/06/2022,2025-05-22
1186,1601,107,restructured,Mortgage,GHS,11582833.28,764467.0,11.73,24,9539582.56,2043250.72,08/09/2022,2024-11-28
1187,42,111,DEFAULTED,Trade Finance / Import,ZAR,16069966.94,883848.18,10.92,48,4192618.36,11877348.58,09/09/2022,2027-08-21
1188,1680,109,pending review,Agricultural Loan,KES,16562610.53,127532.1,20.21,48,16253869.3,308741.23,2020-09-25,15/08/2027
1189,1721,111,APPROVED,Personal Loan,ZAR,4203685.88,231202.72,5.14,60,3517312.2,686373.68,05/11/2022,2024-12-24
1190,1012,107,restructured,Education Finance,GHS,13346645.58,880878.61,9.38,24,1968954.17,11377691.41,02/06/2020,2025-06-21
1191,229,103,approved,Asset Finance,NGN,15573190.9,9655.38,23.08,48,14037142.0,1536048.9,2021-04-28,16/05/2025
1192,276,108,written off,Asset Finance,KES,17511840.99,134841.18,21.43,24,16480573.95,1031267.04,10-Mar-2024,2023-06-19
1193,769,111,written off,Education Finance,ZAR,4962879.52,272958.37,10.26,60,4692788.03,270091.49,06/20/2020,19/01/2026
1194,1297,106,FULLY PAID,Trade Finance / Import,GHS,2164273.48,142842.05,8.65,36,1200259.38,964014.1,17-Dec-2021,08/22/2026
1195,1154,101,WRITTEN OFF,Agricultural Loan,NGN,17974602.76,11144.25,6.35,60,11879488.88,6095113.88,09/30/2020,21/12/2024
1196,472,112,approved,Trade Finance / Import,GBP,5724944.54,7270679.57,23.97,6,2038767.79,3686176.75,07/07/2023,12/13/2025
1197,3,108,fully paid,Auto Loan,KES,4586552.45,35316.45,8.94,18,31870.59,4554681.86,20/10/2022,05/11/2027
1198,578,112,RESTRUCTURED,Agricultural Loan,GBP,11922025.16,15140971.95,5.35,12,7784325.87,4137699.29,16-Nov-2024,2023-12-11
1199,1576,105,RESTRUCTURED,SME Working Capital,NGN,4809498.88,2981.89,5.17,18,2046064.29,2763434.59,29-Dec-2023,01/03/2025
1200,1162,107,Fully Paid,Agricultural Loan,GHS,3199459.93,211164.36,12.01,6,1618776.94,1580682.99,09/26/2020,09/17/2027
1201,713,103,Fully Paid,Auto Loan,NGN,5027821.99,3117.25,11.27,18,3069856.52,1957965.47,01/15/2023,07/09/2023
1202,1370,115,restructured,Asset Finance,USD,15427097.95,15427097.95,6.3,60,9807872.37,5619225.58,23-Oct-2024,10/04/2024
1203,1880,108,FULLY PAID,Education Finance,KES,16246397.58,125097.26,24.43,12,9803438.31,6442959.27,27-Feb-2022,21/11/2025
1204,261,107,restructured,Asset Finance,GHS,11884835.02,784399.11,11.52,12,11321825.87,563009.15,04/23/2021,25/04/2027
1205,377,110,PENDING REVIEW,Trade Finance / Import,ZAR,2874810.16,158114.56,13.43,18,113910.07,2760900.09,26/12/2021,22/03/2026
1206,1142,101,Fully Paid,Agricultural Loan,NGN,18749158.05,11624.48,15.27,36,11944468.34,6804689.71,2023-03-18,12/22/2026
1207,1991,106,pending review,Education Finance,GHS,1450607.61,95740.1,19.49,6,1341255.03,109352.58,02/11/2021,2027-11-03
1208,1126,111,written off,SME Working Capital,ZAR,12907193.07,709895.62,7.25,18,10791451.68,2115741.39,2024-09-15,2023-06-26
1209,596,111,restructured,Agricultural Loan,ZAR,6172946.88,339512.08,10.22,60,1502274.62,4670672.26,12-Apr-2023,22/06/2027
1210,526,103,restructured,SME Working Capital,NGN,16474166.41,10213.98,20.2,6,12821565.27,3652601.14,25-Aug-2021,10/01/2024
1211,207,114,ACTIVE,Education Finance,AED,899133.56,244564.33,27.46,6,75071.31,824062.25,21/08/2023,11-Sep-2026
1212,1461,102,active,Auto Loan,NGN,10444111.92,6475.35,27.42,60,8799246.58,1644865.34,2022-09-21,2026-03-31
1213,750,108,fully paid,Mortgage,KES,3047417.21,23465.11,8.61,12,1055073.02,1992344.19,07/29/2020,2026-05-14
1214,351,115,Fully Paid,Trade Finance / Import,USD,5654905.21,5654905.21,12.38,18,296574.67,5358330.54,12/12/2022,24-Aug-2023
1215,562,110,approved,Mortgage,ZAR,15519835.42,853590.95,10.72,48,1631309.8,13888525.62,2022-06-11,08/18/2025
1216,249,103,pending review,Personal Loan,NGN,14032080.58,8699.89,26.25,18,4347747.59,9684332.99,26-May-2023,2027-09-08
1217,1561,115,active,Education Finance,USD,19131268.2,19131268.2,22.43,36,7274505.33,11856762.87,20-Apr-2020,2027-06-17
1218,469,108,active,SME Working Capital,KES,7379885.92,56825.12,9.9,24,1685133.98,5694751.94,12-Jan-2021,11/05/2025
1219,1688,101,written off,Auto Loan,NGN,10224508.17,6339.2,20.2,60,399550.57,9824957.6,2022-03-03,31/03/2023
1220,46,106, Active ,Trade Finance / Import,GHS,14353453.65,947327.94,16.9,24,7944480.15,6408973.5,08/20/2020,10/02/2025
1221,685,112,PENDING REVIEW,Agricultural Loan,GBP,18456586.68,23439865.08,8.04,6,15198230.86,3258355.82,05-Aug-2020,30/10/2024
1222,454,102,ACTIVE,Trade Finance / Import,NGN,14331877.78,8885.76,7.3,60,10187306.24,4144571.54,2024-08-16,09-Oct-2023
1223,1529,107,active,Asset Finance,GHS,19051631.99,1257407.71,10.38,6,6054404.43,12997227.56,2022-04-21,2024-05-10
1224,1363,110,WRITTEN OFF,Trade Finance / Import,ZAR,19245808.81,1058519.48,24.6,36,505659.09,18740149.72,03/31/2021,2025-10-17
1225,16,102,defaulted,Asset Finance,NGN,12327411.85,7643.0,5.94,48,6130428.8,6196983.05,2022-07-19,2023-11-02
1226,422,103,ACTIVE,Trade Finance / Import,NGN,3089574.7,1915.54,8.68,36,1248220.06,1841354.64,16-Aug-2024,2027-01-30
1227,1869,115,pending review,Auto Loan,USD,15315230.29,15315230.29,18.21,12,306272.41,15008957.88,16/12/2024,2027-05-30
1228,688,111,fully paid,Auto Loan,ZAR,10636677.58,585017.27,22.51,24,7846028.49,2790649.09,30-Dec-2024,2026-05-10
1229,480,114,DEFAULTED,Mortgage,AED,755845.68,205590.02,19.33,12,29997.8,725847.88,01/09/2023,22-Jan-2023
1230,1017,113,PENDING REVIEW,Education Finance,EUR,6531536.12,7054059.01,26.4,24,2174327.86,4357208.26,2023-07-20,06/05/2025
1231,1877,105,FULLY PAID,SME Working Capital,NGN,13465690.41,8348.73,19.71,24,4410698.06,9054992.35,2023-02-22,26/06/2025
1232,183,113,ACTIVE,SME Working Capital,EUR,7864969.58,8494167.15,8.74,60,2372198.42,5492771.16,2021-07-12,30-Jul-2024
1233,483,112,written off,Trade Finance / Import,GBP,2419689.76,3073006.0,7.2,60,1806903.06,612786.7,19-Aug-2021,31-Aug-2023
1234,167,115,FULLY PAID,Agricultural Loan,USD,14582963.54,14582963.54,23.99,18,13036059.18,1546904.36,30-Sep-2024,2024-01-16
1235,1032,115,active,Education Finance,USD,13774906.74,13774906.74,7.43,48,11530943.11,2243963.63,04/02/2024,14/06/2023
1236,1027,108,approved,Mortgage,KES,6136908.18,47254.19,6.36,18,2884664.27,3252243.91,05/22/2020,30/05/2024
1237,1107,103,fully paid,Trade Finance / Import,NGN,18816864.98,11666.46,10.07,60,8016394.64,10800470.34,07/10/2024,2025-06-08
1238,874,114,RESTRUCTURED,Personal Loan,AED,18015046.24,4900092.58,19.39,6,14003069.46,4011976.78,21-Sep-2024,30/05/2023
1239,224,114,approved,Asset Finance,AED,12293454.6,3343819.65,13.95,48,1483739.3,10809715.3,17-Jan-2021,11/01/2027
1240,1996,108,active,SME Working Capital,KES,1393826.45,10732.46,18.45,60,1145036.0,248790.45,12/30/2021,08-Jan-2025
1241,1959,105,RESTRUCTURED,Asset Finance,NGN,1984736.7,1230.54,10.55,36,224216.36,1760520.34,2022-10-17,2023-01-30
1242,1939,105,defaulted,SME Working Capital,NGN,12405953.16,7691.69,14.61,6,8317787.21,4088165.95,21-Dec-2020,04-Aug-2023
1243,1404,111,defaulted,Auto Loan,ZAR,13106436.67,720854.02,16.1,60,3113211.76,9993224.91,2024-10-26,26-May-2025
1244,1196,109, Active ,SME Working Capital,KES,5941765.93,45751.6,26.01,6,1621456.85,4320309.08,30-Aug-2022,08-Mar-2024
1245,251,104,fully paid,Education Finance,NGN,15938116.26,9881.63,20.71,36,93259.93,15844856.33,12/13/2023,09/08/2025
1246,439,113,active,SME Working Capital,EUR,13103290.69,14151553.95,24.7,12,2843197.91,10260092.78,2022-03-16,25/05/2027
1247,1761,113,pending review,Mortgage,EUR,338095.06,365142.66,27.67,60,324921.32,13173.74,26-Jul-2024,11/12/2025
1248,1982,106,restructured,Education Finance,GHS,9778706.15,645394.61,5.33,18,1061509.18,8717196.97,17-Feb-2021,05/22/2027
1249,601,101,APPROVED,Mortgage,NGN,14969264.3,9280.94,16.94,48,13918037.77,1051226.53,07/06/2021,03-Jan-2024
1250,983,101,RESTRUCTURED,Agricultural Loan,NGN,191454.63,118.7,21.38,24,113072.46,78382.17,18-Aug-2023,26-Jun-2023
1251,721,103,Fully Paid,Personal Loan,NGN,10394332.11,6444.49,17.78,60,9266615.1,1127717.01,12/03/2024,13/11/2024
1252,1128,107,Fully Paid,Auto Loan,GHS,7729402.18,510140.54,16.03,48,2059133.87,5670268.31,2024-09-10,10-Jul-2026
1253,849,115,APPROVED,Mortgage,USD,15365061.47,15365061.47,11.43,18,13238263.97,2126797.5,02/26/2020,2026-08-02
1254,1099,110,written off,Education Finance,ZAR,8889511.61,488923.14,25.55,12,3268254.11,5621257.5,2021-04-05,21/03/2027
1255,303,109,approved,Trade Finance / Import,KES,13492322.89,103890.89,26.67,6,1768090.27,11724232.62,19/11/2024,04/29/2026
1256,1271,110,fully paid,Personal Loan,ZAR,3491411.21,192027.62,24.37,48,33964.46,3457446.75,2023-05-23,2027-03-07
1257,1707,113,PENDING REVIEW,Trade Finance / Import,EUR,4949181.79,5345116.33,6.73,18,3829855.09,1119326.7,26/08/2024,12/21/2025
1258,184,108,restructured,Mortgage,KES,3284598.63,25291.41,16.32,24,61354.27,3223244.36,2021-02-05,01/03/2027
1259,1430,115,Fully Paid,Personal Loan,USD,1254546.09,1254546.09,7.92,12,575761.34,678784.75,04-Jun-2021,13-Jan-2024
1260,717,104,DEFAULTED,Education Finance,NGN,16717107.98,10364.61,23.25,60,6537097.12,10180010.86,09/07/2024,09/05/2026
1261,549,103,Fully Paid,Mortgage,NGN,16781093.69,10404.28,27.35,60,15366035.5,1415058.19,2024-01-16,19/01/2026
1262,57,115,pending review,Asset Finance,USD,7128030.69,7128030.69,12.25,18,3230933.63,3897097.06,05-May-2022,04/17/2027
1263,1637,111,DEFAULTED,Auto Loan,ZAR,15279577.71,840376.77,11.15,36,8770936.0,6508641.71,12/08/2021,09-Feb-2025
1264,170,110,active,Mortgage,ZAR,16073753.04,884056.42,26.66,6,13917740.08,2156012.96,28/06/2023,23-Mar-2026
1265,80,109,fully paid,Auto Loan,KES,8363630.76,64399.96,18.16,24,2681788.12,5681842.64,16-Sep-2024,19/06/2024
1266,1963,113,RESTRUCTURED,Mortgage,EUR,2701812.45,2917957.45,18.04,36,1931397.2,770415.25,27/02/2024,20-Feb-2023
1267,1169,104,active,Personal Loan,NGN,7856493.3,4871.03,27.51,12,7509072.16,347421.14,2021-06-16,05/03/2025
1268,857,108,DEFAULTED,Personal Loan,KES,5560359.4,42814.77,13.06,24,1669734.83,3890624.57,2020-10-18,23/12/2023
1269,428,110,fully paid,Education Finance,ZAR,5193938.24,285666.6,9.54,12,4438070.94,755867.3,2021-03-16,18/12/2026
1270,235,115,RESTRUCTURED,Mortgage,USD,2421061.66,2421061.66,9.23,24,2155545.5,265516.16,28/05/2024,21/03/2026
1271,816,112,DEFAULTED,Agricultural Loan,GBP,16195435.67,20568203.3,16.9,36,10139688.02,6055747.65,2021-12-13,2027-11-29
1272,334,101,ACTIVE,SME Working Capital,NGN,18847852.65,11685.67,21.51,36,12624434.51,6223418.14,06/11/2022,2025-10-13
1273,1105,114,FULLY PAID,Trade Finance / Import,AED,14209903.03,3865093.62,23.91,48,8447240.51,5762662.52,2022-01-15,16-Dec-2024
1274,617,103,Fully Paid,Agricultural Loan,NGN,16860009.65,10453.21,23.19,36,4071871.27,12788138.38,05/01/2022,2023-05-03
1275,342,101,WRITTEN OFF,Trade Finance / Import,NGN,2244716.19,1391.72,22.6,48,2243621.74,1094.45,24-Jan-2023,22/11/2023
1276,17,103,FULLY PAID,Education Finance,NGN,15226106.89,9440.19,11.18,36,14988535.98,237570.91,2022-10-07,2025-03-21
1277,1698,109,RESTRUCTURED,SME Working Capital,KES,11101237.79,85479.53,9.89,48,4470438.4,6630799.39,17-Nov-2024,16/12/2026
1278,1936,103,DEFAULTED,Auto Loan,NGN,8988667.81,5572.97,27.21,24,8062588.67,926079.14,2020-01-19,02/03/2025
1279,248,114,pending review,SME Working Capital,AED,16792166.13,4567469.19,7.07,36,12775094.42,4017071.71,28/03/2022,12/01/2024
1280,1254,109,PENDING REVIEW,Agricultural Loan,KES,14161477.52,109043.38,6.65,60,7286531.29,6874946.23,24-Mar-2024,12/11/2024
1281,958,114,FULLY PAID,Mortgage,AED,4454177.77,1211536.35,21.93,12,74749.33,4379428.44,2020-08-18,2024-12-15
1282,1335,108,ACTIVE,SME Working Capital,KES,1401346.07,10790.36,20.83,24,1167120.12,234225.95,08/22/2024,12/12/2025
1283,1466,102,approved,Personal Loan,NGN,11597791.66,7190.63,25.32,6,5796037.81,5801753.85,10-Apr-2020,06-Aug-2027
1284,1959,105,defaulted,Education Finance,NGN,3285878.02,2037.24,4.61,12,2387246.21,898631.81,2020-05-18,30/07/2026
1285,6,105,active,Personal Loan,NGN,10961286.48,6796.0,24.5,60,6066403.57,4894882.91,10/22/2020,2025-10-22
1286,866,103,approved,Auto Loan,NGN,13954228.05,8651.62,26.16,12,2082155.92,11872072.13,03/30/2024,28-Mar-2024
1287,376,107,APPROVED,SME Working Capital,GHS,10845105.3,715776.95,23.34,48,3186090.61,7659014.69,21-Oct-2022,19-May-2023
1288,860,110,restructured,Trade Finance / Import,ZAR,2902626.41,159644.45,13.47,48,1899088.73,1003537.68,15/06/2023,11/05/2024
1289,1580,101,pending review,Asset Finance,NGN,8441440.67,5233.69,16.52,48,526921.04,7914519.63,13/09/2020,06/06/2025
1290,1489,104,APPROVED,Education Finance,NGN,7066084.9,4380.97,21.5,24,2966657.85,4099427.05,07/26/2021,09/06/2026
1291,1054,113,PENDING REVIEW,Trade Finance / Import,EUR,10424883.23,11258873.89,13.16,60,6197789.28,4227093.95,16-Jan-2024,11/24/2024
1292,977,104,FULLY PAID,Agricultural Loan,NGN,1229787.49,762.47,23.01,48,249723.84,980063.65,07/21/2020,28/04/2024
1293,1191,113,DEFAULTED,Trade Finance / Import,EUR,1269365.05,1370914.25,18.49,18,375938.49,893426.56,12/03/2023,05/15/2026
1294,940,112,restructured,Trade Finance / Import,GBP,191495.13,243198.82,27.15,18,46375.33,145119.8,2020-09-24,03/08/2027
1295,1795,105,written off,Education Finance,NGN,3046181.43,1888.63,25.88,12,104242.73,2941938.7,2022-03-25,22-Sep-2026
1296,1825,107,ACTIVE,Mortgage,GHS,14495443.17,956699.25,8.91,48,2019534.81,12475908.36,07/01/2020,10/12/2024
1297,1331,103,FULLY PAID,Asset Finance,NGN,11602450.27,7193.52,10.05,48,10485111.08,1117339.19,20/11/2021,12-Mar-2027
1298,1441,104,written off,Auto Loan,NGN,15318816.92,9497.67,7.32,12,26864.23,15291952.69,09/02/2021,02/28/2025
1299,121,115,active,Personal Loan,USD,6278991.52,6278991.52,13.92,48,2812777.28,3466214.24,12-Oct-2022,17-Dec-2025
1300,1533,105,PENDING REVIEW,Agricultural Loan,NGN,18530815.4,11489.11,8.99,36,16577746.03,1953069.37,2024-01-14,2026-12-08
1301,1483,114,approved,Personal Loan,AED,17454760.68,4747694.9,16.33,48,7338536.61,10116224.07,09/24/2020,19-Jun-2023
1302,81,105,written off,Mortgage,NGN,18531252.13,11489.38,8.89,24,6202619.97,12328632.16,2022-06-21,07-Aug-2026
1303,1568,111,defaulted,Agricultural Loan,ZAR,18753065.69,1031418.61,4.31,6,8759917.3,9993148.39,09/14/2023,24/06/2026
1304,900,105, Active ,Personal Loan,NGN,4440725.86,2753.25,5.14,60,2773747.53,1666978.33,06-Oct-2023,2024-07-26
1305,1551,113,DEFAULTED,Trade Finance / Import,EUR,5864233.3,6333371.96,26.31,36,823036.86,5041196.44,23/03/2023,21-Sep-2025
1306,131,102,RESTRUCTURED,Agricultural Loan,NGN,12247595.74,7593.51,11.41,6,6578419.63,5669176.11,11/23/2022,29-Sep-2023
1307,142,104,PENDING REVIEW,Trade Finance / Import,NGN,5621321.56,3485.22,4.64,18,1389750.08,4231571.48,11/04/2020,23-Feb-2025
1308,50,114, Active ,Personal Loan,AED,11639819.81,3166030.99,4.79,18,9167148.02,2472671.79,17/04/2023,09/06/2025
1309,1707,113,DEFAULTED,SME Working Capital,EUR,17426377.01,18820487.17,6.5,48,13811359.03,3615017.98,2024-12-01,14/07/2024
1310,1254,109,Fully Paid,Auto Loan,KES,1639103.08,12621.09,18.3,12,59816.74,1579286.34,2024-03-07,29/09/2026
1311,1992,115,written off,Asset Finance,USD,19372764.04,19372764.04,5.9,48,15445082.67,3927681.37,11/25/2022,25/11/2025
1312,289,108,RESTRUCTURED,Mortgage,KES,3912403.2,30125.5,5.49,60,394778.54,3517624.66,12/08/2023,12-Jul-2024
1313,1589,111,active,Auto Loan,ZAR,2409542.07,132524.81,10.78,48,372981.95,2036560.12,25/02/2022,04-Sep-2023
1314,1619,109, Active ,Education Finance,KES,6169641.95,47506.24,8.31,24,5428792.63,740849.32,22/05/2024,12-Apr-2026
1315,1112,107,WRITTEN OFF,Mortgage,GHS,9914292.25,654343.29,24.38,36,8464222.45,1450069.8,27/04/2021,2024-12-02
1316,790,101,PENDING REVIEW,Trade Finance / Import,NGN,17699688.45,10973.81,17.43,60,5090324.92,12609363.53,2024-05-24,2023-02-22
1317,333,115,ACTIVE,Education Finance,USD,14879937.19,14879937.19,4.09,48,4268702.46,10611234.73,09/08/2024,27-Oct-2024
1318,1300,115,ACTIVE,Agricultural Loan,USD,8207342.56,8207342.56,26.89,18,706426.65,7500915.91,10/20/2023,29/11/2024
1319,947,102,WRITTEN OFF,Asset Finance,NGN,13001374.91,8060.85,13.4,6,628475.69,12372899.22,2022-09-11,25-Jul-2026
1320,1150,114,FULLY PAID,Personal Loan,AED,1250785.92,340213.77,23.15,24,251376.02,999409.9,25-Feb-2020,2025-12-04
1321,1896,107, Active ,Agricultural Loan,GHS,11927005.02,787182.33,13.17,18,3270241.24,8656763.78,01/24/2022,09/23/2023
1322,191,103,written off,Auto Loan,NGN,2603233.39,1614.0,18.31,36,1094571.96,1508661.43,30/05/2023,2025-04-22
1323,310,103,restructured,Auto Loan,NGN,5625347.48,3487.72,23.5,36,107042.98,5518304.5,09/12/2023,02/05/2025
1324,318,107,defaulted,SME Working Capital,GHS,18579279.92,1226232.47,7.77,6,10836644.44,7742635.48,2022-07-17,28/06/2026
1325,1480,106, Active ,SME Working Capital,GHS,17566085.83,1159361.66,18.48,36,11929093.2,5636992.63,2022-10-21,17/05/2024
1326,1213,109,RESTRUCTURED,Trade Finance / Import,KES,9130041.69,70301.32,4.06,18,3735046.79,5394994.9,10/19/2020,07-Aug-2026
1327,1772,103,FULLY PAID,Trade Finance / Import,NGN,14552664.55,9022.65,19.27,12,41549.97,14511114.58,2022-01-05,31/03/2025
1328,736,108, Active ,Mortgage,KES,15344670.38,118153.96,21.07,18,14742071.51,602598.87,10/23/2023,06-Nov-2026
1329,400,111,written off,Asset Finance,ZAR,16745512.82,921003.21,27.81,60,10139930.98,6605581.84,25-Dec-2020,09-Oct-2024
1330,235,115,FULLY PAID,Agricultural Loan,USD,1210518.36,1210518.36,27.34,6,1149637.59,60880.77,06/28/2020,05-Sep-2025
1331,1687,110,approved,Education Finance,ZAR,1498112.36,82396.18,15.21,36,984533.48,513578.88,28/08/2022,02/15/2025
1332,797,110,written off,Asset Finance,ZAR,5154664.43,283506.54,27.55,60,648256.96,4506407.47,09/23/2024,25/11/2027
1333,1251,107,fully paid,Trade Finance / Import,GHS,6906314.75,455816.77,15.64,24,4852710.65,2053604.1,11/23/2021,05-Jul-2026
1334,1393,112,APPROVED,Education Finance,GBP,7049490.35,8952852.74,8.43,24,3781478.47,3268011.88,07/16/2021,2023-10-14
1335,593,110,APPROVED,Agricultural Loan,ZAR,14480137.19,796407.55,11.65,24,10881424.45,3598712.74,11/18/2023,21/08/2026
1336,908,101,APPROVED,Personal Loan,NGN,19491283.84,12084.6,23.2,12,16353270.24,3138013.6,2021-07-09,12-Jun-2024
1337,1234,111,fully paid,Education Finance,ZAR,17126928.27,941981.05,18.38,48,10633394.89,6493533.38,2020-01-07,05/07/2026
1338,612,110,APPROVED,Personal Loan,ZAR,12922968.61,710763.27,16.78,60,1578008.42,11344960.19,07/01/2024,2027-11-06
1339,673,101,active,SME Working Capital,NGN,2631940.07,1631.8,12.65,6,182826.97,2449113.1,28-Oct-2021,2027-12-27
1340,1814,110,pending review,Agricultural Loan,ZAR,13086912.93,719780.21,27.94,12,5219232.79,7867680.14,21/02/2022,2024-12-17
1341,318,107,APPROVED,Auto Loan,GHS,15323109.24,1011325.21,19.38,12,11248696.03,4074413.21,02-Nov-2024,07/05/2025
1342,1265,105,pending review,Personal Loan,NGN,9648762.32,5982.23,27.29,60,4366011.2,5282751.12,2024-09-30,08/19/2027
1343,14,111,PENDING REVIEW,Agricultural Loan,ZAR,4303427.9,236688.53,14.67,6,4115304.33,188123.57,22/09/2021,13/08/2024
1344,557,112,written off,Auto Loan,GBP,970310.16,1232293.9,5.87,24,47182.22,923127.94,03/23/2022,11-Feb-2023
1345,407,112,fully paid,Mortgage,GBP,6811712.94,8650875.43,4.46,36,6196477.69,615235.25,2023-07-04,16-Jun-2025
1346,1016,106,defaulted,Auto Loan,GHS,10150105.78,669906.98,20.67,18,5451159.76,4698946.02,11-Mar-2024,20-Jan-2024
1347,1362,114,PENDING REVIEW,SME Working Capital,AED,16824305.91,4576211.21,7.15,60,3076143.73,13748162.18,02/01/2022,27-Nov-2025
1348,1928,112,pending review,Personal Loan,GBP,5844564.77,7422597.26,21.83,6,1099258.41,4745306.36,01/10/2020,05/11/2027
1349,1241,101,FULLY PAID,Auto Loan,NGN,18299029.25,11345.4,25.68,36,13314297.64,4984731.61,12-May-2022,10/08/2027
1350,577,113,approved,Agricultural Loan,EUR,11778148.09,12720399.94,27.35,60,11245314.09,532834.0,08-Jan-2022,13/02/2025
1351,1726,107,approved,Agricultural Loan,GHS,16800541.56,1108835.74,21.91,6,15088714.26,1711827.3,16-Oct-2021,03/24/2026
1352,62,107,written off,SME Working Capital,GHS,697664.25,46045.84,18.64,6,627980.27,69683.98,01/01/2020,13/06/2024
1353,1253,104,written off,Agricultural Loan,NGN,10870466.41,6739.69,5.31,60,2659046.77,8211419.64,01/03/2021,14-May-2027
1354,1990,106,Fully Paid,SME Working Capital,GHS,8028941.09,529910.11,23.27,36,1474785.53,6554155.56,02/21/2021,04/10/2023
1355,379,112,WRITTEN OFF,Agricultural Loan,GBP,10358983.98,13155909.65,22.79,48,9080391.55,1278592.43,16-Sep-2024,2024-10-07
1356,207,114,restructured,SME Working Capital,AED,17266503.62,4696488.98,9.14,36,15479996.88,1786506.74,06/02/2023,2023-02-14
1357,302,106,active,Education Finance,GHS,17037855.03,1124498.43,23.29,24,9660395.76,7377459.27,19/03/2022,02/01/2027
1358,509,108, Active ,Agricultural Loan,KES,19057604.61,146743.56,27.91,6,11002157.4,8055447.21,2023-12-26,2023-07-22
1359,1125,103,active,SME Working Capital,NGN,17194665.9,10660.69,15.49,48,13800942.44,3393723.46,2022-11-24,2024-12-19
1360,1392,109,ACTIVE,Agricultural Loan,KES,17241858.08,132762.31,25.79,24,1689217.84,15552640.24,23/11/2023,04/20/2023
1361,16,102,PENDING REVIEW,Agricultural Loan,NGN,13922261.23,8631.8,4.72,12,12618572.86,1303688.37,2023-11-20,04/16/2026
1362,1181,114,active,Personal Loan,AED,7936229.5,2158654.42,5.44,60,6271937.35,1664292.15,15/03/2023,12/22/2026
1363,736,108,approved,Trade Finance / Import,KES,1322670.14,10184.56,27.73,60,1266218.5,56451.64,23/12/2020,04/12/2024
1364,932,105,approved,Education Finance,NGN,15681486.17,9722.52,4.93,36,415742.22,15265743.95,29/05/2024,2026-11-03
1365,1994,115,ACTIVE,Asset Finance,USD,2413131.65,2413131.65,26.36,60,544551.74,1868579.91,18/09/2023,18-Dec-2027
1366,1605,109,ACTIVE,Mortgage,KES,12146766.41,93530.1,7.56,48,1643206.0,10503560.41,12/14/2021,28/11/2023
1367,1311,114,defaulted,Mortgage,AED,6778316.75,1843702.16,24.22,48,1102552.86,5675763.89,12/21/2023,09/18/2024
1368,1534,109,defaulted,Trade Finance / Import,KES,2191412.66,16873.88,24.41,12,730122.64,1461290.02,07/30/2023,11/03/2024
1369,121,115,WRITTEN OFF,Asset Finance,USD,9803795.72,9803795.72,24.55,60,1875228.0,7928567.72,04/03/2022,28-Sep-2026
1370,1006,108,approved,Auto Loan,KES,19665769.97,151426.43,26.25,48,6562294.54,13103475.43,07-Jun-2020,31-Dec-2026
1371,1017,113,approved,Trade Finance / Import,EUR,8765835.64,9467102.49,13.7,48,1814329.85,6951505.79,23-Feb-2021,2024-10-10
1372,1447,105,Fully Paid,Education Finance,NGN,8516977.26,5280.53,23.78,24,3678837.15,4838140.11,09/06/2020,2023-01-15
1373,1393,112,defaulted,Education Finance,GBP,7724032.38,9809521.12,26.66,18,2283416.18,5440616.2,02/27/2022,2025-07-11
1374,1090,115,FULLY PAID,Personal Loan,USD,14780336.64,14780336.64,6.41,60,14182223.35,598113.29,22-Aug-2022,08/31/2026
1375,1327,114,written off,SME Working Capital,AED,1158786.42,315189.91,15.14,6,449970.55,708815.87,11/07/2023,03-Mar-2026
1376,258,109,WRITTEN OFF,Trade Finance / Import,KES,14240941.4,109655.25,13.73,24,8329272.78,5911668.62,28-Jun-2020,13-Aug-2025
1377,63,111,DEFAULTED,Asset Finance,ZAR,14204379.79,781240.89,18.81,48,13279944.34,924435.45,2021-09-21,2024-04-14
1378,942,115,approved,Agricultural Loan,USD,387739.49,387739.49,6.79,18,386873.69,865.8,2022-05-05,10-Apr-2024
1379,1223,107,Fully Paid,Personal Loan,GHS,5562469.38,367122.98,21.76,18,2221967.76,3340501.62,16/07/2024,10/31/2023
1380,517,108,Fully Paid,Mortgage,KES,1933407.99,14887.24,7.59,12,1517447.86,415960.13,2021-12-26,31-Jul-2023
1381,667,103,defaulted,Auto Loan,NGN,6880348.97,4265.82,9.5,24,6279361.23,600987.74,27/07/2022,08/27/2024
1382,1735,113,active,Agricultural Loan,EUR,15694553.66,16950117.95,8.44,6,11658668.15,4035885.51,03/11/2024,2023-01-25
1383,1028,111,PENDING REVIEW,Auto Loan,ZAR,5311756.27,292146.59,8.06,18,3849290.61,1462465.66,10/09/2023,06/10/2025
1384,1331,103,DEFAULTED,SME Working Capital,NGN,5049116.79,3130.45,19.76,12,4124594.08,924522.71,2024-02-17,10/10/2027
1385,1461,102,fully paid,Auto Loan,NGN,12437775.38,7711.42,10.17,6,6752591.32,5685184.06,01/14/2021,2023-02-27
1386,245,114,APPROVED,Auto Loan,AED,13221912.54,3596360.21,15.97,6,4365526.18,8856386.36,2020-06-20,27/06/2025
1387,935,102,fully paid,Mortgage,NGN,9754635.84,6047.87,24.43,36,4398333.29,5356302.55,03/15/2020,2023-05-20
1388,234,112,active,SME Working Capital,GBP,1569657.4,1993464.9,7.54,6,841108.56,728548.84,02-Sep-2023,14-Jul-2027
1389,903,103,APPROVED,SME Working Capital,NGN,14001549.78,8680.96,8.87,60,2920309.04,11081240.74,2020-01-05,06-Dec-2023
1390,1110,112,Fully Paid,Auto Loan,GBP,10075326.8,12795665.04,19.64,12,3532507.3,6542819.5,19-Sep-2021,08-Jun-2027
1391,1005,107,FULLY PAID,Auto Loan,GHS,18194263.26,1200821.38,16.62,24,3385077.68,14809185.58,2024-05-04,10/24/2023
1392,1794,108,PENDING REVIEW,Mortgage,KES,8773628.16,67556.94,6.36,36,7743880.45,1029747.71,05/10/2020,23/06/2026
1393,1307,114,approved,Auto Loan,AED,11403953.51,3101875.35,8.74,12,5585129.93,5818823.58,19-May-2021,14-Oct-2025
1394,1318,108,fully paid,Personal Loan,KES,12916264.97,99455.24,24.88,12,9157162.31,3759102.66,27-Jan-2022,29/10/2024
1395,1483,114,FULLY PAID,Asset Finance,AED,16682845.93,4537734.09,5.36,12,16309797.16,373048.77,2023-03-07,2025-01-14
1396,85,114,defaulted,Trade Finance / Import,AED,7621887.49,2073153.4,11.39,48,627202.82,6994684.67,01-Dec-2020,21-Feb-2023
1397,1899,111,DEFAULTED,Trade Finance / Import,ZAR,18491800.26,1017049.01,25.47,48,16406950.39,2084849.87,23-Sep-2020,11/19/2023
1398,662,106,ACTIVE,Trade Finance / Import,GHS,5815323.85,383811.37,11.59,18,1109548.7,4705775.15,06/07/2024,04/17/2025
1399,1544,107,Fully Paid,Auto Loan,GHS,5065405.55,334316.77,7.25,36,3449913.47,1615492.08,12/13/2023,2025-12-16
1400,791,109, Active ,Mortgage,KES,10491554.16,80784.97,26.65,36,746090.12,9745464.04,2020-04-20,08/08/2023
1401,1151,115,written off,Agricultural Loan,USD,15610620.2,15610620.2,19.68,36,2448003.29,13162616.91,07/04/2023,05/06/2027
1402,118,103,pending review,Auto Loan,NGN,10704715.23,6636.92,11.66,12,720009.64,9984705.59,2020-03-04,08/15/2023
1403,1150,114,APPROVED,Trade Finance / Import,AED,11197601.89,3045747.71,11.99,6,4581459.15,6616142.74,09/07/2020,23-Nov-2024
1404,1844,109,Fully Paid,Trade Finance / Import,KES,7848324.4,60432.1,18.74,6,3116440.13,4731884.27,21-Aug-2020,12/08/2025
1405,211,107,approved,Mortgage,GHS,1951445.68,128795.41,19.24,48,1732515.78,218929.9,2023-06-22,09/11/2024
1406,744,102,Fully Paid,Mortgage,NGN,6660349.15,4129.42,16.7,60,1919154.39,4741194.76,2020-10-21,29/08/2025
1407,3,108,restructured,Agricultural Loan,KES,19083974.96,146946.61,10.87,18,1938312.08,17145662.88,2024-03-27,10/28/2024
1408,1986,110,written off,Education Finance,ZAR,7112888.9,391208.89,12.24,24,5401475.7,1711413.2,29-Jul-2021,2026-01-31
1409,1022,114,WRITTEN OFF,Personal Loan,AED,13380752.19,3639564.6,25.75,36,9516518.39,3864233.8,11/05/2023,22/04/2026
1410,978,110,Fully Paid,Agricultural Loan,ZAR,9052567.29,497891.2,26.69,60,8414032.58,638534.71,06/05/2021,30-Aug-2026
1411,533,106,APPROVED,Trade Finance / Import,GHS,1321376.8,87210.87,4.82,18,1059150.97,262225.83,14-Nov-2022,26-Mar-2026
1412,1137,105,restructured,Auto Loan,NGN,14228062.1,8821.4,25.17,6,965968.96,13262093.14,31-Oct-2024,26-May-2026
1413,336,112,approved,Trade Finance / Import,GBP,10496671.38,13330772.65,16.02,36,5571730.16,4924941.22,07/31/2022,2025-04-13
1414,150,114,restructured,Agricultural Loan,AED,17439460.23,4743533.18,24.67,24,10990672.19,6448788.04,2021-06-14,25/01/2027
1415,123,113,active,SME Working Capital,EUR,14222860.02,15360688.82,21.87,48,1840978.47,12381881.55,11/08/2021,2026-10-07
1416,1829,104,APPROVED,Agricultural Loan,NGN,12221393.43,7577.26,21.16,60,7988244.42,4233149.01,09/20/2020,01/03/2025
1417,497,115,WRITTEN OFF,Asset Finance,USD,10407699.24,10407699.24,8.29,24,9362839.61,1044859.63,11/13/2024,06-Dec-2024
1418,181,102,Fully Paid,Trade Finance / Import,NGN,18995330.67,11777.11,26.32,18,4185817.55,14809513.12,28/04/2023,23-Jan-2023
1419,1500,108,written off,Mortgage,KES,6301191.34,48519.17,13.69,60,4603941.97,1697249.37,01/24/2020,08-Jun-2026
1420,1914,110,WRITTEN OFF,Agricultural Loan,ZAR,10519829.4,578590.62,23.43,18,5827262.29,4692567.11,15/10/2024,2026-04-27
1421,206,110,active,SME Working Capital,ZAR,9530802.23,524194.12,26.17,18,625743.85,8905058.38,2020-06-05,08/12/2027
1422,1766,106,Fully Paid,Auto Loan,GHS,13036261.89,860393.28,20.44,6,12047399.28,988862.61,10/15/2021,21/02/2025
1423,148,101,PENDING REVIEW,Asset Finance,NGN,4180336.75,2591.81,13.63,24,2743779.75,1436557.0,24/10/2021,03/02/2024
1424,712,112,fully paid,Agricultural Loan,GBP,8829441.16,11213390.27,9.21,6,623944.87,8205496.29,12-Mar-2020,07/09/2024
1425,1869,115,APPROVED,Mortgage,USD,420816.37,420816.37,24.13,12,372553.29,48263.08,24/08/2024,2024-07-29
1426,686,106,PENDING REVIEW,Trade Finance / Import,GHS,8568105.94,565494.99,13.71,60,1231056.18,7337049.76,06-Mar-2024,09/16/2023
1427,993,115,approved,Agricultural Loan,USD,16562418.94,16562418.94,10.24,24,3632307.92,12930111.02,02/18/2020,05/07/2027
1428,1009,108,ACTIVE,Education Finance,KES,16857923.82,129806.01,17.6,6,3771658.8,13086265.02,04-Dec-2021,2024-12-28
1429,1764,113,approved,Education Finance,EUR,227604.84,245813.23,7.75,24,70866.09,156738.75,2024-06-24,11/30/2026
1430,1606,101,RESTRUCTURED,Agricultural Loan,NGN,16499428.58,10229.65,22.39,48,15636138.16,863290.42,06/03/2022,28-Mar-2024
1431,687,104, Active ,Agricultural Loan,NGN,352387.27,218.48,15.8,36,220095.01,132292.26,2023-04-06,2027-11-10
1432,1086,104,FULLY PAID,Personal Loan,NGN,8876648.33,5503.52,15.65,12,552323.93,8324324.4,2024-05-23,11/06/2026
1433,1366,115,restructured,Asset Finance,USD,12866292.0,12866292.0,16.49,48,5584534.37,7281757.63,02/10/2022,05/06/2024
1434,12,109,fully paid,Mortgage,KES,15124185.21,116456.23,17.39,60,6725528.28,8398656.93,04/10/2024,02/28/2025
1435,587,104,defaulted,Mortgage,NGN,188138.36,116.65,26.01,24,186874.85,1263.51,24/02/2020,27/07/2026
1436,1384,115,Fully Paid,Mortgage,USD,14629103.23,14629103.23,17.4,6,14398416.55,230686.68,04/26/2023,2025-05-25
1437,431,104,FULLY PAID,Auto Loan,NGN,5887619.15,3650.32,18.0,18,3977870.73,1909748.42,22/10/2023,2027-05-17
1438,525,106,restructured,Personal Loan,GHS,15219492.78,1004486.52,24.96,60,10666020.98,4553471.8,01-Sep-2021,29/01/2026
1439,1734,107,PENDING REVIEW,Personal Loan,GHS,4864439.8,321053.03,17.58,60,2281592.74,2582847.06,27/03/2023,06/17/2024
1440,1685,107,FULLY PAID,Auto Loan,GHS,19491334.41,1286428.07,19.72,18,3773450.92,15717883.49,28-Nov-2023,03/01/2026
1441,1939,105,APPROVED,Trade Finance / Import,NGN,7763123.22,4813.14,20.7,12,1594349.78,6168773.44,15-Feb-2022,2025-11-23
1442,1255,102,Fully Paid,Trade Finance / Import,NGN,3763172.77,2333.17,23.33,60,2040939.86,1722232.91,30/10/2024,11/05/2027
1443,33,111,written off,Trade Finance / Import,ZAR,16339137.57,898652.57,6.48,36,14504076.41,1835061.16,27/03/2022,2024-03-08
1444,1938,106,defaulted,Trade Finance / Import,GHS,3334524.48,220078.62,5.51,60,862935.11,2471589.37,01-Apr-2024,02/16/2025
1445,1734,107,restructured,Asset Finance,GHS,9115403.34,601616.62,25.85,12,7619657.36,1495745.98,19/08/2022,24-Dec-2025
1446,944,104,DEFAULTED,Education Finance,NGN,1324351.06,821.1,23.03,24,761257.74,563093.32,12/10/2022,2027-08-03
1447,919,110,RESTRUCTURED,Mortgage,ZAR,18955577.86,1042556.78,23.81,60,5377488.71,13578089.15,2023-07-29,01/04/2025
1448,202,101,WRITTEN OFF,SME Working Capital,NGN,13357173.6,8281.45,16.99,12,9946732.76,3410440.84,13/09/2021,22-Jun-2027
1449,1487,108,RESTRUCTURED,Mortgage,KES,15800455.62,121663.51,8.16,24,13683148.41,2117307.21,11/01/2023,2025-11-10
1450,1885,102,restructured,Agricultural Loan,NGN,18000174.74,11160.11,4.57,60,11215905.21,6784269.53,2020-03-31,17/06/2023
1451,1570,109,FULLY PAID,Agricultural Loan,KES,11212425.77,86335.68,26.09,36,5305635.99,5906789.78,02/02/2021,26-Feb-2025
1452,1424,115,pending review,Auto Loan,USD,19517542.02,19517542.02,8.51,36,10451780.22,9065761.8,28-May-2023,2026-07-31
1453,1825,107,ACTIVE,Asset Finance,GHS,7958668.83,525272.14,18.09,12,2633952.2,5324716.63,2020-11-08,2026-04-23
1454,1321,107,defaulted,Mortgage,GHS,15164338.74,1000846.36,6.34,24,723267.39,14441071.35,2024-02-05,11/10/2024
1455,1487,108,active,Agricultural Loan,KES,2581145.39,19874.82,22.59,18,869717.51,1711427.88,19/03/2020,06/30/2024
1456,749,106,Fully Paid,Trade Finance / Import,GHS,16775795.54,1107202.51,22.8,60,15568783.7,1207011.84,2023-09-23,23/02/2026
1457,32,111,ACTIVE,Mortgage,ZAR,9995079.5,549729.37,10.11,48,9308323.52,686755.98,16/01/2020,22/07/2027
1458,1014,113, Active ,SME Working Capital,EUR,3593414.6,3880887.77,14.93,6,3051461.12,541953.48,07/10/2022,06/10/2025
1459,348,104,RESTRUCTURED,Auto Loan,NGN,15396285.65,9545.7,4.67,24,6321152.68,9075132.97,08/26/2023,2025-08-08
1460,878,101,PENDING REVIEW,Personal Loan,NGN,12960680.38,8035.62,27.78,12,7702908.92,5257771.46,06/24/2022,2024-05-11
1461,71,101,WRITTEN OFF,Mortgage,NGN,2380829.44,1476.11,14.58,36,568261.41,1812568.03,04-May-2021,04/08/2024
1462,281,114,FULLY PAID,Mortgage,AED,5886909.55,1601239.4,12.02,24,2071847.34,3815062.21,30/07/2024,21-Apr-2027
1463,395,113,fully paid,Agricultural Loan,EUR,17443583.61,18839070.3,6.44,24,9155262.13,8288321.48,21/02/2021,28-May-2027
1464,679,115,fully paid,Trade Finance / Import,USD,483259.59,483259.59,25.27,36,231548.97,251710.62,12/05/2020,03/14/2025
1465,949,108, Active ,Mortgage,KES,10216262.6,78665.22,24.55,48,4087153.71,6129108.89,23-Nov-2021,03/05/2023
1466,1771,107,active,SME Working Capital,GHS,5352287.7,353250.99,13.97,36,5185569.88,166717.82,01/03/2021,23/06/2025
1467,1272,115,approved,Education Finance,USD,14618475.1,14618475.1,21.96,18,4286505.32,10331969.78,06/27/2020,11/12/2026
1468,258,109,restructured,Auto Loan,KES,6458352.07,49729.31,18.92,36,1829393.38,4628958.69,02/19/2020,25/11/2026
1469,1796,102,RESTRUCTURED,Auto Loan,NGN,963000.93,597.06,22.43,24,262178.03,700822.9,06/19/2023,25-Feb-2024
1470,1404,111, Active ,Education Finance,ZAR,5617330.31,308953.17,10.9,18,199236.57,5418093.74,06/02/2020,2027-02-16
1471,1547,114,restructured,Agricultural Loan,AED,18377260.82,4998614.94,18.26,36,9608943.04,8768317.78,2021-09-23,2024-11-24
1472,38,104,defaulted,Mortgage,NGN,14861778.59,9214.3,25.72,24,13710931.02,1150847.57,05/16/2023,2026-01-24
1473,544,113,approved,Agricultural Loan,EUR,11922761.34,12876582.25,22.41,18,2048101.93,9874659.41,30/07/2020,2023-01-02
1474,1264,106,written off,Education Finance,GHS,5452070.09,359836.63,15.36,48,453863.57,4998206.52,2021-05-22,11/08/2024
1475,1009,108,Fully Paid,Auto Loan,KES,18059435.4,139057.65,18.79,6,12193679.53,5865755.87,16/12/2021,02/01/2024
1476,1450,108,written off,SME Working Capital,KES,18647116.02,143582.79,21.5,18,7299487.37,11347628.65,2024-10-19,2026-06-03
1477,973,115,DEFAULTED,Asset Finance,USD,12166822.13,12166822.13,9.54,60,7754459.69,4412362.44,2023-03-27,2024-10-14
1478,71,101,DEFAULTED,Personal Loan,NGN,11739304.69,7278.37,25.48,36,1870760.58,9868544.11,12/31/2021,02/15/2027
1479,761,105,FULLY PAID,Trade Finance / Import,NGN,12790185.03,7929.91,9.48,24,11934900.29,855284.74,05/07/2023,2027-09-04
1480,1578,102,FULLY PAID,SME Working Capital,NGN,3831046.91,2375.25,21.12,6,356646.52,3474400.39,10/15/2023,15/09/2026
1481,831,109,RESTRUCTURED,Agricultural Loan,KES,12277350.12,94535.6,26.06,18,116392.84,12160957.28,2023-02-15,11/06/2025
1482,1041,107,written off,Agricultural Loan,GHS,2309460.25,152424.38,8.38,60,1687180.71,622279.54,18-Jul-2022,21-Jul-2024
1483,1749,101,defaulted,Education Finance,NGN,13603116.35,8433.93,9.82,60,1466413.31,12136703.04,04-May-2020,01/01/2026
1484,1081,111,ACTIVE,Asset Finance,ZAR,6697473.37,368361.04,25.26,18,1714064.2,4983409.17,04/07/2023,02/08/2025
1485,1801,106,restructured,Agricultural Loan,GHS,14755711.61,973876.97,11.56,48,3174595.88,11581115.73,11-Apr-2024,27-Jun-2027
1486,1854,105,ACTIVE,Agricultural Loan,NGN,17430679.56,10807.02,18.48,36,4317141.9,13113537.66,2021-07-17,2026-02-03
1487,1646,111,WRITTEN OFF,Trade Finance / Import,ZAR,9261963.92,509408.02,6.39,60,2876698.32,6385265.6,01-Oct-2021,02/07/2023
1488,1933,111,PENDING REVIEW,Trade Finance / Import,ZAR,11009798.76,605538.93,8.34,6,9692000.02,1317798.74,07/28/2024,22/08/2027
1489,465,109,approved,Agricultural Loan,KES,8096855.23,62345.79,8.26,12,5407309.17,2689546.06,01/05/2022,27/08/2024
1490,1271,110,Fully Paid,Personal Loan,ZAR,16807329.34,924403.11,8.99,48,798130.21,16009199.13,09-Dec-2021,05/25/2024
1491,1396,111,FULLY PAID,Trade Finance / Import,ZAR,6660583.42,366332.09,25.16,36,5062445.48,1598137.94,17-Nov-2021,18/07/2025
1492,260,108,WRITTEN OFF,Education Finance,KES,12049983.42,92784.87,26.43,60,11127099.59,922883.83,12/12/2020,18/10/2023
1493,350,112,pending review,Mortgage,GBP,7743887.32,9834736.9,8.74,36,5838415.82,1905471.5,03/18/2021,14-Nov-2025
1494,1925,115,WRITTEN OFF,Agricultural Loan,USD,11938867.52,11938867.52,11.34,6,3228425.1,8710442.42,2022-01-24,05/11/2023
1495,1986,110,active,Trade Finance / Import,ZAR,3490636.63,191985.01,19.27,6,1173977.98,2316658.65,22/08/2021,01/16/2027
1496,538,102,defaulted,Mortgage,NGN,19677571.14,12200.09,15.02,36,7482036.72,12195534.42,2022-06-19,01/11/2026
1497,51,101,pending review,SME Working Capital,NGN,9824392.53,6091.12,20.52,18,4352599.57,5471792.96,31/01/2021,28/03/2026
1498,23,104,restructured,SME Working Capital,NGN,12146422.6,7530.78,20.83,18,2779784.69,9366637.91,11/24/2022,2026-11-01
1499,379,112,Fully Paid,Education Finance,GBP,4687784.85,5953486.76,21.96,6,3772828.26,914956.59,27/08/2024,2027-04-06
1500,432,109,Fully Paid,Auto Loan,KES,3359535.28,25868.42,18.3,24,3184162.21,175373.07,11-Mar-2021,14/06/2023
1501,759,113,FULLY PAID,Auto Loan,EUR,17952581.74,19388788.28,6.92,12,2046715.7,15905866.04,04/29/2024,2025-09-22
1502,385,111,PENDING REVIEW,Trade Finance / Import,ZAR,10901071.34,599558.92,4.79,24,10396566.46,504504.88,04/11/2021,04/08/2024
1503,958,114,pending review,Education Finance,AED,8236488.74,2240324.94,7.69,12,4269324.26,3967164.48,2022-11-04,30-Mar-2024
1504,261,107,written off,Education Finance,GHS,4769522.14,314788.46,20.75,60,4753176.99,16345.15,12/02/2024,05-Sep-2025
1505,1515,103,APPROVED,Mortgage,NGN,12405855.21,7691.63,14.29,6,1432184.15,10973671.06,16-Oct-2022,08/01/2027
1506,1156,113,ACTIVE,Mortgage,EUR,9121584.67,9851311.44,26.14,18,7744781.11,1376803.56,03/22/2022,05/25/2027
1507,1861,105,APPROVED,Education Finance,NGN,4771974.32,2958.62,11.0,6,1996897.1,2775077.22,2024-09-12,07/12/2024
1508,1891,107,RESTRUCTURED,Mortgage,GHS,3314996.41,218789.76,17.89,6,3153634.0,161362.41,09/11/2024,02/20/2023
1509,1449,115,approved,Personal Loan,USD,4123350.41,4123350.41,25.14,60,3892503.03,230847.38,09/12/2021,06/10/2027
1510,161,113,defaulted,Agricultural Loan,EUR,4220281.07,4557903.56,6.33,6,1683673.3,2536607.77,19/08/2021,08-Feb-2025
1511,1697,103,approved,Personal Loan,NGN,19273618.68,11949.64,26.81,60,3883926.53,15389692.15,2023-02-15,01/03/2024
1512,1847,106,DEFAULTED,Asset Finance,GHS,18509319.1,1221615.06,22.14,48,12502224.21,6007094.89,24/03/2023,09/12/2026
1513,1571,106,approved,Auto Loan,GHS,10637163.4,702052.78,25.65,48,7421327.59,3215835.81,06/22/2023,03/11/2027
1514,1409,113,DEFAULTED,Education Finance,EUR,7914134.23,8547264.97,24.3,18,3979144.04,3934990.19,05/16/2020,2023-09-16
1515,1210,111,pending review,Trade Finance / Import,ZAR,7900067.15,434503.69,10.82,12,2673138.62,5226928.53,2022-06-28,06/12/2026
1516,304,112,fully paid,Mortgage,GBP,714176.02,907003.55,12.73,36,652686.95,61489.07,2020-06-17,2025-02-22
1517,1405,103,APPROVED,Auto Loan,NGN,1222635.41,758.03,18.5,6,39564.1,1183071.31,18-Jul-2024,12-Mar-2027
1518,1074,109,fully paid,SME Working Capital,KES,387957.54,2987.27,4.91,48,157199.64,230757.9,01-Feb-2021,01-Nov-2023
1519,1671,102,RESTRUCTURED,Education Finance,NGN,2431946.21,1507.81,27.25,18,2224026.2,207920.01,15/09/2024,05/19/2024
1520,755,107,DEFAULTED,Education Finance,GHS,1446098.35,95442.49,5.37,18,812601.16,633497.19,2022-09-17,2026-05-20
1521,1649,109,RESTRUCTURED,Trade Finance / Import,KES,9979087.25,76838.97,20.88,24,1998305.86,7980781.39,05/14/2022,04/11/2024
1522,1936,103,approved,Auto Loan,NGN,5623511.27,3486.58,12.8,6,1621538.69,4001972.58,11/26/2024,03/30/2023
1523,1782,107,pending review,Personal Loan,GHS,19166819.71,1265010.1,21.92,24,19000760.15,166059.56,2021-02-06,02/22/2026
1524,1611,114,defaulted,Agricultural Loan,AED,9784632.0,2661419.9,4.02,48,1043098.52,8741533.48,2024-07-02,2027-04-02
1525,872,114,APPROVED,Education Finance,AED,14924023.0,4059334.26,21.21,24,5612167.48,9311855.52,10/06/2023,28/10/2027
1526,831,109,APPROVED,SME Working Capital,KES,11041321.84,85018.18,5.74,6,1993271.87,9048049.97,04/20/2023,17/01/2027
1527,128,108,PENDING REVIEW,SME Working Capital,KES,5096009.98,39239.28,19.05,6,265925.81,4830084.17,05/26/2022,17/07/2024
1528,1619,109,fully paid,Trade Finance / Import,KES,17352384.38,133613.36,27.29,24,16829166.93,523217.45,2023-07-28,12/30/2026
1529,1139,104,ACTIVE,Education Finance,NGN,18070708.22,11203.84,23.94,18,11848983.34,6221724.88,14/04/2023,02-Jul-2024
1530,295,115,APPROVED,Auto Loan,USD,6632139.35,6632139.35,25.81,60,1790743.37,4841395.98,11-Sep-2023,14/09/2023
1531,1446,113,pending review,Trade Finance / Import,EUR,18365625.67,19834875.72,22.49,6,10817847.59,7547778.08,23-Aug-2024,23-May-2023
1532,1319,113, Active ,Personal Loan,EUR,9184372.3,9919122.08,16.37,48,3024344.1,6160028.2,12/31/2021,02-Jul-2025
1533,1551,113,WRITTEN OFF,Personal Loan,EUR,15082588.59,16289195.68,11.34,6,2385647.43,12696941.16,09/04/2021,15/10/2024
1534,303,109,approved,Personal Loan,KES,12993368.21,100048.94,13.73,12,11159909.07,1833459.14,06/20/2024,07-May-2023
1535,703,101,approved,Education Finance,NGN,11762799.1,7292.94,8.42,36,9046889.89,2715909.21,25/04/2024,24/02/2025
1536,1047,103,FULLY PAID,Auto Loan,NGN,16992922.42,10535.61,8.67,12,2415377.17,14577545.25,2021-10-07,02-May-2026
1537,1753,109,restructured,Mortgage,KES,19552013.12,150550.5,19.08,60,15884424.0,3667589.12,13/09/2023,08/02/2025
1538,282,114,FULLY PAID,Education Finance,AED,19937925.34,5423115.69,25.81,24,17873531.58,2064393.76,2021-12-05,24-Aug-2024
1539,487,115,FULLY PAID,Education Finance,USD,1927565.87,1927565.87,11.68,12,1497990.18,429575.69,09/01/2020,18/07/2026
1540,307,107,fully paid,SME Working Capital,GHS,7951755.28,524815.85,6.04,24,4277720.27,3674035.01,06/01/2024,2026-11-22
1541,1777,114,defaulted,Asset Finance,AED,328798.55,89433.21,6.31,60,261144.34,67654.21,08-Jul-2022,01/24/2027
1542,1416,103,WRITTEN OFF,Education Finance,NGN,5477742.78,3396.2,8.78,18,4443982.84,1033759.94,10/11/2021,2027-09-10
1543,268,112,FULLY PAID,Trade Finance / Import,GBP,17786752.42,22589175.57,18.89,12,11857719.44,5929032.98,2021-10-03,03-Dec-2024
1544,1631,101,FULLY PAID,Asset Finance,NGN,8070830.1,5003.91,10.77,24,5316765.77,2754064.33,30/03/2022,14/10/2027
1545,38,104,pending review,Mortgage,NGN,9713380.19,6022.3,15.88,24,9363008.14,350372.05,2020-08-06,04-Jun-2023
1546,1588,111,WRITTEN OFF,Agricultural Loan,ZAR,8246740.62,453570.73,27.76,48,6221003.8,2025736.82,05/08/2023,20-Jun-2023
1547,198,103,active,SME Working Capital,NGN,11108263.16,6887.12,17.68,24,6153199.88,4955063.28,04/03/2021,07/01/2026
1548,1754,106,DEFAULTED,Mortgage,GHS,9173370.86,605442.48,8.63,12,1590977.84,7582393.02,27/03/2022,26/02/2024
1549,614,107,defaulted,Agricultural Loan,GHS,14949486.51,986666.11,13.29,48,13173918.15,1775568.36,2021-08-27,2024-01-06
1550,415,114,defaulted,Agricultural Loan,AED,17918670.83,4873878.47,7.87,18,14416678.61,3501992.22,03/01/2021,02/14/2024
1551,1817,114,Fully Paid,Personal Loan,AED,7258202.71,1974231.14,16.15,12,6110390.11,1147812.6,16-Jul-2024,2025-04-30
1552,1185,112,approved,Personal Loan,GBP,18618344.62,23645297.67,11.88,48,18191389.22,426955.4,24/04/2022,2023-08-30
1553,1312,111, Active ,Auto Loan,ZAR,17003305.56,935181.81,11.09,60,381510.63,16621794.93,08-Apr-2024,11/28/2026
1554,1413,109,RESTRUCTURED,Asset Finance,KES,15926499.59,122634.05,14.06,6,11691388.95,4235110.64,25/05/2020,2024-12-26
1555,1470,112,FULLY PAID,Mortgage,GBP,5380991.07,6833858.66,25.8,6,2588893.64,2792097.43,2021-06-11,05-Sep-2023
1556,777,115,approved,Education Finance,USD,10464492.52,10464492.52,19.86,24,8060299.0,2404193.52,04/17/2022,04/24/2027
1557,444,115,ACTIVE,Asset Finance,USD,1328077.89,1328077.89,27.71,6,358267.8,969810.09,24-Dec-2023,22-Apr-2026
1558,673,101,FULLY PAID,Mortgage,NGN,1953534.12,1211.19,27.61,6,1428674.48,524859.64,2023-12-11,08/18/2026
1559,319,113,pending review,Personal Loan,EUR,4510759.18,4871619.91,23.06,18,2288809.84,2221949.34,14-Apr-2020,2025-01-01
1560,1561,115,PENDING REVIEW,Asset Finance,USD,12900458.92,12900458.92,26.88,60,4662318.21,8238140.71,05/09/2024,25/03/2024
1561,1603,108,Fully Paid,Agricultural Loan,KES,6891256.09,53062.67,22.72,24,2488736.73,4402519.36,13/04/2020,2023-05-28
1562,1999,109,defaulted,SME Working Capital,KES,16214391.68,124850.82,20.29,36,3120498.72,13093892.96,09/29/2023,2025-10-13
1563,750,108,Fully Paid,Personal Loan,KES,1382252.99,10643.35,21.81,6,872028.12,510224.87,01-Dec-2022,22-Jun-2026
1564,420,115,Fully Paid,Agricultural Loan,USD,2496812.44,2496812.44,5.29,36,1611772.9,885039.54,05-May-2021,10/10/2024
1565,1663,106,fully paid,Personal Loan,GHS,3041581.92,200744.41,6.28,60,1522675.34,1518906.58,2021-03-03,2026-10-30
1566,1156,113,WRITTEN OFF,Mortgage,EUR,11180783.97,12075246.69,11.2,36,4967012.85,6213771.12,2023-10-06,2027-11-18
1567,1285,115,Fully Paid,SME Working Capital,USD,12022605.16,12022605.16,27.37,18,3186145.06,8836460.1,07/17/2023,11/11/2027
1568,540,115,APPROVED,Asset Finance,USD,14851877.96,14851877.96,12.63,6,4609505.05,10242372.91,09/06/2023,10-Feb-2023
1569,540,115,Fully Paid,Auto Loan,USD,9817814.31,9817814.31,25.27,18,1859066.0,7958748.31,2024-08-08,2025-02-08
1570,620,114,defaulted,Agricultural Loan,AED,1953136.59,531253.15,17.3,36,1447799.9,505336.69,11/02/2022,19-Sep-2027
1571,1816,110,ACTIVE,Agricultural Loan,ZAR,15925005.35,875875.29,23.89,6,721801.57,15203203.78,04/05/2024,2025-03-25
1572,462,113, Active ,Education Finance,EUR,1579716.67,1706094.0,25.18,60,538937.8,1040778.87,2024-04-03,09/08/2023
1573,526,103,RESTRUCTURED,Education Finance,NGN,19647965.15,12181.74,21.07,48,13723681.68,5924283.47,2024-04-16,04/12/2026
1574,143,109,APPROVED,Auto Loan,KES,3609397.33,27792.36,13.59,36,3557888.49,51508.84,23-Jul-2020,27/09/2025
1575,61,106,defaulted,Trade Finance / Import,GHS,17357408.24,1145588.94,16.38,60,17196287.83,161120.41,2020-07-19,04/21/2026
1576,344,113,RESTRUCTURED,Auto Loan,EUR,1504550.78,1624914.84,8.56,48,1313810.24,190740.54,03-Jan-2024,2024-04-03
1577,19,106,APPROVED,Asset Finance,GHS,1078929.04,71209.32,11.0,48,377907.82,701021.22,03/11/2020,04/02/2023
1578,567,103,ACTIVE,Personal Loan,NGN,19454041.65,12061.51,12.04,18,2973034.01,16481007.64,09/10/2021,16/05/2024
1579,1911,102,RESTRUCTURED,Asset Finance,NGN,643757.9,399.13,11.85,24,392791.29,250966.61,11/05/2020,01/07/2026
1580,969,110,DEFAULTED,Asset Finance,ZAR,9048213.89,497651.76,25.37,60,6262010.68,2786203.21,05/21/2021,26-Apr-2024
1581,851,114, Active ,Agricultural Loan,AED,10502779.26,2856755.96,13.51,48,2575810.95,7926968.31,02/11/2024,26-Sep-2027
1582,1236,112,approved,Asset Finance,GBP,9920909.54,12599555.12,25.97,18,3809749.69,6111159.85,04/02/2023,2023-08-05
1583,517,108,DEFAULTED,Trade Finance / Import,KES,13313367.12,102512.93,6.72,6,8592014.94,4721352.18,19-Jul-2021,2025-12-28
1584,1578,102,pending review,Auto Loan,NGN,16495465.97,10227.19,8.11,18,3296463.17,13199002.8,11/10/2024,01/28/2024
1585,1000,112,active,Education Finance,GBP,10906930.93,13851802.28,9.91,60,7561101.16,3345829.77,12/30/2020,12/23/2026
1586,153,101,ACTIVE,Asset Finance,NGN,1355022.02,840.11,27.77,12,1182532.47,172489.55,2020-06-06,21/09/2024
1587,1757,115,restructured,Auto Loan,USD,8783655.18,8783655.18,11.72,12,6968612.17,1815043.01,06-Jul-2020,27/09/2026
1588,1354,106,APPROVED,Personal Loan,GHS,9798618.9,646708.85,14.28,36,2250434.96,7548183.94,17/01/2020,05-Jul-2025
1589,1624,115,WRITTEN OFF,Auto Loan,USD,19379840.5,19379840.5,4.25,60,11506602.32,7873238.18,28-Dec-2022,16-Sep-2027
1590,146,112,DEFAULTED,Auto Loan,GBP,5680580.28,7214336.96,13.38,12,1118413.53,4562166.75,03/02/2020,11-Jan-2025
1591,911,109,Fully Paid,Mortgage,KES,14136847.67,108853.73,5.18,12,6491154.72,7645692.95,05-Jun-2020,02/11/2023
1592,1181,114,WRITTEN OFF,SME Working Capital,AED,10805123.16,2938993.5,20.7,48,6406660.08,4398463.08,2020-12-26,06/04/2023
1593,1289,101,active,Mortgage,NGN,16780538.3,10403.93,24.78,36,8376457.04,8404081.26,27-Jan-2020,06/01/2026
1594,1612,101,DEFAULTED,Education Finance,NGN,18220937.78,11296.98,16.86,48,13611435.86,4609501.92,20/09/2021,2027-02-02
1595,186,111,restructured,Education Finance,ZAR,16162970.44,888963.37,12.65,12,5705291.45,10457678.99,17/03/2024,2024-03-24
1596,1428,104,pending review,Agricultural Loan,NGN,16556934.61,10265.3,8.39,36,16027001.74,529932.87,27/12/2023,12/19/2027
1597,903,103,approved,Personal Loan,NGN,15482051.16,9598.87,16.31,12,12693788.42,2788262.74,20-Jul-2021,18-Dec-2025
1598,1053,101, Active ,Auto Loan,NGN,9961472.44,6176.11,23.69,6,7963150.08,1998322.36,2022-06-05,2024-02-23
1599,1254,109,restructured,Auto Loan,KES,18693285.45,143938.3,15.37,6,13771574.39,4921711.06,20/10/2020,16-Apr-2027
1600,536,101,restructured,Mortgage,NGN,9542745.13,5916.5,23.85,48,2301257.38,7241487.75,03/04/2020,03/21/2024
1601,349,103,RESTRUCTURED,Asset Finance,NGN,17210772.22,10670.68,13.23,24,1232898.33,15977873.89,15-Apr-2020,07-Nov-2024
1602,1779,107,Fully Paid,Education Finance,GHS,18551500.65,1224399.04,5.63,60,2071345.13,16480155.52,2023-04-27,11/04/2025
1603,257,113,restructured,Auto Loan,EUR,9149440.12,9881395.33,7.02,24,8089646.94,1059793.18,04/02/2024,16/01/2024
1604,224,114,defaulted,Education Finance,AED,18522513.87,5038123.77,26.61,12,10565348.82,7957165.05,2020-09-23,2024-11-02
1605,1168,112,Fully Paid,SME Working Capital,GBP,7475829.34,9494303.26,21.67,24,1715024.7,5760804.64,25/12/2020,2023-07-08
1606,85,114,active,Auto Loan,AED,10221687.19,2780298.92,12.54,18,3436705.36,6784981.83,29-Sep-2023,22-Jan-2027
1607,107,110,approved,Mortgage,ZAR,16308616.38,896973.9,25.89,6,6490132.88,9818483.5,09/02/2020,14-Sep-2024
1608,1,108,ACTIVE,Trade Finance / Import,KES,15250987.55,117432.6,24.73,60,5897720.45,9353267.1,19-May-2023,18/08/2023
1609,947,102,PENDING REVIEW,Education Finance,NGN,6778919.24,4202.93,5.49,36,3868190.16,2910729.08,11/09/2024,2026-11-25
1610,598,111,DEFAULTED,Education Finance,ZAR,6511828.72,358150.58,17.23,60,4739221.06,1772607.66,03/26/2024,02/10/2025
1611,674,103,defaulted,Mortgage,NGN,17617277.86,10922.71,23.34,36,15618412.91,1998864.95,04-Oct-2020,10/01/2027
1612,508,102,RESTRUCTURED,Agricultural Loan,NGN,3914131.97,2426.76,5.17,12,1512024.05,2402107.92,30-Jan-2022,01/20/2023
1613,989,101,approved,Personal Loan,NGN,13369848.46,8289.31,4.94,36,13235848.23,134000.23,30/09/2022,20/03/2024
1614,241,111,pending review,Personal Loan,ZAR,7805957.96,429327.69,7.9,24,7199229.2,606728.76,12/17/2021,15/06/2027
1615,1936,103,pending review,SME Working Capital,NGN,6171289.8,3826.2,17.99,24,277593.2,5893696.6,01/21/2024,12-Sep-2026
1616,1519,105,defaulted,SME Working Capital,NGN,16521537.74,10243.35,4.29,6,9359206.4,7162331.34,2022-11-30,15/07/2024
1617,1805,103,APPROVED,SME Working Capital,NGN,1065360.65,660.52,21.18,60,148039.32,917321.33,2021-10-03,24/11/2024
1618,1191,113, Active ,SME Working Capital,EUR,9089600.17,9816768.18,6.12,18,2324638.78,6764961.39,01/18/2024,04/25/2023
1619,1375,105,FULLY PAID,SME Working Capital,NGN,10733980.47,6655.07,21.82,6,5135953.59,5598026.88,11/02/2024,03/07/2027
1620,1983,113,defaulted,Mortgage,EUR,7327149.51,7913321.47,22.13,6,2228632.61,5098516.9,27/07/2021,16/12/2025
1621,1814,110,ACTIVE,Agricultural Loan,ZAR,16226264.63,892444.55,13.92,48,7636191.84,8590072.79,08-Jun-2022,16/10/2025
1622,1409,113,ACTIVE,Agricultural Loan,EUR,11916609.36,12869938.11,16.5,12,9636520.43,2280088.93,09/30/2021,2024-02-01
1623,1032,115,ACTIVE,Agricultural Loan,USD,18287709.81,18287709.81,13.34,6,9665831.83,8621877.98,2024-05-11,16-Aug-2025
1624,1086,104,approved,Agricultural Loan,NGN,8081199.41,5010.34,5.09,6,5581057.91,2500141.5,07/31/2021,25-Feb-2027
1625,614,107,ACTIVE,Auto Loan,GHS,6524855.46,430640.46,19.56,24,5001586.0,1523269.46,2024-02-08,01-Jul-2023
1626,1422,111,RESTRUCTURED,Education Finance,ZAR,8332308.58,458276.97,15.0,36,5385188.5,2947120.08,2024-07-04,03/01/2025
1627,1597,111,RESTRUCTURED,Agricultural Loan,ZAR,8780720.69,482939.64,17.05,6,7942326.15,838394.54,06/05/2021,2026-02-16
1628,1709,107,fully paid,Personal Loan,GHS,7287687.41,480987.37,21.55,6,1171735.99,6115951.42,12/05/2024,31-Jan-2026
1629,1129,110,WRITTEN OFF,Personal Loan,ZAR,3273988.06,180069.34,4.92,48,2955614.07,318373.99,23/12/2020,16/08/2027
1630,1743,114, Active ,SME Working Capital,AED,1606136.68,436869.18,13.45,24,1112485.91,493650.77,06/15/2023,03/11/2023
1631,40,108,APPROVED,Trade Finance / Import,KES,12147203.06,93533.46,23.65,12,5016974.28,7130228.78,06-Jun-2023,01/14/2025
1632,359,112,RESTRUCTURED,Asset Finance,GBP,9431860.38,11978462.68,26.88,60,6613106.13,2818754.25,06-Feb-2020,10/22/2027
1633,798,108,fully paid,Education Finance,KES,17987036.27,138500.18,25.35,12,15936569.64,2050466.63,07/11/2022,2023-05-05
1634,1019,110,FULLY PAID,SME Working Capital,ZAR,4153227.51,228427.51,23.43,6,1155107.5,2998120.01,14-Oct-2021,17/06/2024
1635,1886,104,restructured,Personal Loan,NGN,18067684.63,11201.96,6.72,6,17251074.94,816609.69,2022-01-14,2024-10-25
1636,1972,102,FULLY PAID,Mortgage,NGN,12638329.41,7835.76,14.05,6,4221746.75,8416582.66,2020-08-10,11/03/2026
1637,1600,106,restructured,Auto Loan,GHS,17328769.82,1143698.81,9.3,36,3824142.62,13504627.2,10-May-2022,06/02/2023
1638,92,106,APPROVED,Mortgage,GHS,18673317.23,1232438.94,7.9,18,18340492.1,332825.13,23-Nov-2020,2023-01-30
1639,1155,106,pending review,Mortgage,GHS,7741707.45,510952.69,19.45,6,3770260.98,3971446.47,2021-04-14,30-Jul-2025
1640,1671,102,RESTRUCTURED,Agricultural Loan,NGN,9362300.18,5804.63,8.06,6,9240783.39,121516.79,10/09/2024,2026-10-23
1641,782,114,Fully Paid,Trade Finance / Import,AED,587921.01,159914.51,6.01,36,503311.58,84609.43,2021-10-04,12-Sep-2026
1642,1343,115,fully paid,Mortgage,USD,14746244.16,14746244.16,18.51,6,9601966.32,5144277.84,30-Apr-2021,2023-07-04
1643,1742,110,written off,Personal Loan,ZAR,827587.95,45517.34,25.48,60,361182.24,466405.71,07/27/2024,05/24/2023
1644,1273,115,Fully Paid,Asset Finance,USD,4889973.65,4889973.65,19.8,24,4205769.3,684204.35,11/13/2024,2023-04-23
1645,929,109,APPROVED,Personal Loan,KES,8074667.1,62174.94,4.18,36,5289795.86,2784871.24,07/07/2021,04/17/2026
1646,277,109,WRITTEN OFF,Asset Finance,KES,18738639.57,144287.52,15.82,18,7436536.8,11302102.77,10/12/2024,2025-01-02
1647,1169,104,RESTRUCTURED,Agricultural Loan,NGN,12665096.39,7852.36,20.52,36,6489742.67,6175353.72,2024-03-27,27-Feb-2024
1648,1096,110,defaulted,SME Working Capital,ZAR,223758.2,12306.7,7.98,24,155791.2,67967.0,04/09/2023,28-Jun-2027
1649,390,110,PENDING REVIEW,Trade Finance / Import,ZAR,14799296.36,813961.3,16.51,6,8930866.06,5868430.3,07/30/2023,2023-10-11
1650,456,115,restructured,Agricultural Loan,USD,5679952.84,5679952.84,14.5,12,1040788.81,4639164.03,09/20/2021,19-Jun-2024
1651,750,108, Active ,Personal Loan,KES,227698.89,1753.28,7.9,24,190267.72,37431.17,30-Nov-2022,02/19/2023
1652,306,108,pending review,Mortgage,KES,1505580.47,11592.97,13.73,60,1393020.22,112560.25,2023-07-01,2024-07-20
1653,185,104,APPROVED,Agricultural Loan,NGN,2488017.35,1542.57,19.84,6,1269905.17,1218112.18,22/11/2022,08/09/2023
1654,24,102,approved,SME Working Capital,NGN,14509051.72,8995.61,6.06,12,6964273.36,7544778.36,06/29/2023,2027-06-23
1655,1378,113,Fully Paid,SME Working Capital,EUR,12276105.49,13258193.93,13.54,48,7939564.3,4336541.19,2020-09-06,25/03/2026
1656,875,110,approved,Education Finance,ZAR,4241076.4,233259.2,15.17,12,2792930.08,1448146.32,12/08/2021,01/07/2025
1657,1237,113,defaulted,Asset Finance,EUR,336826.0,363772.08,17.29,60,67721.11,269104.89,01/26/2021,08-Aug-2026
1658,272,113,defaulted,Asset Finance,EUR,16266717.34,17568054.73,19.37,36,10311476.24,5955241.1,10/12/2020,2025-03-04
1659,1613,108,Fully Paid,Trade Finance / Import,KES,14296968.78,110086.66,8.27,24,13502089.28,794879.5,20/06/2024,07/08/2023
1660,1365,115,written off,Auto Loan,USD,1418635.4,1418635.4,9.36,12,622377.8,796257.6,02-Jun-2021,12/09/2027
1661,271,111,FULLY PAID,Auto Loan,ZAR,11558632.89,635724.81,11.68,48,4792657.16,6765975.73,09/24/2021,2026-08-24
1662,1605,109,written off,SME Working Capital,KES,11670460.59,89862.55,6.35,6,2979262.95,8691197.64,10/10/2022,22-Apr-2024
1663,88,112, Active ,Agricultural Loan,GBP,12412816.72,15764277.23,18.94,24,5639482.96,6773333.76,22/03/2023,09-Nov-2024
1664,474,106,APPROVED,Auto Loan,GHS,18888539.49,1246643.61,9.11,24,17647913.61,1240625.88,11/30/2020,2026-08-26
1665,1461,102,active,Trade Finance / Import,NGN,6576490.88,4077.42,21.19,48,179985.0,6396505.88,04/12/2022,07/04/2027
1666,1026,108, Active ,Auto Loan,KES,11116164.28,85594.46,25.94,48,5398326.96,5717837.32,21-Feb-2022,2024-11-17
1667,277,109,Fully Paid,Mortgage,KES,3430171.85,26412.32,15.44,60,879688.13,2550483.72,08/06/2023,22/04/2024
1668,317,111,PENDING REVIEW,Auto Loan,ZAR,5727751.33,315026.32,5.87,60,1879325.29,3848426.04,21-Dec-2024,2026-02-13
1669,1997,111,Fully Paid,Mortgage,ZAR,2551639.8,140340.19,10.9,36,2288210.57,263429.23,13/10/2021,26-Feb-2024
1670,62,107,APPROVED,Auto Loan,GHS,17365250.85,1146106.56,21.6,36,2914061.75,14451189.1,12/01/2020,20-May-2023
1671,1002,109,pending review,Auto Loan,KES,3568200.88,27475.15,24.23,36,117149.75,3451051.13,10/27/2020,20/02/2026
1672,1844,109,written off,Personal Loan,KES,5902577.63,45449.85,17.79,6,2793637.59,3108940.04,03/09/2024,04/20/2025
1673,1961,101,active,Mortgage,NGN,10866062.76,6736.96,4.4,24,5154715.84,5711346.92,10/04/2023,2024-09-26
1674,930,112,active,Mortgage,GBP,18077837.38,22958853.47,24.22,24,3380376.5,14697460.88,31/05/2020,2023-05-15
1675,581,101,approved,Personal Loan,NGN,5002662.53,3101.65,16.15,12,978748.34,4023914.19,2020-09-15,07-Mar-2026
1676,243,104,APPROVED,Personal Loan,NGN,7390682.24,4582.22,13.39,24,1009219.7,6381462.54,18-Jan-2024,09/17/2027
1677,1115,108,ACTIVE,Agricultural Loan,KES,5388747.71,41493.36,20.86,6,5186833.5,201914.21,09-Sep-2020,06/04/2025
1678,953,102,pending review,Mortgage,NGN,6582786.62,4081.33,8.05,18,5771655.9,811130.72,08-Jul-2021,2025-06-23
1679,711,104,Fully Paid,Auto Loan,NGN,7887126.54,4890.02,12.55,12,2934900.15,4952226.39,01/10/2020,31/03/2023
1680,1617,109,restructured,Agricultural Loan,KES,5189973.71,39962.8,25.19,60,4004948.06,1185025.65,03/23/2021,04/18/2025
1681,270,112,defaulted,Asset Finance,GBP,12884525.98,16363347.99,23.97,60,2235296.11,10649229.87,09/02/2024,18/08/2027
1682,1158,109,fully paid,Mortgage,KES,18515220.57,142567.2,20.6,60,6154229.37,12360991.2,2024-12-30,2026-05-18
1683,346,110,WRITTEN OFF,Mortgage,ZAR,16617306.34,913951.85,13.09,48,7968750.15,8648556.19,07/23/2023,16/12/2025
1684,26,103,defaulted,Personal Loan,NGN,8159633.26,5058.97,14.39,48,4320147.13,3839486.13,11-Oct-2020,02/03/2027
1685,861,107,fully paid,SME Working Capital,GHS,5971629.61,394127.55,21.64,24,576877.25,5394752.36,2021-04-27,2024-03-29
1686,1363,110,APPROVED,Auto Loan,ZAR,533583.15,29347.07,6.12,48,225385.71,308197.44,30-Mar-2020,2026-07-02
1687,1752,113,defaulted,Education Finance,EUR,14509853.9,15670642.21,7.8,12,4764052.02,9745801.88,18/02/2021,2024-06-27
1688,1391,109,active,Agricultural Loan,KES,5845841.09,45012.98,24.45,6,1275120.13,4570720.96,02/28/2020,29/03/2025
1689,974,106,written off,Auto Loan,GHS,11982171.93,790823.35,12.13,60,8957222.02,3024949.91,08/31/2022,2027-07-07
1690,1271,110,written off,Auto Loan,ZAR,15152576.81,833391.72,11.85,6,114015.65,15038561.16,10/12/2024,10/10/2025
1691,616,102,written off,Asset Finance,NGN,8441964.15,5234.02,24.4,6,6323847.74,2118116.41,2020-03-25,21/05/2024
1692,169,115,pending review,Auto Loan,USD,8289969.34,8289969.34,10.71,6,1973978.14,6315991.2,22-Jan-2023,17-Apr-2024
1693,1234,111,RESTRUCTURED,Auto Loan,ZAR,12718076.5,699494.21,15.36,36,5930458.98,6787617.52,09/16/2024,15-Nov-2024
1694,1648,103,pending review,Asset Finance,NGN,10026909.71,6216.68,5.54,48,2416270.67,7610639.04,22-Dec-2023,2025-08-14
1695,1891,107,written off,SME Working Capital,GHS,14356394.02,947522.01,10.32,60,11758856.32,2597537.7,12-Nov-2021,08/19/2023
1696,1376,113,RESTRUCTURED,Asset Finance,EUR,14301440.42,15445555.65,22.22,18,12805922.83,1495517.59,03/31/2024,2027-07-31
1697,1672,101,Fully Paid,Trade Finance / Import,NGN,6043304.44,3746.85,10.01,18,215791.45,5827512.99,12/03/2022,2026-12-12
1698,1439,113,DEFAULTED,SME Working Capital,EUR,125017.36,135018.75,9.6,60,35725.95,89291.41,05/02/2020,23-Apr-2026
1699,1025,108,written off,Asset Finance,KES,14180916.76,109193.06,12.66,24,1882577.96,12298338.8,04/15/2021,2023-05-17
1700,1333,101,RESTRUCTURED,Trade Finance / Import,NGN,14391257.34,8922.58,12.72,48,531488.57,13859768.77,22/11/2021,03-Feb-2024
1701,1389,104,WRITTEN OFF,Mortgage,NGN,5497450.88,3408.42,20.22,18,3734173.54,1763277.34,30-Mar-2020,09/01/2025
1702,1548,113,defaulted,Agricultural Loan,EUR,12544497.02,13548056.78,20.03,24,9672118.97,2872378.05,31-Dec-2021,04/05/2023
1703,765,114,RESTRUCTURED,Auto Loan,AED,4776875.39,1299310.11,18.49,18,4315895.28,460980.11,14/03/2021,05/31/2023
1704,1945,106,approved,Asset Finance,GHS,4656160.29,307306.58,16.09,60,1801307.62,2854852.67,27-Mar-2020,06/11/2025
1705,1844,109,WRITTEN OFF,Asset Finance,KES,11695642.98,90056.45,13.32,36,5828301.75,5867341.23,10/17/2024,07/20/2023
1706,1311,114,RESTRUCTURED,Education Finance,AED,6735771.93,1832129.96,12.63,12,4780234.88,1955537.05,05/06/2022,24-Dec-2027
1707,168,108,DEFAULTED,Education Finance,KES,6587124.13,50720.86,18.61,6,3002940.62,3584183.51,06-Oct-2022,12/29/2026
1708,606,111, Active ,Education Finance,ZAR,18477060.23,1016238.31,17.69,36,16570852.24,1906207.99,03/13/2024,11/18/2023
1709,820,101,restructured,Auto Loan,NGN,7582639.61,4701.24,17.94,60,2327350.55,5255289.06,24/10/2023,06-Aug-2024
1710,1447,105,ACTIVE,Auto Loan,NGN,2117876.24,1313.08,14.94,48,1220241.77,897634.47,14/12/2021,10/04/2024
1711,139,104,written off,SME Working Capital,NGN,2996711.53,1857.96,18.65,48,1441045.04,1555666.49,21-Jun-2020,2023-06-15
1712,1856,110,defaulted,Trade Finance / Import,ZAR,10486786.13,576773.24,18.92,18,1175432.61,9311353.52,14-Feb-2024,06/22/2026
1713,389,107,written off,Auto Loan,GHS,7614514.06,502557.93,24.47,12,1560779.88,6053734.18,2022-11-29,05/10/2027
1714,364,104,ACTIVE,Mortgage,NGN,11118845.76,6893.68,7.59,60,10398547.65,720298.11,05/10/2022,23-Jan-2024
1715,889,107,DEFAULTED,Mortgage,GHS,19915804.66,1314443.11,6.67,48,10645693.47,9270111.19,10/15/2021,01-Feb-2026
1716,258,109, Active ,Trade Finance / Import,KES,13384881.69,103063.59,14.93,48,3205414.06,10179467.63,06/04/2023,27-Aug-2027
1717,1135,106,restructured,Agricultural Loan,GHS,1066609.62,70396.23,18.31,18,559340.21,507269.41,27/01/2020,13-Sep-2027
1718,598,111,ACTIVE,Personal Loan,ZAR,2263761.9,124506.9,25.92,24,551266.07,1712495.83,05/17/2022,07/14/2024
1719,148,101,FULLY PAID,Personal Loan,NGN,8456293.86,5242.9,12.92,60,7023020.44,1433273.42,2021-12-29,2023-04-19
1720,1852,104,fully paid,Personal Loan,NGN,6031472.11,3739.51,12.22,48,1533609.73,4497862.38,2020-05-11,05/07/2026
1721,288,101,approved,Auto Loan,NGN,9138902.84,5666.12,9.67,6,6606974.49,2531928.35,2024-11-27,25-Sep-2025
1722,494,102,approved,Trade Finance / Import,NGN,506915.55,314.29,20.68,60,255335.81,251579.74,29-Sep-2023,2023-03-26
1723,1994,115,restructured,Asset Finance,USD,5667145.28,5667145.28,20.33,36,1861505.96,3805639.32,06/10/2022,2024-03-07
1724,839,104, Active ,Education Finance,NGN,5517108.88,3420.61,8.82,60,2676841.44,2840267.44,2022-05-10,15/05/2027
1725,1036,103,APPROVED,Trade Finance / Import,NGN,2637034.09,1634.96,5.38,24,1667964.49,969069.6,2024-04-23,2026-03-25
1726,1501,108,ACTIVE,Auto Loan,KES,11939252.94,91932.25,25.95,60,954321.18,10984931.76,10/28/2022,2023-05-10
1727,1381,114,approved,Asset Finance,AED,13701878.28,3726910.89,16.16,18,9649175.72,4052702.56,2024-09-13,07/18/2023
1728,713,103,Fully Paid,Personal Loan,NGN,2711162.4,1680.92,21.47,48,2696479.23,14683.17,29-Jul-2020,10-Nov-2025
1729,1192,102,active,Auto Loan,NGN,16592601.74,10287.41,14.63,18,5679675.44,10912926.3,04-May-2023,20-Aug-2027
1730,757,108,ACTIVE,Agricultural Loan,KES,15456540.35,119015.36,16.02,12,1260380.16,14196160.19,06/13/2020,16-Jun-2025
1731,1397,113,approved,Trade Finance / Import,EUR,4048431.86,4372306.41,9.05,6,3665949.84,382482.02,05/25/2023,02/07/2026
1732,1786,102,FULLY PAID,Auto Loan,NGN,5534495.39,3431.39,27.02,12,1854149.36,3680346.03,06/08/2021,24-Oct-2023
1733,188,113,approved,Trade Finance / Import,EUR,10039052.92,10842177.15,19.18,24,6601272.57,3437780.35,17/05/2024,04/28/2027
1734,1049,109,DEFAULTED,Agricultural Loan,KES,17075962.76,131484.91,22.63,12,9960453.81,7115508.95,19/12/2023,08/08/2024
1735,826,108,Fully Paid,Asset Finance,KES,15484583.89,119231.3,11.2,60,8210023.72,7274560.17,2022-02-08,2023-03-31
1736,840,104,APPROVED,Auto Loan,NGN,4204715.89,2606.92,26.95,36,1098088.12,3106627.77,2021-03-13,2026-01-02
1737,1491,107,fully paid,Mortgage,GHS,7207189.99,475674.54,16.37,6,1280489.22,5926700.77,03/02/2022,15-Jun-2024
1738,1671,102,defaulted,Agricultural Loan,NGN,5451513.45,3379.94,9.04,18,5247039.89,204473.56,18-Oct-2022,10-Aug-2025
1739,854,114,DEFAULTED,Personal Loan,AED,9970798.64,2712057.23,15.08,18,3937215.66,6033582.98,04-Oct-2022,03/13/2027
1740,1999,109,approved,Education Finance,KES,11096717.75,85444.73,14.44,6,5069914.49,6026803.26,07/28/2021,09/01/2027
1741,1924,106,written off,Education Finance,GHS,9828096.51,648654.37,13.16,6,6260402.11,3567694.4,2023-10-17,07/15/2023
1742,1109,106,DEFAULTED,Trade Finance / Import,GHS,11351908.53,749225.96,17.12,60,3767038.99,7584869.54,10/20/2022,09-Feb-2026
1743,1078,109,ACTIVE,Trade Finance / Import,KES,19951582.55,153627.19,20.42,36,19382457.12,569125.43,02/08/2022,02/04/2023
1744,931,113,defaulted,Trade Finance / Import,EUR,11474958.5,12392955.18,26.82,6,7629609.43,3845349.07,08/26/2021,27-May-2025
1745,1191,113, Active ,Trade Finance / Import,EUR,2332741.12,2519360.41,17.13,48,426893.44,1905847.68,2023-07-23,2023-08-23
1746,1024,105,restructured,Asset Finance,NGN,107510.07,66.66,27.58,60,91188.35,16321.72,09/01/2024,14-Dec-2023
1747,1934,103,APPROVED,Personal Loan,NGN,248122.89,153.84,19.17,48,59173.03,188949.86,2022-11-17,2026-03-06
1748,614,107, Active ,Agricultural Loan,GHS,16580422.49,1094307.88,10.41,18,6704831.5,9875590.99,10/21/2024,03/14/2023
1749,1777,114,PENDING REVIEW,Trade Finance / Import,AED,17271087.55,4697735.81,17.4,24,14557986.07,2713101.48,19/03/2020,28/10/2023
1750,1248,106,approved,Trade Finance / Import,GHS,17144555.9,1131540.69,20.65,24,2424302.64,14720253.26,06-Jan-2021,2025-01-03
1751,1088,114,DEFAULTED,Trade Finance / Import,AED,10761894.31,2927235.25,25.01,60,324417.08,10437477.23,21-Aug-2022,2027-02-21
1752,1528,106,ACTIVE,Auto Loan,GHS,2109524.3,139228.6,21.99,48,54749.58,2054774.72,12/22/2023,2023-02-04
1753,1317,101,pending review,Mortgage,NGN,14207581.21,8808.7,8.15,24,8079619.71,6127961.5,10/03/2023,26/06/2025
1754,1247,105,ACTIVE,Education Finance,NGN,7843303.12,4862.85,21.6,12,4078866.29,3764436.83,03/29/2024,21/12/2026
1755,565,113,PENDING REVIEW,Auto Loan,EUR,14544236.94,15707775.9,24.49,12,7022603.22,7521633.72,03/07/2020,02-Jan-2025
1756,11,101,pending review,Trade Finance / Import,NGN,15474631.84,9594.27,19.51,36,7865246.94,7609384.9,14/04/2024,2023-03-04
1757,274,106,approved,Asset Finance,GHS,15174758.18,1001534.04,25.24,6,1168883.18,14005875.0,2024-12-31,2024-08-26
1758,514,108,WRITTEN OFF,Trade Finance / Import,KES,7742347.17,59616.07,7.49,60,953899.05,6788448.12,09/12/2023,19-Oct-2023
1759,807,115,active,Mortgage,USD,6168593.42,6168593.42,6.15,6,4998632.38,1169961.04,2022-10-04,27/12/2023
1760,554,102,defaulted,Agricultural Loan,NGN,18885008.86,11708.71,16.43,36,6431228.73,12453780.13,12/12/2023,28/03/2027
1761,857,108,WRITTEN OFF,Mortgage,KES,11699007.06,90082.35,24.77,24,9302014.74,2396992.32,12/10/2023,2024-01-25
1762,1988,110,PENDING REVIEW,Trade Finance / Import,ZAR,15061069.33,828358.81,14.6,48,2438431.05,12622638.28,22-May-2022,28/05/2027
1763,813,102,PENDING REVIEW,Trade Finance / Import,NGN,17953446.45,11131.14,15.51,36,6164177.11,11789269.34,02/11/2024,2024-03-23
1764,45,108, Active ,Trade Finance / Import,KES,2286548.71,17606.43,22.42,36,706184.57,1580364.14,26/02/2024,07/10/2023
1765,1455,109,DEFAULTED,Asset Finance,KES,12657609.9,97463.6,7.64,18,915095.18,11742514.72,03/10/2022,2027-12-12
1766,1525,105,ACTIVE,Asset Finance,NGN,947374.52,587.37,25.59,36,307590.84,639783.68,01/03/2024,22-May-2026
1767,1328,113,written off,Trade Finance / Import,EUR,1666815.71,1800160.97,14.52,24,1260759.76,406055.95,11/12/2024,2025-08-22
1768,1864,106,written off,Trade Finance / Import,GHS,10804698.22,713110.08,20.41,60,4359063.45,6445634.77,17-Aug-2023,08/03/2027
1769,1418,110,Fully Paid,Agricultural Loan,ZAR,16844186.37,926430.25,4.46,6,156583.28,16687603.09,05/03/2022,15/09/2023
1770,487,115,RESTRUCTURED,Personal Loan,USD,6249990.93,6249990.93,7.28,18,2327357.88,3922633.05,2020-02-13,10-May-2025
1771,1345,111,restructured,Trade Finance / Import,ZAR,3102658.36,170646.21,26.72,18,2216716.27,885942.09,06-Jan-2023,13-Oct-2026
1772,302,106,restructured,Trade Finance / Import,GHS,5198150.69,343077.95,6.12,18,266738.45,4931412.24,07/22/2020,2025-06-19
1773,1610,101,restructured,Auto Loan,NGN,10174553.59,6308.22,10.85,36,3577183.24,6597370.35,2021-07-29,2027-09-27
1774,1904,112,written off,Trade Finance / Import,GBP,11403174.71,14482031.88,8.16,36,2727182.36,8675992.35,05/04/2021,2024-09-09
1775,608,107,active,Mortgage,GHS,10425554.37,688086.59,25.04,36,1590831.72,8834722.65,02/10/2022,2027-02-10
1776,985,111, Active ,Trade Finance / Import,ZAR,13913169.36,765224.31,12.51,6,12498969.15,1414200.21,27/02/2024,10/29/2025
1777,51,101,active,Asset Finance,NGN,17189847.62,10657.71,19.42,60,3447095.66,13742751.96,2022-02-21,04-Jul-2024
1778,1824,102,FULLY PAID,Asset Finance,NGN,2184587.99,1354.44,16.21,12,392654.23,1791933.76,2023-05-01,23/10/2024
1779,1872,104,fully paid,Trade Finance / Import,NGN,1993944.21,1236.25,21.39,48,984171.82,1009772.39,2022-02-02,2026-08-25
1780,52,110,approved,Trade Finance / Import,ZAR,3506445.13,192854.48,24.35,60,396073.46,3110371.67,04/14/2024,29/05/2024
1781,920,112,RESTRUCTURED,SME Working Capital,GBP,10134652.85,12871009.12,24.39,48,6164387.22,3970265.63,2024-07-21,14/04/2024
1782,1021,103,fully paid,Personal Loan,NGN,8504751.73,5272.95,7.85,18,6586179.4,1918572.33,03/03/2021,03/11/2023
1783,1216,107,pending review,Auto Loan,GHS,1131328.59,74667.69,7.47,24,565519.51,565809.08,2023-02-24,03/24/2027
1784,468,113,approved,Education Finance,EUR,5553304.07,5997568.4,26.49,18,295435.08,5257868.99,05/24/2022,28/09/2026
1785,1077,106,fully paid,Trade Finance / Import,GHS,10758233.76,710043.43,20.27,12,7625424.05,3132809.71,01-Aug-2021,06/08/2027
1786,435,110,restructured,Agricultural Loan,ZAR,5898684.06,324427.62,16.48,24,2507000.64,3391683.42,06/09/2024,2025-07-29
1787,1309,103,Fully Paid,Education Finance,NGN,8298070.3,5144.8,15.29,48,4602173.22,3695897.08,13/01/2022,05/28/2023
1788,499,109,fully paid,Trade Finance / Import,KES,1191822.33,9177.03,14.45,12,1125610.57,66211.76,05/14/2021,01/05/2027
1789,415,114,written off,Asset Finance,AED,10149232.79,2760591.32,22.21,48,1699067.95,8450164.84,19-Aug-2022,21/03/2024
1790,1966,110,restructured,Education Finance,ZAR,14681553.28,807485.43,9.26,60,8265505.9,6416047.38,05/13/2021,07/06/2023
1791,1489,104,pending review,Mortgage,NGN,1110802.2,688.7,9.4,36,200695.82,910106.38,2020-01-19,05/04/2023
1792,99,114,active,Education Finance,AED,10612602.05,2886627.76,24.62,36,1197900.54,9414701.51,09-Feb-2021,07-Apr-2023
1793,888,114,APPROVED,Mortgage,AED,15012997.3,4083535.27,21.61,6,3119363.8,11893633.5,04/15/2021,2027-11-23
1794,716,107,pending review,SME Working Capital,GHS,9167108.61,605029.17,8.08,18,1425362.34,7741746.27,2022-07-06,11/06/2027
1795,670,112,approved,Asset Finance,GBP,5547481.26,7045301.2,4.88,36,1586073.66,3961407.6,05/10/2023,10/17/2025
1796,23,104,WRITTEN OFF,Agricultural Loan,NGN,17835690.8,11058.13,25.29,36,15114930.24,2720760.56,13/06/2020,2027-12-31
1797,31,103, Active ,Auto Loan,NGN,19648357.47,12181.98,16.61,36,11853341.56,7795015.91,15/03/2024,04/06/2026
1798,1449,115,fully paid,Trade Finance / Import,USD,19705929.91,19705929.91,18.22,48,1435374.6,18270555.31,2020-01-13,02/20/2024
1799,1765,114,RESTRUCTURED,Asset Finance,AED,14457715.81,3932498.7,20.25,36,4285350.55,10172365.26,2022-04-13,2023-11-30
1800,1256,112,active,Auto Loan,GBP,16264941.89,20656476.2,14.67,24,13972865.66,2292076.23,19-Mar-2022,30-Aug-2023
1801,1490,104,restructured,Trade Finance / Import,NGN,12223954.24,7578.85,10.38,12,7055529.11,5168425.13,19/12/2020,26-Apr-2024
1802,224,114,ACTIVE,Mortgage,AED,1243469.34,338223.66,16.58,6,750258.81,493210.53,16/01/2020,2027-08-18
1803,147,111,APPROVED,Agricultural Loan,ZAR,10567626.25,581219.44,7.5,24,4325302.85,6242323.4,19/03/2023,2027-10-30
1804,1512,112,Fully Paid,Asset Finance,GBP,13621814.35,17299704.22,4.11,24,9314399.18,4307415.17,13-Jan-2020,11/16/2025
1805,1581,104,ACTIVE,Education Finance,NGN,4889013.76,3031.19,5.48,60,3235954.45,1653059.31,08/23/2024,2026-04-20
1806,1398,111, Active ,Trade Finance / Import,ZAR,15638471.42,860115.93,12.73,60,10368943.28,5269528.14,2022-05-13,16-Feb-2026
1807,122,107,approved,Auto Loan,GHS,19539272.55,1289591.99,24.89,48,3279782.05,16259490.5,05/24/2021,02/25/2027
1808,591,114,pending review,Trade Finance / Import,AED,896650.39,243888.91,6.77,48,355348.68,541301.71,2020-08-07,23/03/2027
1809,1949,113,RESTRUCTURED,Asset Finance,EUR,845478.97,913117.29,24.53,12,572991.25,272487.72,30-Dec-2024,23/07/2025
1810,374,112,FULLY PAID,Asset Finance,GBP,11176852.4,14194602.55,8.48,36,70889.46,11105962.94,22-Aug-2024,08/14/2023
1811,1678,113,approved,Agricultural Loan,EUR,2888353.69,3119421.99,27.04,36,2558136.46,330217.23,2020-08-04,06/18/2023
1812,1942,107, Active ,Auto Loan,GHS,10537101.68,695448.71,23.36,48,10505632.98,31468.7,05-Oct-2024,11/10/2025
1813,1925,115,PENDING REVIEW,Trade Finance / Import,USD,12498236.03,12498236.03,26.03,6,12207393.65,290842.38,2024-12-11,08-Nov-2025
1814,1392,109,PENDING REVIEW,Personal Loan,KES,11436029.31,88057.43,25.74,48,7086094.76,4349934.55,26-Jul-2023,07/19/2026
1815,771,114,fully paid,Education Finance,AED,15233843.74,4143605.5,14.13,12,13281857.38,1951986.36,04/27/2022,2024-02-28
1816,669,107,FULLY PAID,Personal Loan,GHS,205973.5,13594.25,25.88,6,179491.37,26482.13,2020-03-27,08-May-2026
1817,1473,113,pending review,Education Finance,EUR,12906086.89,13938573.84,11.19,24,1501629.97,11404456.92,10-Dec-2024,13-Feb-2024
1818,748,107,pending review,Mortgage,GHS,10478348.9,691571.03,11.56,24,7241956.35,3236392.55,09/24/2020,28/03/2027
1819,589,110,active,SME Working Capital,ZAR,17329455.2,953120.04,11.64,36,11261668.05,6067787.15,22/07/2021,07/19/2026
1820,1871,107,Fully Paid,Education Finance,GHS,18055046.77,1191633.09,24.78,36,8329635.48,9725411.29,16/04/2023,17-Oct-2026
1821,706,106,ACTIVE,Asset Finance,GHS,3834407.48,253070.89,6.55,36,2164909.14,1669498.34,04/09/2023,05/04/2027
1822,988,110,restructured,Auto Loan,ZAR,3063980.44,168518.92,19.84,24,97489.52,2966490.92,02/02/2021,03-Jun-2027
1823,1530,106,ACTIVE,Trade Finance / Import,GHS,17475254.51,1153366.8,22.77,12,8120853.29,9354401.22,2021-08-08,2024-09-03
1824,1858,114,RESTRUCTURED,Education Finance,AED,16229225.81,4414349.42,20.2,24,14145285.53,2083940.28,02-Apr-2021,31/05/2023
1825,1932,108,restructured,Mortgage,KES,15759363.26,121347.1,6.28,60,10851923.31,4907439.95,04-Oct-2021,10/31/2025
1826,704,111,restructured,Trade Finance / Import,ZAR,9646873.96,530578.07,20.19,36,9167178.81,479695.15,03-Jun-2023,04/13/2026
1827,830,107,approved,Agricultural Loan,GHS,13939058.81,919977.88,19.31,12,4139221.8,9799837.01,2023-08-19,08/05/2026
1828,1010,110,WRITTEN OFF,Trade Finance / Import,ZAR,6626400.31,364452.02,18.83,18,4372106.44,2254293.87,2023-08-26,19/12/2025
1829,1612,101,fully paid,SME Working Capital,NGN,16607668.47,10296.75,5.77,36,3868827.63,12738840.84,2024-10-14,10/06/2027
1830,1851,109,defaulted,Personal Loan,KES,17665451.74,136023.98,22.31,60,8668827.3,8996624.44,04-Nov-2020,31/10/2025
1831,81,105,WRITTEN OFF,Agricultural Loan,NGN,7854315.63,4869.68,25.06,12,5128149.54,2726166.09,15/08/2024,12-Nov-2025
1832,1234,111,RESTRUCTURED,Mortgage,ZAR,9430964.0,518703.02,25.65,24,2965164.22,6465799.78,18-Jan-2024,15/05/2023
1833,1629,106,PENDING REVIEW,Agricultural Loan,GHS,15915116.04,1050397.66,16.02,24,15795947.46,119168.58,12/01/2023,11/29/2023
1834,1624,115,APPROVED,Trade Finance / Import,USD,3111294.71,3111294.71,22.01,6,1258976.26,1852318.45,29/12/2023,2023-02-06
1835,1509,111,fully paid,Personal Loan,ZAR,10124783.66,556863.1,21.28,18,9689182.71,435600.95,27-Jun-2022,2023-12-21
1836,199,106,APPROVED,SME Working Capital,GHS,2307924.74,152323.03,19.22,60,1865363.91,442560.83,11/09/2022,2027-11-08
1837,1352,104,defaulted,Auto Loan,NGN,15240013.5,9448.81,23.57,12,3176980.46,12063033.04,11-Oct-2021,2025-01-21
1838,1271,110,approved,SME Working Capital,ZAR,1702558.06,93640.69,4.05,12,142526.28,1560031.78,03/03/2022,2024-05-26
1839,391,106,written off,Education Finance,GHS,17248565.24,1138405.31,18.56,36,2575338.78,14673226.46,01-Aug-2023,21-Jul-2025
1840,88,112,written off,Education Finance,GBP,3646415.62,4630947.84,22.89,36,3415988.04,230427.58,27/10/2023,2025-08-24
1841,344,113,ACTIVE,Trade Finance / Import,EUR,516524.55,557846.51,21.34,36,181775.95,334748.6,01/21/2022,07/04/2024
1842,401,103,pending review,Mortgage,NGN,16341534.26,10131.75,7.41,36,5400571.85,10940962.41,22-Jan-2023,12/01/2026
1843,128,108,ACTIVE,Mortgage,KES,12201189.7,93949.16,24.46,6,2935058.01,9266131.69,2023-04-09,07-Oct-2027
1844,1974,101,active,Auto Loan,NGN,12226347.02,7580.34,7.14,36,9759152.48,2467194.54,08/05/2022,06-Oct-2027
1845,1158,109,RESTRUCTURED,Mortgage,KES,2213715.71,17045.61,23.77,24,2164439.81,49275.9,2021-03-13,25/06/2023
1846,171,103,PENDING REVIEW,Agricultural Loan,NGN,7881864.15,4886.76,9.13,48,7327011.31,554852.84,29-Apr-2020,09/05/2027
1847,1373,105,WRITTEN OFF,Auto Loan,NGN,762241.99,472.59,23.64,36,525527.34,236714.65,25/05/2022,2023-10-03
1848,1729,113,DEFAULTED,Personal Loan,EUR,8500059.4,9180064.15,24.79,48,3356543.32,5143516.08,07/20/2020,2024-08-09
1849,1420,101,Fully Paid,SME Working Capital,NGN,2620505.83,1624.71,6.12,12,1285946.59,1334559.24,07/02/2021,05/05/2025
1850,765,114,written off,Agricultural Loan,AED,3868103.47,1052124.14,18.7,48,1153738.11,2714365.36,31-Aug-2022,25-Jan-2026
1851,36,114,defaulted,SME Working Capital,AED,18736185.13,5096242.36,7.07,12,16452449.44,2283735.69,06-Feb-2023,02/18/2026
1852,1631,101,FULLY PAID,Agricultural Loan,NGN,19647692.5,12181.57,11.81,24,10822920.66,8824771.84,2024-07-22,12/27/2026
1853,971,105,WRITTEN OFF,Asset Finance,NGN,18016575.14,11170.28,12.57,18,10474550.71,7542024.43,06/21/2023,11-Jun-2026
1854,177,101,PENDING REVIEW,Auto Loan,NGN,9101842.71,5643.14,15.2,36,2348722.84,6753119.87,2020-09-04,09/10/2027
1855,1950,105,restructured,Asset Finance,NGN,11500216.83,7130.13,11.98,18,702080.69,10798136.14,24/04/2023,01/11/2024
1856,1260,105,APPROVED,Education Finance,NGN,13898590.18,8617.13,11.62,18,331932.98,13566657.2,29/07/2023,05/29/2025
1857,915,109,defaulted,Trade Finance / Import,KES,13478491.04,103784.38,14.38,60,2407592.86,11070898.18,25-Sep-2022,2023-05-12
1858,1462,106,pending review,Auto Loan,GHS,18815864.02,1241847.03,7.66,48,735029.74,18080834.28,06/10/2024,10-May-2026
1859,931,113,restructured,Personal Loan,EUR,6629242.2,7159581.58,24.78,60,1233477.76,5395764.44,15/01/2021,2025-09-01
1860,849,115,defaulted,Trade Finance / Import,USD,7711758.04,7711758.04,4.73,24,5145903.78,2565854.26,2020-07-12,12/04/2025
1861,1644,106,written off,Agricultural Loan,GHS,16749962.99,1105497.56,12.8,18,10532499.28,6217463.71,2024-03-17,17-Sep-2025
1862,1774,104,RESTRUCTURED,SME Working Capital,NGN,7794544.38,4832.62,21.34,36,2265268.79,5529275.59,2024-11-07,28/10/2026
1863,788,112,pending review,SME Working Capital,GBP,15763464.72,20019600.19,17.49,60,15699099.64,64365.08,05/19/2021,06/12/2026
1864,1542,115,PENDING REVIEW,Agricultural Loan,USD,853466.05,853466.05,22.75,24,736254.58,117211.47,24-Apr-2023,02/03/2025
1865,267,115,pending review,SME Working Capital,USD,17466764.89,17466764.89,23.5,36,7725968.32,9740796.57,05/24/2020,24/07/2023
1866,1547,114,APPROVED,Personal Loan,AED,19253331.48,5236906.16,10.32,48,4485142.87,14768188.61,21/10/2024,2024-02-02
1867,191,103,defaulted,Trade Finance / Import,NGN,15925392.08,9873.74,9.6,36,1049990.1,14875401.98,13-Aug-2024,2027-08-23
1868,1347,112,FULLY PAID,Asset Finance,GBP,6772935.94,8601628.64,16.27,48,5138828.94,1634107.0,02/06/2020,2023-12-17
1869,1091,101,Fully Paid,Education Finance,NGN,17472096.42,10832.7,9.25,60,6685187.39,10786909.03,20-May-2024,07/19/2027
1870,1649,109,fully paid,Asset Finance,KES,1175659.52,9052.58,22.39,36,993153.9,182505.62,2024-10-08,26-Feb-2027
1871,669,107,ACTIVE,Mortgage,GHS,11737484.02,774673.95,16.69,18,8876272.74,2861211.28,2024-01-25,16/11/2024
1872,1738,115, Active ,Asset Finance,USD,4592043.36,4592043.36,22.33,12,4281747.53,310295.83,28-Mar-2021,09-Jun-2027
1873,936,103,APPROVED,Asset Finance,NGN,16643489.7,10318.96,20.6,18,7659938.43,8983551.27,29/11/2022,2023-10-02
1874,419,109,written off,Education Finance,KES,18460116.89,142142.9,22.5,24,9197874.33,9262242.56,04/08/2020,07/23/2025
1875,243,104,fully paid,Asset Finance,NGN,2224693.32,1379.31,8.1,18,1164013.93,1060679.39,2024-10-16,06/18/2023
1876,1598,112,written off,Agricultural Loan,GBP,6842137.3,8689514.37,7.72,60,6137783.47,704353.83,19-Feb-2021,2026-07-27
1877,213,111,fully paid,Trade Finance / Import,ZAR,19336885.58,1063528.71,10.99,60,18472685.09,864200.49,07-Jun-2023,16-Mar-2025
1878,1302,108,approved,SME Working Capital,KES,5192888.96,39985.24,5.47,12,5091181.47,101707.49,12-Sep-2022,05/10/2026
1879,1080,108,FULLY PAID,Agricultural Loan,KES,8665584.47,66725.0,8.89,60,3471591.27,5193993.2,05/02/2021,15/08/2023
1880,1679,112,WRITTEN OFF,Education Finance,GBP,1575699.66,2001138.57,24.18,24,1491446.33,84253.33,2020-02-26,18/11/2024
1881,1680,109,pending review,Asset Finance,KES,4695788.83,36157.57,15.22,24,2214845.13,2480943.7,07/27/2021,2027-04-14
1882,826,108,approved,Personal Loan,KES,12524985.28,96442.39,27.37,48,7626723.55,4898261.73,16-Dec-2020,30-Oct-2027
1883,32,111, Active ,Mortgage,ZAR,1834305.4,100886.8,22.19,18,1652231.1,182074.3,2022-02-15,2027-03-29
1884,200,102,restructured,Personal Loan,NGN,17723308.58,10988.45,25.64,24,1198237.16,16525071.42,2023-03-02,2026-05-25
1885,1774,104,Fully Paid,Agricultural Loan,NGN,9804253.37,6078.64,17.06,60,8515616.52,1288636.85,27-Aug-2022,10-Jul-2026
1886,496,109,APPROVED,Agricultural Loan,KES,2162685.81,16652.68,5.2,6,327486.25,1835199.56,08/23/2023,29-Jul-2026
1887,1185,112,active,Agricultural Loan,GBP,9913505.41,12590151.87,21.68,48,5368417.77,4545087.64,22/04/2021,05/11/2027
1888,1959,105,RESTRUCTURED,Asset Finance,NGN,19857670.02,12311.76,6.51,6,6452405.11,13405264.91,2021-07-06,01-May-2026
1889,1093,109, Active ,Asset Finance,KES,2097700.58,16152.29,21.73,18,2008771.33,88929.25,2022-07-05,2025-07-23
1890,1140,101,DEFAULTED,Agricultural Loan,NGN,18295341.02,11343.11,21.27,48,16794756.69,1500584.33,28-Mar-2021,21/05/2027
1891,1271,110,RESTRUCTURED,Agricultural Loan,ZAR,19547368.09,1075105.24,13.6,60,9498823.58,10048544.51,07/20/2022,10/17/2025
1892,657,110, Active ,SME Working Capital,ZAR,716736.67,39420.52,16.05,12,598259.57,118477.1,14-Jul-2023,15-Nov-2024
1893,1171,105,written off,Agricultural Loan,NGN,3497051.02,2168.17,13.85,60,2726686.34,770364.68,06/11/2022,05/11/2027
1894,909,104,APPROVED,Agricultural Loan,NGN,3512198.24,2177.56,7.33,12,2644023.99,868174.25,15/09/2022,04-Apr-2023
1895,1218,115,APPROVED,Education Finance,USD,2503059.94,2503059.94,10.25,18,1019482.14,1483577.8,06/25/2023,02/01/2026
1896,1232,103,Fully Paid,Trade Finance / Import,NGN,14789722.3,9169.63,15.6,24,9520076.17,5269646.13,20-Dec-2022,17-Nov-2026
1897,1970,108,fully paid,Personal Loan,KES,2798430.72,21547.92,16.87,60,1485067.63,1313363.09,07/03/2022,20/09/2027
1898,861,107,defaulted,Personal Loan,GHS,8818776.26,582039.23,12.74,36,3487624.67,5331151.59,11/06/2023,2023-10-31
1899,1047,103,FULLY PAID,Education Finance,NGN,1724599.58,1069.25,12.01,36,490087.0,1234512.58,01/05/2024,2026-07-12
1900,379,112,PENDING REVIEW,Auto Loan,GBP,12252895.64,15561177.46,14.87,12,11709222.81,543672.83,18-Feb-2021,06-Aug-2026
1901,1158,109,Fully Paid,Personal Loan,KES,1038323.43,7995.09,26.64,36,747800.38,290523.05,09-Apr-2022,06/28/2027
1902,1018,108,APPROVED,Auto Loan,KES,4430556.52,34115.29,6.78,60,3648813.76,781742.76,12/13/2023,30-Aug-2024
1903,1571,106, Active ,Auto Loan,GHS,3477159.06,229492.5,6.61,18,2566367.84,910791.22,07/27/2021,16-May-2023
1904,496,109,DEFAULTED,Asset Finance,KES,5956381.99,45864.14,27.34,24,5076184.61,880197.38,2024-03-24,21-Sep-2024
1905,1551,113,PENDING REVIEW,Asset Finance,EUR,5690589.75,6145836.93,13.81,48,1094399.37,4596190.38,08-Oct-2023,08/01/2027
1906,1917,108,active,Asset Finance,KES,3580017.44,27566.13,26.99,12,90858.95,3489158.49,12/11/2022,2027-04-22
1907,31,103,APPROVED,Mortgage,NGN,1502299.72,931.43,7.7,48,264055.6,1238244.12,03-Aug-2022,07/02/2025
1908,348,104,ACTIVE,SME Working Capital,NGN,17537740.96,10873.4,26.48,12,12826499.38,4711241.58,13-Dec-2024,25/01/2025
1909,1144,108,defaulted,Auto Loan,KES,11578169.53,89151.91,10.06,18,6021065.95,5557103.58,17-Aug-2020,09-Jan-2026
1910,531,111,FULLY PAID,Mortgage,ZAR,9325131.03,512882.21,15.1,48,3375843.04,5949287.99,06/04/2023,04/25/2024
1911,687,104,defaulted,Agricultural Loan,NGN,14595722.95,9049.35,6.33,6,2267101.24,12328621.71,2023-03-25,13/06/2023
1912,1927,102,WRITTEN OFF,Auto Loan,NGN,18402483.75,11409.54,13.37,24,2722647.02,15679836.73,07/03/2020,2027-11-30
1913,107,110,FULLY PAID,Asset Finance,ZAR,16221483.74,892181.61,11.41,48,13707551.09,2513932.65,15/04/2020,2023-09-04
1914,1132,115,written off,Mortgage,USD,12597681.87,12597681.87,15.79,6,1369226.87,11228455.0,04/10/2023,19/02/2024
1915,893,115,RESTRUCTURED,Mortgage,USD,803204.02,803204.02,20.42,60,18197.8,785006.22,09-Jul-2024,20/12/2027
1916,464,103,approved,Auto Loan,NGN,17678325.91,10960.56,18.07,6,16763957.02,914368.89,11/19/2022,22/05/2023
1917,887,112,fully paid,Mortgage,GBP,16720955.16,21235613.05,17.78,12,1607072.47,15113882.69,23/08/2022,11/20/2025
1918,1705,102,written off,SME Working Capital,NGN,2193955.87,1360.25,4.94,18,1808917.38,385038.49,25-Dec-2022,30/07/2025
1919,1253,104,Fully Paid,Education Finance,NGN,6794388.78,4212.52,16.93,18,245339.7,6549049.08,02/09/2022,06/15/2023
1920,1357,101,FULLY PAID,Trade Finance / Import,NGN,14772613.16,9159.02,20.64,60,13547403.47,1225209.69,10/04/2023,19-Aug-2023
1921,439,113,fully paid,SME Working Capital,EUR,10664108.25,11517236.91,5.05,60,8383753.42,2280354.83,2024-10-25,26-Jan-2027
1922,1659,105,ACTIVE,SME Working Capital,NGN,1187596.42,736.31,10.36,48,430377.92,757218.5,19-Jan-2022,07/07/2025
1923,92,106,RESTRUCTURED,Mortgage,GHS,7513437.05,495886.85,18.71,36,5062136.04,2451301.01,21/05/2024,2025-11-28
1924,1550,111,pending review,Agricultural Loan,ZAR,13159899.33,723794.46,22.49,12,12491956.79,667942.54,02/08/2024,2026-09-16
1925,1603,108, Active ,Trade Finance / Import,KES,11946891.3,91991.06,16.79,6,11033500.4,913390.9,24-Mar-2024,29-Apr-2026
1926,47,103,DEFAULTED,Personal Loan,NGN,1766244.31,1095.07,22.31,48,568788.65,1197455.66,2021-10-06,14-Apr-2025
1927,1758,109,approved,Education Finance,KES,2536529.26,19531.28,4.98,18,1827705.56,708823.7,2020-08-11,25-Dec-2025
1928,1708,109,FULLY PAID,Mortgage,KES,6180953.13,47593.34,23.6,6,737640.58,5443312.55,2022-12-20,18/09/2027
1929,842,101,restructured,SME Working Capital,NGN,17855532.3,11070.43,13.01,12,9060904.11,8794628.19,20-Mar-2023,27/03/2026
1930,813,102,active,Trade Finance / Import,NGN,12772574.0,7919.0,27.97,60,342384.08,12430189.92,05-Feb-2020,10/23/2023
1931,1301,113,RESTRUCTURED,Auto Loan,EUR,19224106.49,20762035.01,17.11,18,3451156.26,15772950.23,05/07/2022,15/08/2023
1932,1110,112,defaulted,Education Finance,GBP,14313724.28,18178429.84,16.91,60,6537552.25,7776172.03,14/11/2022,12/16/2025
1933,1071,103,WRITTEN OFF,Trade Finance / Import,NGN,6642988.86,4118.65,4.74,60,6050972.19,592016.67,2021-05-21,08/13/2025
1934,967,111,active,SME Working Capital,ZAR,5296601.01,291313.06,10.88,36,1495538.23,3801062.78,05-Jan-2024,2026-05-03
1935,950,102,restructured,Education Finance,NGN,10138121.01,6285.64,13.38,6,6565606.54,3572514.47,2024-02-28,02/07/2025
1936,211,107,ACTIVE,Trade Finance / Import,GHS,5714099.32,377130.56,18.9,24,2913004.76,2801094.56,02-Oct-2023,04/10/2023
1937,625,111,defaulted,SME Working Capital,ZAR,10706843.35,588876.38,7.91,12,816477.52,9890365.83,20-May-2023,10-Aug-2026
1938,550,103,pending review,Agricultural Loan,NGN,2103429.88,1304.13,19.44,24,1672860.34,430569.54,02-Mar-2021,10/12/2027
1939,1055,114,defaulted,Agricultural Loan,AED,16239658.9,4417187.22,26.79,12,3063324.98,13176333.92,2024-02-23,06/28/2023
1940,1839,101,Fully Paid,SME Working Capital,NGN,17943904.66,11125.22,20.16,18,1129443.16,16814461.5,04/07/2020,11/19/2025
1941,569,107,PENDING REVIEW,SME Working Capital,GHS,13724771.88,905834.94,5.09,24,2463660.27,11261111.61,05-Nov-2020,12/02/2023
1942,513,104,WRITTEN OFF,Mortgage,NGN,18420392.07,11420.64,9.41,48,17808149.61,612242.46,01/10/2021,24-Jul-2024
1943,927,110,WRITTEN OFF,Trade Finance / Import,ZAR,5160092.01,283805.06,17.61,12,3889762.14,1270329.87,10/29/2022,12/17/2025
1944,1636,111,Fully Paid,Trade Finance / Import,ZAR,8400288.37,462015.86,20.49,6,483798.41,7916489.96,2023-09-22,04-Jun-2023
1945,784,102,PENDING REVIEW,Trade Finance / Import,NGN,18729125.51,11612.06,26.64,48,4327869.6,14401255.91,2020-10-01,12/21/2025
1946,1573,113,written off,Mortgage,EUR,6039790.92,6522974.19,21.13,48,4405154.38,1634636.54,01/10/2022,13-Feb-2027
1947,955,105,APPROVED,Asset Finance,NGN,5740725.65,3559.25,14.36,6,4959007.95,781717.7,25-Apr-2023,12/15/2023
1948,834,103,PENDING REVIEW,Auto Loan,NGN,15244070.46,9451.32,10.19,48,12599656.42,2644414.04,05/28/2020,31-Jul-2023
1949,98,112, Active ,Asset Finance,GBP,15715978.97,19959293.29,10.89,60,7688348.49,8027630.48,2023-10-03,10/09/2025
1950,1774,104,active,Agricultural Loan,NGN,8720038.07,5406.42,27.2,36,5521413.29,3198624.78,14/08/2023,28-Dec-2023
1951,723,102,defaulted,Asset Finance,NGN,12513397.56,7758.31,18.93,6,2453425.29,10059972.27,02-Jun-2021,19-Mar-2025
1952,1197,111,DEFAULTED,Personal Loan,ZAR,16342018.96,898811.04,7.8,6,8939437.53,7402581.43,05-Jun-2024,09/06/2027
1953,20,105,DEFAULTED,Asset Finance,NGN,15647645.04,9701.54,12.0,60,7189005.38,8458639.66,2020-02-27,07-Jul-2024
1954,329,111,PENDING REVIEW,Auto Loan,ZAR,5504313.72,302737.25,27.56,24,2046773.86,3457539.86,21-Jan-2020,03/22/2027
1955,1812,114,WRITTEN OFF,Personal Loan,AED,5638887.77,1533777.47,15.57,12,4071728.3,1567159.47,2023-09-11,08/27/2023
1956,22,110,defaulted,Auto Loan,ZAR,17448071.04,959643.91,4.03,12,16726715.77,721355.27,21/06/2024,14-Jul-2023
1957,1591,108,DEFAULTED,SME Working Capital,KES,15139504.23,116574.18,19.44,48,10208782.79,4930721.44,23/08/2024,18-Jan-2027
1958,634,112,Fully Paid,Agricultural Loan,GBP,5118675.17,6500717.47,8.53,36,437422.1,4681253.07,18/10/2022,26/02/2025
1959,29,114,ACTIVE,Auto Loan,AED,6418626.69,1745866.46,26.27,48,3235905.96,3182720.73,2021-11-08,2027-11-24
1960,148,101,PENDING REVIEW,Mortgage,NGN,10602056.91,6573.28,14.62,24,7047658.79,3554398.12,15/05/2024,10/08/2023
1961,1105,114,approved,Asset Finance,AED,16343689.05,4445483.42,6.9,18,16106629.76,237059.29,01-Sep-2020,08/12/2027
1962,1628,115,WRITTEN OFF,Personal Loan,USD,11182953.07,11182953.07,10.09,48,38149.7,11144803.37,03-Oct-2020,2024-08-10
1963,1535,107,ACTIVE,Auto Loan,GHS,19198132.97,1267076.78,11.78,24,12961038.14,6237094.83,18/03/2022,03/02/2026
1964,1083,115,FULLY PAID,Agricultural Loan,USD,6549801.41,6549801.41,6.6,18,3762871.52,2786929.89,05/25/2022,02-May-2023
1965,538,102, Active ,Mortgage,NGN,9474587.44,5874.24,10.58,24,2493023.13,6981564.31,24-Sep-2021,09/14/2025
1966,1130,103,defaulted,Education Finance,NGN,9369843.52,5809.3,24.07,12,768680.32,8601163.2,05/26/2024,2023-10-16
1967,1374,107,ACTIVE,Mortgage,GHS,17433866.91,1150635.22,18.95,36,9153296.29,8280570.62,2024-10-16,08/12/2024
1968,353,108,WRITTEN OFF,Personal Loan,KES,16044904.23,123545.76,4.12,60,6357166.41,9687737.82,04/17/2020,22/05/2026
1969,591,114,approved,Asset Finance,AED,14903150.13,4053656.84,6.89,24,3160717.74,11742432.39,2021-04-15,16/11/2026
1970,1644,106,fully paid,Agricultural Loan,GHS,8772618.99,578992.85,21.01,48,5749488.57,3023130.42,14/11/2022,07/09/2025
1971,984,115,Fully Paid,Auto Loan,USD,9111841.73,9111841.73,22.75,18,2835710.11,6276131.62,19/11/2021,23-Feb-2025
1972,1609,102,PENDING REVIEW,Mortgage,NGN,13874400.83,8602.13,16.08,36,2651354.01,11223046.82,2024-05-27,06-Aug-2025
1973,952,111,APPROVED,Asset Finance,ZAR,7078221.02,389302.16,17.47,60,5793216.38,1285004.64,02/24/2024,01/20/2023
1974,469,108,RESTRUCTURED,Mortgage,KES,15737950.43,121182.22,4.58,12,14991305.64,746644.79,09/24/2024,27/11/2026
1975,300,110,ACTIVE,Asset Finance,ZAR,15010415.87,825572.87,19.29,36,7379543.89,7630871.98,08-Mar-2022,25/04/2023
1976,1975,101,PENDING REVIEW,Auto Loan,NGN,11387921.55,7060.51,26.34,24,10013946.03,1373975.52,10/29/2024,12/19/2027
1977,245,114, Active ,Asset Finance,AED,5601499.49,1523607.86,22.08,18,1369684.77,4231814.72,06-May-2020,05/10/2023
1978,1502,112, Active ,Asset Finance,GBP,11644619.98,14788667.37,17.08,12,6759326.57,4885293.41,03-Sep-2021,11/09/2024
1979,1373,105,written off,Auto Loan,NGN,1861831.97,1154.34,16.52,60,960563.91,901268.06,14/10/2023,19-Feb-2024
1980,1765,114,written off,Personal Loan,AED,7191279.68,1956028.07,18.21,36,662324.55,6528955.13,06/10/2023,22/07/2027
1981,1955,106,FULLY PAID,Auto Loan,GHS,557427.54,36790.22,19.02,6,186755.41,370672.13,04/11/2020,18/01/2026
1982,120,109,approved,Trade Finance / Import,KES,7292425.24,56151.67,5.76,18,2142526.39,5149898.85,05-Nov-2023,26/03/2024
1983,1304,104,fully paid,Personal Loan,NGN,14147269.53,8771.31,9.87,6,7913050.67,6234218.86,08/29/2021,03/11/2025
1984,1143,109,restructured,Mortgage,KES,1937982.51,14922.47,11.36,48,1894150.82,43831.69,2022-07-30,12/03/2023
1985,1262,103,restructured,Trade Finance / Import,NGN,12592709.93,7807.48,13.9,48,429698.79,12163011.14,21/09/2022,30-Oct-2025
1986,496,109, Active ,Mortgage,KES,5265796.95,40546.64,13.59,18,2113170.66,3152626.29,27-Sep-2024,01/12/2025
1987,1902,111,approved,Personal Loan,ZAR,17277498.48,950262.42,20.75,60,6657219.58,10620278.9,2024-05-09,2024-08-22
1988,667,103,fully paid,SME Working Capital,NGN,13097775.15,8120.62,20.37,36,3588447.97,9509327.18,2021-12-28,13/09/2024
1989,37,115,fully paid,Personal Loan,USD,8673075.53,8673075.53,4.6,18,5576010.77,3097064.76,07/14/2020,07/22/2024
1990,1060,107,Fully Paid,Agricultural Loan,GHS,8136200.13,536989.21,10.53,18,2729179.88,5407020.25,07/21/2020,15/10/2025
1991,800,106,Fully Paid,Mortgage,GHS,12660760.49,835610.19,6.99,36,8303446.45,4357314.04,24-Jan-2023,13-Jul-2023
1992,1455,109,defaulted,Asset Finance,KES,5633846.74,43380.62,15.89,60,2301948.39,3331898.35,16-Mar-2023,17/08/2025
1993,1260,105,restructured,Mortgage,NGN,4611927.15,2859.39,17.46,48,2351256.86,2260670.29,29-Mar-2023,11-Oct-2025
1994,1211,106,fully paid,Asset Finance,GHS,10277451.39,678311.79,18.83,24,9921002.19,356449.2,2020-08-07,15/05/2023
1995,1703,111,approved,Personal Loan,ZAR,9255149.7,509033.23,20.96,48,3799809.67,5455340.03,07/05/2022,23-Aug-2023
1996,383,108,Fully Paid,Personal Loan,KES,11331355.76,87251.44,18.65,48,6155412.55,5175943.21,2023-10-11,2024-03-31
1997,1560,111,APPROVED,Education Finance,ZAR,13486561.3,741760.87,9.55,60,6848354.14,6638207.16,12/09/2021,15-Jun-2027
1998,981,106, Active ,Asset Finance,GHS,7812511.11,515625.73,16.21,36,943877.38,6868633.73,13-Mar-2024,15-Aug-2025
1999,387,110, Active ,Trade Finance / Import,ZAR,1906886.53,104878.76,6.16,60,135315.49,1771571.04,03-Jul-2022,2025-01-21
2000,669,107,APPROVED,Trade Finance / Import,GHS,1459353.1,96317.3,9.77,36,672218.08,787135.02,17-Aug-2022,10/13/2024
2001,1546,112,PENDING REVIEW,Trade Finance / Import,GBP,13757210.92,17471657.87,12.58,6,7696676.17,6060534.75,21-Feb-2020,30/05/2027
2002,884,111,ACTIVE,Education Finance,ZAR,17253479.79,948941.39,9.35,36,8051448.9,9202030.89,09/11/2023,08/07/2026
2003,360,108,restructured,Auto Loan,KES,19190300.33,147765.31,4.09,18,16735270.8,2455029.53,2023-04-20,12/07/2025
2004,745,113,FULLY PAID,SME Working Capital,EUR,8334239.29,9000978.43,24.61,48,7305895.67,1028343.62,02/08/2024,2023-12-05
2005,1807,108,RESTRUCTURED,Agricultural Loan,KES,15862376.93,122140.3,12.63,48,10542745.92,5319631.01,04/01/2024,19/07/2023
2006,31,103,FULLY PAID,Auto Loan,NGN,16124393.42,9997.12,7.08,36,4252107.84,11872285.58,08/02/2020,28/01/2027
2007,1105,114,WRITTEN OFF,Agricultural Loan,AED,8070680.89,2195225.2,7.91,36,2832210.19,5238470.7,07/18/2021,2026-07-12
2008,305,112,RESTRUCTURED,Mortgage,GBP,19257532.5,24457066.27,26.96,48,14521983.08,4735549.42,09/22/2021,16-Oct-2023
2009,1949,113,approved,Auto Loan,EUR,4505662.52,4866115.52,9.35,24,1657379.58,2848282.94,2020-07-24,20-Jul-2026
2010,1852,104,APPROVED,Mortgage,NGN,15482572.3,9599.19,11.36,6,1216960.49,14265611.81,2020-04-15,16/10/2025
2011,15,108,pending review,Personal Loan,KES,18979945.91,146145.58,27.27,6,11729632.21,7250313.7,11/03/2020,28/05/2026
2012,1628,115,APPROVED,Education Finance,USD,8420928.78,8420928.78,6.32,60,3686009.53,4734919.25,14-Nov-2024,25-Jan-2023
2013,463,103, Active ,Personal Loan,NGN,17059639.09,10576.98,13.93,18,318453.37,16741185.72,11/27/2020,08/12/2026
2014,1481,108,ACTIVE,Trade Finance / Import,KES,573234.38,4413.9,24.65,6,390390.44,182843.94,02/02/2023,20/07/2026
2015,318,107,Fully Paid,Trade Finance / Import,GHS,11659239.1,769509.78,27.82,60,9369008.68,2290230.42,01/10/2022,2023-08-27
2016,1574,111,pending review,Asset Finance,ZAR,4258129.56,234197.13,13.32,18,2034671.34,2223458.22,2020-01-03,11/05/2027
2017,1978,105,Fully Paid,SME Working Capital,NGN,8409501.26,5213.89,9.77,24,2909979.71,5499521.55,16/07/2024,02/10/2024
2018,1319,113,PENDING REVIEW,Trade Finance / Import,EUR,12455222.96,13451640.8,12.69,60,6194031.36,6261191.6,09/11/2023,2023-04-17
2019,179,115,RESTRUCTURED,SME Working Capital,USD,5593575.57,5593575.57,18.74,48,2519857.29,3073718.28,21/04/2022,05/11/2026
2020,915,109,RESTRUCTURED,Personal Loan,KES,2328040.45,17925.91,27.57,12,55617.72,2272422.73,22-Apr-2021,23-Jun-2026
2021,1145,108,pending review,Agricultural Loan,KES,13503024.12,103973.29,13.27,18,8729819.64,4773204.48,07/28/2021,07/27/2024
2022,358,103,ACTIVE,Auto Loan,NGN,7695461.67,4771.19,20.98,24,899457.16,6796004.51,11-Sep-2023,19-Sep-2025
2023,360,108,defaulted,Asset Finance,KES,11808505.51,90925.49,24.93,36,61352.76,11747152.75,25/05/2021,2024-11-08
2024,59,103,PENDING REVIEW,Asset Finance,NGN,15982467.01,9909.13,8.62,60,15171665.75,810801.26,28-Jun-2020,10/01/2026
2025,236,109,RESTRUCTURED,Personal Loan,KES,14753672.29,113603.28,10.6,60,5423880.5,9329791.79,2020-05-04,09/12/2023
2026,96,103,pending review,SME Working Capital,NGN,2970953.26,1841.99,23.88,6,1053721.23,1917232.03,10/12/2022,18/10/2023
2027,317,111,defaulted,Mortgage,ZAR,1714232.75,94282.8,17.68,24,1336015.58,378217.17,2023-01-03,2026-03-03
2028,1058,101,fully paid,Agricultural Loan,NGN,12861355.18,7974.04,7.1,6,1163631.24,11697723.94,04/16/2021,01/08/2027
2029,754,114,ACTIVE,Agricultural Loan,AED,349071.76,94947.52,26.35,6,302422.54,46649.22,03/31/2021,09/10/2025
2030,539,102,PENDING REVIEW,Personal Loan,NGN,6836788.27,4238.81,5.99,24,855142.5,5981645.77,11/01/2021,27-Nov-2026
2031,1186,112,APPROVED,Education Finance,GBP,4517152.57,5736783.76,23.42,36,4051.48,4513101.09,02/21/2020,10/09/2023
2032,319,113,ACTIVE,Asset Finance,EUR,10207618.04,11024227.48,18.77,12,7753046.11,2454571.93,06-May-2022,04/05/2024
2033,464,103,APPROVED,SME Working Capital,NGN,7359679.61,4563.0,23.03,36,1369625.36,5990054.25,2022-10-03,2027-10-02
2034,1397,113,RESTRUCTURED,SME Working Capital,EUR,11524809.78,12446794.56,16.65,6,7189748.67,4335061.11,15-Mar-2024,2027-10-30
2035,1047,103,defaulted,Mortgage,NGN,8450413.69,5239.26,12.73,36,839786.94,7610626.75,28-May-2023,07-Nov-2025
2036,540,115,Fully Paid,Mortgage,USD,334224.68,334224.68,13.85,36,51884.01,282340.67,09/16/2020,2025-12-12
2037,981,106,fully paid,SME Working Capital,GHS,17301372.84,1141890.61,16.64,48,11477727.65,5823645.19,11/11/2020,17-Jul-2023
2038,1787,112,ACTIVE,Personal Loan,GBP,3235125.78,4108609.74,24.26,18,866039.62,2369086.16,2023-09-18,07/19/2023
2039,574,102,Fully Paid,Agricultural Loan,NGN,5894901.1,3654.84,14.49,6,1577642.15,4317258.95,2020-03-22,07-May-2023
2040,1381,114, Active ,Agricultural Loan,AED,6745250.82,1834708.22,25.59,36,6694570.24,50680.58,10/21/2021,21-Dec-2023
2041,1876,103,written off,Mortgage,NGN,9131161.69,5661.32,25.51,36,8959987.57,171174.12,2020-10-09,08/19/2024
2042,1671,102,WRITTEN OFF,Trade Finance / Import,NGN,7351185.65,4557.74,16.78,18,296623.06,7054562.59,12/01/2020,26-Mar-2027
2043,463,103,fully paid,SME Working Capital,NGN,18658588.91,11568.33,11.34,60,12997198.94,5661389.97,09/11/2023,28/05/2027
2044,1797,110, Active ,SME Working Capital,ZAR,16102515.03,885638.33,22.11,24,3689523.3,12412991.73,2024-06-28,29/11/2026
2045,312,101,DEFAULTED,Education Finance,NGN,16733609.77,10374.84,26.86,6,1922281.94,14811327.83,02/09/2023,05/08/2026
2046,1609,102,defaulted,Asset Finance,NGN,18463439.05,11447.33,21.62,60,5480093.02,12983346.03,21-Nov-2023,12/22/2027
2047,1951,113,approved,Asset Finance,EUR,18953294.09,20469557.62,21.64,48,17694877.38,1258416.71,11-Aug-2021,2026-05-20
2048,375,111,approved,Auto Loan,ZAR,9568221.69,526252.19,4.69,48,5145316.44,4422905.25,05/11/2021,24/02/2025
2049,621,114,Fully Paid,Trade Finance / Import,AED,1086722.15,295588.42,12.26,60,565461.53,521260.62,03/11/2020,10-Jul-2024
2050,174,105, Active ,Agricultural Loan,NGN,7071347.64,4384.24,14.76,24,5963211.81,1108135.83,24/09/2022,2023-10-25
2051,218,115,defaulted,SME Working Capital,USD,11872217.49,11872217.49,11.38,36,8834895.34,3037322.15,17-Feb-2020,2025-05-03
2052,1730,103,WRITTEN OFF,Agricultural Loan,NGN,12783117.55,7925.53,21.61,6,6806715.81,5976401.74,2020-06-05,08/05/2023
2053,1710,108,ACTIVE,Trade Finance / Import,KES,17481101.64,134604.48,8.72,12,12557539.43,4923562.21,09-Sep-2020,28-Mar-2026
2054,751,109,Fully Paid,Auto Loan,KES,12724336.46,97977.39,9.53,18,135986.63,12588349.83,24/11/2021,07/01/2027
2055,1961,101, Active ,Education Finance,NGN,4155955.11,2576.69,4.29,48,2314013.01,1841942.1,03/17/2020,2024-06-10
2056,1338,110,Fully Paid,Personal Loan,ZAR,8991622.94,494539.26,4.58,24,5500843.39,3490779.55,2024-07-10,12-Mar-2025
2057,229,103,pending review,Auto Loan,NGN,5383901.78,3338.02,26.46,18,2082387.95,3301513.83,2020-10-25,10-Mar-2025
2058,229,103,restructured,Auto Loan,NGN,1616351.22,1002.14,5.34,6,317901.0,1298450.22,29/09/2020,06-Jan-2027
2059,868,108,defaulted,Mortgage,KES,7539162.16,58051.55,17.93,48,3306226.45,4232935.71,10/07/2024,28/04/2025
2060,1604,108,DEFAULTED,Asset Finance,KES,10008813.59,77067.86,17.51,36,5117354.23,4891459.36,01/12/2024,05/07/2025
2061,209,102,Fully Paid,Auto Loan,NGN,16118125.14,9993.24,18.91,48,1167371.38,14950753.76,2020-09-06,13/11/2026
2062,1127,103,defaulted,SME Working Capital,NGN,5282181.83,3274.95,22.84,12,4266184.9,1015996.93,30/12/2021,10/07/2027
2063,569,107,active,SME Working Capital,GHS,18306088.53,1208201.84,17.28,12,6667638.48,11638450.05,31/10/2023,03-Sep-2026
2064,1001,111,active,Asset Finance,ZAR,3957777.29,217677.75,25.15,24,2941550.61,1016226.68,2020-04-04,07/06/2027
2065,236,109,active,Agricultural Loan,KES,15699241.77,120884.16,20.71,36,12782735.27,2916506.5,20/03/2020,04/06/2026
2066,172,103,approved,Personal Loan,NGN,7106477.49,4406.02,20.94,60,2214314.97,4892162.52,04/05/2024,21/08/2023
2067,155,105,pending review,Agricultural Loan,NGN,1574731.56,976.33,9.51,6,293789.5,1280942.06,16-Dec-2022,06/22/2024
2068,1707,113,active,Auto Loan,EUR,4824252.18,5210192.35,25.13,24,2301449.33,2522802.85,02/05/2021,29/12/2025
2069,780,115,ACTIVE,Asset Finance,USD,6498957.11,6498957.11,17.13,24,1222575.29,5276381.82,04/11/2023,31/01/2027
2070,273,110, Active ,Personal Loan,ZAR,4098657.72,225426.17,8.54,6,2594969.38,1503688.34,18/05/2024,06-Feb-2027
2071,1109,106,DEFAULTED,Education Finance,GHS,7414434.93,489352.71,14.57,60,7248288.79,166146.14,21/02/2021,06/06/2027
2072,1563,105,approved,Mortgage,NGN,11988450.08,7432.84,12.71,60,6445560.29,5542889.79,23/10/2023,01/17/2026
2073,26,103,restructured,Auto Loan,NGN,12815154.28,7945.4,15.27,48,2532060.17,10283094.11,05/23/2024,10/31/2025
2074,1327,114,restructured,Trade Finance / Import,AED,2235778.63,608131.79,26.11,60,143580.71,2092197.92,2024-01-21,04/28/2023
2075,1944,115,WRITTEN OFF,Trade Finance / Import,USD,13892492.41,13892492.41,13.37,36,9451033.68,4441458.73,2024-08-31,02/16/2025
2076,483,112,defaulted,Agricultural Loan,GBP,6187163.21,7857697.28,10.86,60,321021.63,5866141.58,03/09/2020,17-Feb-2026
2077,804,104,PENDING REVIEW,Agricultural Loan,NGN,18748604.87,11624.14,20.5,6,15295995.02,3452609.85,06/27/2022,13/07/2023
2078,88,112,pending review,Asset Finance,GBP,9840729.33,12497726.25,18.95,6,5921426.82,3919302.51,09-Jan-2021,2025-07-24
2079,1930,114,FULLY PAID,Education Finance,AED,13173213.52,3583114.08,10.68,18,13059327.33,113886.19,07/07/2020,2025-03-30
2080,1436,104,PENDING REVIEW,Mortgage,NGN,12454904.87,7722.04,11.6,48,9610018.38,2844886.49,2024-02-18,10/05/2023
2081,1527,104, Active ,Education Finance,NGN,7084963.85,4392.68,14.61,24,2006532.48,5078431.37,10/20/2023,14-Apr-2026
2082,12,109,restructured,Education Finance,KES,18844223.88,145100.52,24.62,60,6826690.25,12017533.63,02/16/2022,02/10/2024
2083,728,104,Fully Paid,SME Working Capital,NGN,8212414.78,5091.7,13.9,24,4568293.68,3644121.1,27-Jul-2020,2025-07-03
2084,952,111,written off,Asset Finance,ZAR,11364535.17,625049.43,27.91,12,1705209.38,9659325.79,05/10/2023,19/02/2026
2085,1704,104,FULLY PAID,Mortgage,NGN,3144445.33,1949.56,8.29,18,999992.54,2144452.79,22/04/2024,11/22/2024
2086,859,110,restructured,Personal Loan,ZAR,6462308.31,355426.96,19.44,6,2067678.63,4394629.68,10/20/2023,29-Jan-2025
2087,1331,103,pending review,SME Working Capital,NGN,15480048.6,9597.63,5.35,18,9278273.78,6201774.82,2020-01-09,2023-03-26
2088,351,115,restructured,SME Working Capital,USD,14062217.58,14062217.58,8.08,48,11036812.06,3025405.52,2023-12-29,2026-02-14
2089,1662,115,defaulted,Asset Finance,USD,3690932.53,3690932.53,5.79,6,600520.4,3090412.13,06/10/2020,23/03/2025
2090,1970,108,ACTIVE,Trade Finance / Import,KES,7767747.71,59811.66,22.77,18,7298904.0,468843.71,2022-09-04,04/05/2023
2091,609,103,fully paid,Education Finance,NGN,19154386.85,11875.72,11.64,36,8642356.26,10512030.59,31/05/2020,23-Sep-2024
2092,418,109,PENDING REVIEW,Education Finance,KES,3560407.43,27415.14,8.47,36,3378344.85,182062.58,15-Jan-2022,2023-10-27
2093,1103,108,DEFAULTED,Personal Loan,KES,9398906.17,72371.58,15.17,36,8998632.41,400273.76,23-Feb-2020,02/07/2027
2094,1975,101,ACTIVE,Mortgage,NGN,17249905.15,10694.94,21.16,36,10014726.31,7235178.84,2021-06-20,2024-09-14
2095,533,106,WRITTEN OFF,SME Working Capital,GHS,9631561.55,635683.06,24.45,36,5869529.02,3762032.53,2023-09-12,31/08/2026
2096,37,115,PENDING REVIEW,Trade Finance / Import,USD,9613241.32,9613241.32,16.45,60,2133943.67,7479297.65,12/22/2021,10-Mar-2026
2097,630,111,defaulted,SME Working Capital,ZAR,2429238.35,133608.11,16.46,24,1394099.71,1035138.64,11/04/2021,02/27/2025
2098,1754,106,PENDING REVIEW,Mortgage,GHS,12384129.16,817352.52,24.15,18,1237237.15,11146892.01,12/16/2020,2025-03-09
2099,648,111,FULLY PAID,Mortgage,ZAR,18263813.23,1004509.73,21.25,18,8764231.21,9499582.02,07/01/2022,02/04/2026
2100,1005,107,Fully Paid,Education Finance,GHS,4801272.6,316883.99,14.79,12,968874.76,3832397.84,03/12/2020,09/03/2024
2101,475,115,approved,SME Working Capital,USD,12956683.73,12956683.73,9.02,60,2323721.17,10632962.56,26/01/2023,28-Jun-2027
2102,625,111, Active ,Trade Finance / Import,ZAR,14283061.8,785568.4,15.46,60,2221383.1,12061678.7,03/05/2020,12/25/2025
2103,1491,107,Fully Paid,Asset Finance,GHS,10538571.53,695545.72,17.62,48,8876159.61,1662411.92,26-Jul-2020,2023-11-11
2104,1628,115,Fully Paid,Personal Loan,USD,8693344.53,8693344.53,8.56,18,1024457.95,7668886.58,11/11/2022,03/21/2026
2105,1273,115,APPROVED,Personal Loan,USD,11356132.24,11356132.24,15.37,18,251007.98,11105124.26,2020-11-17,11/15/2025
2106,513,104,Fully Paid,Auto Loan,NGN,15456002.91,9582.72,17.58,48,86929.17,15369073.74,2022-10-26,03/12/2025
2107,773,114,defaulted,Auto Loan,AED,10248867.88,2787692.06,6.54,36,9274788.2,974079.68,12/17/2022,03/20/2025
2108,1816,110,restructured,Auto Loan,ZAR,14249566.35,783726.15,11.52,36,255357.61,13994208.74,19/08/2022,2026-10-05
2109,1034,111, Active ,Personal Loan,ZAR,19505809.68,1072819.53,7.86,48,4394464.94,15111344.74,06-Oct-2022,06/29/2023
2110,1580,101,restructured,Asset Finance,NGN,6859648.32,4252.98,21.26,6,2453222.47,4406425.85,14-Nov-2023,02/03/2024
2111,1424,115,APPROVED,Agricultural Loan,USD,10691027.99,10691027.99,4.68,12,2085856.24,8605171.75,18/07/2021,30/03/2025
2112,1900,108,RESTRUCTURED,Auto Loan,KES,13957018.32,107469.04,17.78,18,6504809.94,7452208.38,09-May-2022,07/28/2024
2113,1224,103,active,Mortgage,NGN,9446130.05,5856.6,25.94,6,5565492.76,3880637.29,06/10/2020,10/14/2027
2114,1945,106,FULLY PAID,SME Working Capital,GHS,13957985.82,921227.06,7.87,60,12701876.15,1256109.67,2021-01-23,2026-04-15
2115,390,110,fully paid,Agricultural Loan,ZAR,15391993.9,846559.66,5.05,60,1487392.34,13904601.56,2020-05-13,19/10/2024
2116,337,104,PENDING REVIEW,SME Working Capital,NGN,1323514.63,820.58,6.08,60,918924.39,404590.24,05/06/2022,31/08/2023
2117,1552,111,written off,Auto Loan,ZAR,13421393.53,738176.64,17.23,12,5675907.59,7745485.94,05/24/2020,20-Dec-2023
2118,568,104,RESTRUCTURED,SME Working Capital,NGN,2765829.32,1714.81,20.54,60,2171309.61,594519.71,07/28/2022,2025-01-16
2119,1305,109,approved,Education Finance,KES,11516267.18,88675.26,8.47,12,3337946.64,8178320.54,18/05/2024,12/28/2023
2120,861,107,Fully Paid,SME Working Capital,GHS,7729031.45,510116.08,19.08,6,3367975.39,4361056.06,02/09/2023,02/11/2024
2121,229,103,PENDING REVIEW,Agricultural Loan,NGN,7016573.37,4350.28,13.43,60,6535941.61,480631.76,20/11/2020,07/09/2024
2122,924,113,WRITTEN OFF,Auto Loan,EUR,18971446.03,20489161.71,24.35,18,1137174.05,17834271.98,06/07/2023,27/10/2023
2123,269,102,written off,Personal Loan,NGN,17673216.23,10957.39,11.66,60,14535763.87,3137452.36,04/17/2024,12/13/2023
2124,1763,104,restructured,Trade Finance / Import,NGN,2851330.4,1767.82,25.78,12,2765119.74,86210.66,2024-12-30,22/02/2023
2125,800,106,PENDING REVIEW,Auto Loan,GHS,4607273.21,304080.03,20.2,36,2697533.07,1909740.14,17-Nov-2022,02-Mar-2027
2126,34,103,ACTIVE,Mortgage,NGN,9287446.21,5758.22,17.67,36,4699450.39,4587995.82,05-Mar-2020,06/14/2023
2127,384,110,approved,Agricultural Loan,ZAR,3789258.26,208409.2,6.22,60,859332.46,2929925.8,2024-04-12,19-Jun-2025
2128,797,110,PENDING REVIEW,Personal Loan,ZAR,7936062.38,436483.43,24.76,48,2610922.36,5325140.02,10/08/2024,11/07/2024
2129,668,114,WRITTEN OFF,Agricultural Loan,AED,13081659.69,3558211.44,21.33,48,11193620.08,1888039.61,23-Sep-2022,2026-03-22
2130,264,108,WRITTEN OFF,Trade Finance / Import,KES,13083169.66,100740.41,17.62,12,10679940.73,2403228.93,02/04/2020,2026-02-20
2131,1791,111,PENDING REVIEW,Mortgage,ZAR,1125504.29,61902.74,26.17,48,935174.36,190329.93,09/20/2020,08-Nov-2025
2132,1080,108,Fully Paid,Auto Loan,KES,15058176.82,115947.96,14.36,24,14845053.45,213123.37,31/03/2021,16-Jun-2026
2133,1306,101,RESTRUCTURED,Auto Loan,NGN,12642456.36,7838.32,16.05,12,7698271.02,4944185.34,2021-12-28,23/12/2026
2134,472,112,FULLY PAID,Mortgage,GBP,19219030.45,24408168.67,4.04,48,7653299.32,11565731.13,10/12/2024,2025-04-20
2135,183,113,active,Agricultural Loan,EUR,6014697.27,6495873.05,9.82,12,694416.22,5320281.05,2020-03-29,01/23/2027
2136,1186,112,written off,Personal Loan,GBP,7597411.56,9648712.68,15.98,48,3335433.66,4261977.9,08/04/2023,09/23/2026
2137,1959,105,restructured,SME Working Capital,NGN,19912976.35,12346.05,25.54,48,969675.42,18943300.93,22/02/2022,04/01/2026
2138,1450,108,APPROVED,Trade Finance / Import,KES,1984627.45,15281.63,17.12,6,1448923.29,535704.16,20-Jan-2020,27-Nov-2023
2139,1598,112,ACTIVE,Education Finance,GBP,18963864.2,24084107.53,9.35,36,12988754.75,5975109.45,2022-08-05,2023-02-21
2140,257,113,ACTIVE,Education Finance,EUR,13093430.97,14140905.45,24.66,6,1810944.7,11282486.27,03-Jan-2022,2025-12-16
2141,1359,114,approved,Trade Finance / Import,AED,18741490.77,5097685.49,25.65,12,4903032.06,13838458.71,2024-05-04,2024-09-26
2142,1457,108,Fully Paid,Education Finance,KES,14085623.9,108459.3,21.34,24,7842769.32,6242854.58,02/01/2022,22-Sep-2026
2143,1986,110,active,Education Finance,ZAR,11681181.87,642465.0,14.72,18,8078076.71,3603105.16,20/01/2020,2024-09-27
2144,1466,102,approved,Asset Finance,NGN,12352284.86,7658.42,6.46,60,8416890.24,3935394.62,05-Dec-2023,2024-01-15
2145,1197,111, Active ,Agricultural Loan,ZAR,15214820.89,836815.15,24.65,24,5833643.69,9381177.2,13-May-2022,09/12/2026
2146,1916,110, Active ,Personal Loan,ZAR,6530831.64,359195.74,21.56,6,4834927.47,1695904.17,2020-04-05,13/12/2024
2147,9,106,restructured,Auto Loan,GHS,14534302.11,959263.94,11.62,48,938914.53,13595387.58,20/07/2021,08/06/2027
2148,1385,105,pending review,Agricultural Loan,NGN,2615849.32,1621.83,27.2,36,660566.73,1955282.59,08/07/2023,20-Aug-2025
2149,1912,104,active,Personal Loan,NGN,10216982.15,6334.53,18.95,24,8667815.48,1549166.67,07/05/2021,04/10/2027
2150,308,103,defaulted,Trade Finance / Import,NGN,14743527.14,9140.99,19.81,24,4262081.64,10481445.5,2024-08-09,02-Nov-2024
2151,1885,102,approved,Mortgage,NGN,18135878.6,11244.24,26.92,6,144108.45,17991770.15,13/08/2020,20/04/2026
2152,1060,107,active,Auto Loan,GHS,10483822.52,691932.29,10.84,24,4129367.69,6354454.83,26/03/2020,05-Oct-2027
2153,1317,101,Fully Paid,Trade Finance / Import,NGN,1712885.88,1061.99,10.34,6,1169918.89,542966.99,08-Jan-2024,11/16/2027
2154,780,115,PENDING REVIEW,Trade Finance / Import,USD,9541816.48,9541816.48,16.19,18,7957793.07,1584023.41,14/08/2023,09/11/2027
2155,742,103,RESTRUCTURED,Mortgage,NGN,16697337.45,10352.35,23.9,48,4423251.12,12274086.33,01/08/2024,2027-07-11
2156,1479,105,defaulted,SME Working Capital,NGN,6004311.45,3722.67,26.22,36,3358673.06,2645638.39,01/15/2024,27/07/2026
2157,1414,102,pending review,Mortgage,NGN,9840593.0,6101.17,27.31,36,1910572.02,7930020.98,07/23/2020,2025-05-17
2158,1947,110,approved,Mortgage,ZAR,8700372.69,478520.5,17.84,18,987267.21,7713105.48,12/30/2022,13-Dec-2026
2159,1373,105,restructured,Agricultural Loan,NGN,14874084.16,9221.93,23.57,18,13549337.15,1324747.01,07/08/2022,08/05/2027
2160,1128,107,active,Agricultural Loan,GHS,16433889.89,1084636.73,6.63,48,319450.24,16114439.65,06/06/2020,2027-04-03
2161,1320,107,PENDING REVIEW,Agricultural Loan,GHS,3753255.65,247714.87,22.59,24,2634080.51,1119175.14,2022-07-23,04/20/2025
2162,742,103,RESTRUCTURED,Personal Loan,NGN,9109603.89,5647.95,26.27,18,1650044.26,7459559.63,26-Sep-2023,2023-02-06
2163,583,105,approved,Mortgage,NGN,16874163.89,10461.98,9.46,60,12093465.32,4780698.57,2022-09-14,04/11/2025
2164,1840,103, Active ,Mortgage,NGN,15839919.06,9820.75,5.99,12,3256062.97,12583856.09,09/08/2024,08-Jun-2023
2165,1668,106,RESTRUCTURED,Asset Finance,GHS,13143787.73,867489.99,10.37,18,4993887.79,8149899.94,29/02/2020,2027-12-23
2166,412,112,APPROVED,Asset Finance,GBP,19020170.78,24155616.89,19.11,60,12500696.15,6519474.63,10/12/2023,05/21/2025
2167,1124,101,Fully Paid,Education Finance,NGN,12813698.96,7944.49,15.89,60,4184567.79,8629131.17,2022-02-13,2024-02-11
2168,865,106,ACTIVE,SME Working Capital,GHS,12018837.26,793243.26,7.44,48,4807796.15,7211041.11,03-Apr-2022,28/01/2023
2169,1967,101,fully paid,Agricultural Loan,NGN,2978422.36,1846.62,7.89,6,1070094.83,1908327.53,03-Apr-2020,11/02/2027
2170,1287,105,APPROVED,Agricultural Loan,NGN,13792791.11,8551.53,20.9,36,10026867.74,3765923.37,2022-03-30,09-Oct-2025
2171,968,112,approved,Personal Loan,GBP,4222226.16,5362227.22,15.88,18,2413189.81,1809036.35,20-Jul-2022,26/07/2023
2172,1275,108,restructured,Agricultural Loan,KES,1977898.08,15229.82,10.56,60,1895386.86,82511.22,06/03/2024,10/06/2027
2173,225,112,defaulted,Education Finance,GBP,15487516.56,19669146.03,15.84,36,1173239.98,14314276.58,2020-09-02,2024-02-12
2174,350,112,DEFAULTED,Agricultural Loan,GBP,10210655.67,12967532.7,10.82,24,9441666.75,768988.92,2022-03-15,09/16/2025
2175,1173,106,fully paid,Education Finance,GHS,16604197.75,1095877.05,23.63,6,1189446.82,15414750.93,30/01/2024,12-Dec-2023
2176,915,109,active,Auto Loan,KES,3101526.85,23881.76,7.28,24,41006.35,3060520.5,24-Jun-2023,2024-11-02
2177,242,101,ACTIVE,Agricultural Loan,NGN,14154914.38,8776.05,26.27,18,13438357.81,716556.57,04/18/2022,2024-04-05
2178,529,108,DEFAULTED,Personal Loan,KES,10288297.51,79219.89,7.96,36,8610108.7,1678188.81,03/02/2023,02/24/2024
2179,1256,112,defaulted,Personal Loan,GBP,16653551.21,21150010.04,11.45,36,10599355.69,6054195.52,2022-01-15,25-Jun-2026
2180,200,102,RESTRUCTURED,Education Finance,NGN,3529859.4,2188.51,9.01,24,865921.56,2663937.84,2024-04-29,03/29/2025
2181,1952,114,Fully Paid,Agricultural Loan,AED,4225279.6,1149276.05,18.7,36,3755066.69,470212.91,01-Sep-2024,11/06/2024
2182,251,104,APPROVED,Personal Loan,NGN,16906175.45,10481.83,19.17,48,4177512.72,12728662.73,07-Jul-2021,16-Jan-2026
2183,1117,109, Active ,Trade Finance / Import,KES,4428952.51,34102.93,26.97,24,115305.71,4313646.8,01/13/2021,08/08/2026
2184,549,103, Active ,SME Working Capital,NGN,12074383.64,7486.12,26.74,60,4513051.58,7561332.06,06/25/2021,26/11/2026
2185,749,106,active,Trade Finance / Import,GHS,15860518.88,1046794.25,10.49,12,658956.46,15201562.42,24-Jan-2021,13/12/2026
2186,1390,102,defaulted,Education Finance,NGN,7020422.78,4352.66,5.14,36,3501651.15,3518771.63,09/04/2020,2027-08-13
2187,1310,108,approved,Auto Loan,KES,16008810.9,123267.84,10.57,18,4587777.3,11421033.6,27-Jun-2022,11-Oct-2023
2188,192,101,fully paid,Trade Finance / Import,NGN,7439610.89,4612.56,13.36,12,2051365.82,5388245.07,2021-02-15,12/28/2027
2189,235,115,RESTRUCTURED,Asset Finance,USD,603155.94,603155.94,15.79,24,565929.98,37225.96,05/03/2021,05/07/2025
2190,164,111,defaulted,Asset Finance,ZAR,16394938.19,901721.6,21.32,60,10825430.93,5569507.26,29/04/2020,04/12/2024
2191,644,110,PENDING REVIEW,Trade Finance / Import,ZAR,652749.17,35901.2,7.27,24,107139.89,545609.28,13/09/2023,2026-09-09
2192,1713,112,RESTRUCTURED,Personal Loan,GBP,19427817.48,24673328.2,5.15,24,12865316.26,6562501.22,02/09/2023,01/07/2026
2193,775,103,PENDING REVIEW,Asset Finance,NGN,882947.91,547.43,7.65,36,415066.87,467881.04,2021-06-22,28-Dec-2025
2194,66,113,restructured,Agricultural Loan,EUR,1848553.21,1996437.47,8.98,24,1459021.59,389531.62,2021-12-05,28-Feb-2027
2195,1814,110,WRITTEN OFF,Trade Finance / Import,ZAR,15723072.28,864768.98,13.85,24,8375877.16,7347195.12,08/11/2023,2025-02-21
2196,1528,106,PENDING REVIEW,Trade Finance / Import,GHS,10835937.05,715171.85,22.33,12,4122803.74,6713133.31,11-Sep-2024,14-Feb-2026
2197,1385,105,fully paid,Mortgage,NGN,12652036.65,7844.26,4.59,48,4530200.39,8121836.26,01/23/2022,26-May-2026
2198,1502,112,Fully Paid,Personal Loan,GBP,14217356.14,18056042.3,22.16,6,10415199.92,3802156.22,2023-03-10,03/22/2027
2199,1611,114,DEFAULTED,Trade Finance / Import,AED,18511756.83,5035197.86,17.57,24,7454941.89,11056814.94,06-Aug-2021,2027-04-06
2200,1828,109, Active ,Education Finance,KES,19298671.53,148599.77,14.87,60,11600487.69,7698183.84,06/21/2022,2024-02-07
2201,740,106, Active ,Auto Loan,GHS,1968210.29,129901.88,24.52,24,1041368.23,926842.06,31-Mar-2020,10/12/2027
2202,1278,102,defaulted,Agricultural Loan,NGN,5041129.61,3125.5,20.61,36,3008310.44,2032819.17,06/23/2020,20-Apr-2024
2203,323,107,PENDING REVIEW,Education Finance,GHS,14020584.28,925358.56,14.75,60,8428496.41,5592087.87,2021-07-11,02/26/2026
2204,1908,109,FULLY PAID,Education Finance,KES,4621716.54,35587.22,23.06,18,2781593.27,1840123.27,05-Nov-2023,02/24/2025
2205,992,112,approved,Agricultural Loan,GBP,11450331.33,14541920.79,17.55,6,10485921.16,964410.17,2024-08-31,10/10/2023
2206,1934,103, Active ,Education Finance,NGN,15489418.45,9603.44,18.13,6,15217450.39,271968.06,22-Apr-2024,03/10/2025
2207,618,114,active,SME Working Capital,AED,8587231.2,2335726.89,16.89,36,7934230.9,653000.3,06/12/2023,13-Apr-2026
2208,1781,104,Fully Paid,Asset Finance,NGN,5007431.76,3104.61,13.35,6,3991980.96,1015450.8,11/08/2024,26/03/2023
2209,233,101,approved,Mortgage,NGN,19393201.93,12023.79,20.09,60,6998827.69,12394374.24,2020-06-15,2024-07-01
2210,436,105,active,SME Working Capital,NGN,10170550.43,6305.74,26.03,36,1502726.87,8667823.56,2021-02-21,2026-12-22
2211,1492,101,FULLY PAID,Mortgage,NGN,5031020.31,3119.23,10.89,12,4603978.52,427041.79,20/06/2020,17-Feb-2023
2212,1038,108,RESTRUCTURED,Asset Finance,KES,18810666.71,144842.13,25.41,12,13935923.88,4874742.83,10/04/2021,2023-11-18
2213,197,106,pending review,SME Working Capital,GHS,9565825.06,631344.45,22.79,24,5840434.31,3725390.75,2020-01-04,23-Nov-2025
2214,408,104,ACTIVE,Trade Finance / Import,NGN,3654227.08,2265.62,14.18,24,1244168.34,2410058.74,15/07/2020,12/12/2025
2215,528,102,WRITTEN OFF,Asset Finance,NGN,13634561.79,8453.43,23.47,36,5177481.38,8457080.41,20/02/2024,2024-01-10
2216,243,104,PENDING REVIEW,Auto Loan,NGN,17694520.15,10970.6,17.41,24,7818856.56,9875663.59,04-Jan-2024,2027-08-13
2217,750,108,pending review,Trade Finance / Import,KES,9398654.94,72369.64,4.96,24,6763035.3,2635619.64,03/02/2023,01/09/2023
2218,726,115,pending review,Auto Loan,USD,3827584.97,3827584.97,4.44,60,1963656.23,1863928.74,05/26/2024,2024-05-01
2219,104,107,RESTRUCTURED,Auto Loan,GHS,3297200.79,217615.25,14.95,60,922606.72,2374594.07,2024-11-28,03-Apr-2024
2220,1911,102,pending review,Agricultural Loan,NGN,1380543.55,855.94,14.74,60,642802.31,737741.24,06/10/2024,01/05/2025
2221,1504,112,WRITTEN OFF,Asset Finance,GBP,14455147.43,18358037.24,15.09,24,6986130.56,7469016.87,10/12/2024,12/10/2027
2222,328,104,approved,Trade Finance / Import,NGN,1361411.52,844.08,14.08,6,312879.17,1048532.35,04/08/2021,03-Jan-2023
2223,1476,104,fully paid,Auto Loan,NGN,12004761.41,7442.95,20.24,48,5437843.97,6566917.44,10/28/2024,18/02/2024
2224,813,102,Fully Paid,Trade Finance / Import,NGN,5004397.0,3102.73,7.48,36,751068.62,4253328.38,25/01/2020,19/12/2024
2225,578,112,PENDING REVIEW,Trade Finance / Import,GBP,16094252.72,20439700.95,18.19,60,7321158.23,8773094.49,23-Feb-2023,17-Aug-2026
2226,1185,112,defaulted,Education Finance,GBP,9267642.46,11769905.92,20.36,18,579291.53,8688350.93,2021-10-16,26/08/2027
2227,1590,111,RESTRUCTURED,SME Working Capital,ZAR,14557384.62,800656.15,19.59,6,7703579.7,6853804.92,06/19/2024,2026-09-09
2228,1225,101,defaulted,SME Working Capital,NGN,5369422.44,3329.04,11.61,60,1825932.45,3543489.99,04/22/2021,05/10/2023
2229,736,108,RESTRUCTURED,SME Working Capital,KES,5487942.26,42257.16,26.82,48,3607196.98,1880745.28,04/10/2022,2023-06-03
2230,1639,101, Active ,SME Working Capital,NGN,9563903.7,5929.62,11.56,12,1525839.11,8038064.59,05/02/2020,01/16/2026
2231,155,105,PENDING REVIEW,Mortgage,NGN,1435304.78,889.89,26.92,36,128072.49,1307232.29,15-Feb-2022,22/01/2024
2232,329,111,active,SME Working Capital,ZAR,899587.29,49477.3,18.59,12,162805.35,736781.94,01-Jun-2024,2025-03-24
2233,1669,108,fully paid,Auto Loan,KES,16744824.6,128935.15,8.12,18,3662765.62,13082058.98,14/03/2021,08-Jun-2023
2234,922,113,Fully Paid,Agricultural Loan,EUR,9844280.32,10631822.75,5.94,60,6256190.63,3588089.69,11-Dec-2022,22-Feb-2026
2235,1794,108,restructured,Agricultural Loan,KES,19002711.69,146320.88,19.07,12,7333287.22,11669424.47,31/05/2023,2026-07-13
2236,1948,109,PENDING REVIEW,Agricultural Loan,KES,18192476.08,140082.07,17.9,60,12316611.77,5875864.31,24/06/2023,2026-05-16
2237,485,107,WRITTEN OFF,Education Finance,GHS,1696907.21,111995.88,22.36,36,466965.14,1229942.07,02-Jun-2024,2024-11-10
2238,1922,108,active,Education Finance,KES,17357026.32,133649.1,15.03,18,10738501.65,6618524.67,2023-07-16,30-Mar-2027
2239,275,109,written off,Education Finance,KES,16350686.16,125900.28,13.85,6,2579019.88,13771666.28,2020-04-07,23/07/2027
2240,111,109,DEFAULTED,SME Working Capital,KES,17074018.82,131469.94,22.92,48,3228984.28,13845034.54,11/05/2024,2026-08-11
2241,370,106,written off,Auto Loan,GHS,5790337.61,382162.28,22.38,36,853605.87,4936731.74,16/09/2022,08/13/2026
2242,1738,115,approved,SME Working Capital,USD,14777386.82,14777386.82,9.19,12,9960624.07,4816762.75,16-Apr-2021,07-Dec-2026
2243,943,107,APPROVED,SME Working Capital,GHS,433832.22,28632.93,24.07,12,419475.9,14356.32,13-Dec-2021,28-Jun-2027
2244,631,115,Fully Paid,Asset Finance,USD,8962968.67,8962968.67,8.09,12,8686913.54,276055.13,06/09/2024,2024-05-21
2245,644,110,FULLY PAID,Education Finance,ZAR,964988.43,53074.36,6.85,60,122847.88,842140.55,2024-02-03,03-Nov-2023
2246,1996,108,RESTRUCTURED,Education Finance,KES,4906232.89,37777.99,6.35,60,3615190.97,1291041.92,03/20/2021,10-Jul-2025
2247,1710,108,FULLY PAID,SME Working Capital,KES,14736428.07,113470.5,10.2,18,3253258.11,11483169.96,21/07/2021,01/05/2026
2248,1619,109,active,Education Finance,KES,2374592.56,18284.36,4.44,60,231542.69,2143049.87,07/12/2024,2026-01-24
2249,1703,111,PENDING REVIEW,SME Working Capital,ZAR,149136.92,8202.53,13.49,60,18756.23,130380.69,2024-07-27,29/06/2025
2250,269,102,DEFAULTED,Mortgage,NGN,17258787.57,10700.45,21.62,60,15715670.26,1543117.31,08/11/2020,05/13/2027
2251,1448,110,defaulted,SME Working Capital,ZAR,4112847.37,226206.61,25.02,48,1850870.37,2261977.0,23/10/2023,22-Jul-2024
2252,669,107,active,Education Finance,GHS,2852676.81,188276.67,12.19,60,2679383.12,173293.69,2024-10-01,20-Feb-2024
2253,1886,104,active,Trade Finance / Import,NGN,14040536.24,8705.13,10.45,36,6864248.37,7176287.87,06/07/2021,04-Nov-2025
2254,1413,109,WRITTEN OFF,Auto Loan,KES,4789668.48,36880.45,20.75,24,1958433.73,2831234.75,16/12/2022,06/16/2026
2255,902,111,PENDING REVIEW,SME Working Capital,ZAR,8611526.92,473633.98,10.58,18,1941404.54,6670122.38,2022-10-09,07/03/2023
2256,1926,111,FULLY PAID,Asset Finance,ZAR,10848546.72,596670.07,16.08,18,7861045.58,2987501.14,2022-09-26,11/04/2026
2257,1912,104,written off,Asset Finance,NGN,5390077.45,3341.85,27.93,60,355656.55,5034420.9,12/19/2023,16/01/2025
2258,1636,111,defaulted,Mortgage,ZAR,9731223.98,535217.32,17.83,12,4348109.41,5383114.57,2021-03-15,04/12/2025
2259,697,111,RESTRUCTURED,Education Finance,ZAR,2458407.64,135212.42,18.6,36,2447863.05,10544.59,31/03/2022,26/11/2023
2260,1584,101,fully paid,Agricultural Loan,NGN,594659.88,368.69,4.09,60,37576.53,557083.35,10/19/2021,22/07/2023
2261,1737,113,approved,Trade Finance / Import,EUR,14335856.34,15482724.85,19.44,36,11463440.14,2872416.2,20/04/2020,06/09/2026
2262,869,111,FULLY PAID,Auto Loan,ZAR,4346447.51,239054.61,11.04,6,1021376.36,3325071.15,28-Jul-2024,2026-10-27
2263,1350,113,RESTRUCTURED,Auto Loan,EUR,5748069.57,6207915.14,9.56,48,4494574.13,1253495.44,11/09/2020,08/15/2024
2264,1892,107,restructured,Education Finance,GHS,6268261.09,413705.23,26.94,6,5437053.67,831207.42,28/06/2020,14-May-2027
2265,111,109,fully paid,Trade Finance / Import,KES,5222435.48,40212.75,23.48,6,3675983.39,1546452.09,2024-11-13,2024-11-17
2266,1602,114,written off,Education Finance,AED,13852179.45,3767792.81,13.2,36,8442246.89,5409932.56,10/20/2022,12/01/2025
2267,1603,108,active,Trade Finance / Import,KES,13318268.69,102550.67,25.1,12,3390407.36,9927861.33,28/08/2021,03/11/2027
2268,391,106,pending review,Auto Loan,GHS,18336287.38,1210194.97,27.54,24,15836275.07,2500012.31,09/07/2022,19-Oct-2024
2269,1259,101,RESTRUCTURED,Education Finance,NGN,10583957.6,6562.05,25.11,36,4354252.02,6229705.58,05-May-2023,08-Jul-2024
2270,588,108,FULLY PAID,Agricultural Loan,KES,13278015.73,102240.72,7.97,6,157205.34,13120810.39,26-Jun-2021,03/06/2026
2271,1073,113,WRITTEN OFF,Education Finance,EUR,17211322.39,18588228.18,6.05,48,1606379.03,15604943.36,09/01/2023,05/28/2026
2272,1155,106,FULLY PAID,Mortgage,GHS,2900123.74,191408.17,27.71,60,879050.67,2021073.07,09/09/2024,02-Oct-2023
2273,415,114,defaulted,Mortgage,AED,10415171.05,2832926.53,8.16,6,9588016.76,827154.29,2021-10-12,31/07/2024
2274,22,110,Fully Paid,SME Working Capital,ZAR,13715961.96,754377.91,26.09,48,12836077.61,879884.35,09/08/2022,22/11/2023
2275,1774,104, Active ,Personal Loan,NGN,16385778.67,10159.18,10.17,48,9941863.85,6443914.82,09/10/2020,10/04/2027
2276,1809,104,written off,Mortgage,NGN,1299731.68,805.83,10.25,18,682074.47,617657.21,10/11/2020,01/06/2027
2277,208,102,Fully Paid,Education Finance,NGN,15449183.18,9578.49,9.09,12,8571131.94,6878051.24,13/06/2022,05-Jul-2025
2278,1147,112,DEFAULTED,Education Finance,GBP,210667.11,267547.23,15.65,12,166123.4,44543.71,2020-06-13,25-Jul-2026
2279,1385,105,defaulted,Personal Loan,NGN,17148197.48,10631.88,17.45,36,2826535.23,14321662.25,01/20/2022,01/30/2025
2280,1479,105,FULLY PAID,Personal Loan,NGN,8185053.34,5074.73,21.81,12,6818350.0,1366703.34,2024-10-15,07/29/2027
2281,225,112,WRITTEN OFF,Agricultural Loan,GBP,7412604.11,9414007.22,18.63,48,1467748.64,5944855.47,01/22/2020,08/25/2027
2282,1182,107,restructured,Trade Finance / Import,GHS,5271367.6,347910.26,6.56,60,1667467.07,3603900.53,19/01/2023,18/06/2025
2283,7,110,written off,Trade Finance / Import,ZAR,5103690.72,280702.99,15.78,48,2778695.43,2324995.29,03-Jun-2023,2027-03-29
2284,578,112,fully paid,Education Finance,GBP,17512952.29,22241449.41,12.09,24,13965031.92,3547920.37,2021-02-10,04/25/2026
2285,1464,102,PENDING REVIEW,Education Finance,NGN,7038587.46,4363.92,13.64,48,4025734.26,3012853.2,09-Jan-2021,06-May-2024
2286,712,112,restructured,Personal Loan,GBP,943418.96,1198142.08,12.58,6,45724.45,897694.51,2024-10-24,08/31/2024
2287,739,111,PENDING REVIEW,SME Working Capital,ZAR,9932593.19,546292.63,18.29,12,3566425.27,6366167.92,12-Oct-2021,08/19/2025
2288,441,113,RESTRUCTURED,Asset Finance,EUR,2849538.3,3077501.36,7.21,48,535183.35,2314354.95,30-Nov-2021,07/01/2024
2289,187,106,active,Agricultural Loan,GHS,14316146.22,944865.65,4.54,24,8653203.2,5662943.02,2022-06-14,2027-12-17
2290,260,108,Fully Paid,Mortgage,KES,16153980.53,124385.65,18.24,48,2991011.16,13162969.37,27/02/2024,18/09/2025
2291,716,107,restructured,Personal Loan,GHS,18032776.51,1190163.25,25.59,48,1580252.17,16452524.34,2023-12-20,2023-11-09
2292,83,115,WRITTEN OFF,Trade Finance / Import,USD,12831074.11,12831074.11,25.81,12,233728.32,12597345.79,2020-10-24,18/12/2023
2293,871,111,active,Asset Finance,ZAR,10479659.5,576381.27,4.41,6,3615981.06,6863678.44,12/03/2022,05/14/2023
2294,1531,104,restructured,SME Working Capital,NGN,9710084.69,6020.25,26.02,60,8736191.68,973893.01,11/01/2022,10/01/2026
2295,1757,115,written off,Personal Loan,USD,1546996.9,1546996.9,23.14,18,185857.74,1361139.16,12/25/2023,04/17/2026
2296,2,104,active,Education Finance,NGN,1162970.74,721.04,26.09,48,832833.79,330136.95,11/14/2021,06-Jan-2027
2297,94,114,PENDING REVIEW,Agricultural Loan,AED,11344367.26,3085667.89,27.17,24,7905697.49,3438669.77,2022-11-26,2023-09-11
2298,230,101,defaulted,Personal Loan,NGN,12689820.01,7867.69,25.35,24,5849721.55,6840098.46,25-Jan-2022,23/05/2023
2299,565,113,FULLY PAID,Asset Finance,EUR,7218954.51,7796470.87,27.67,12,4918958.13,2299996.38,11/22/2021,03/31/2026
2300,207,114,approved,Asset Finance,AED,9218565.65,2507449.86,7.44,48,390745.25,8827820.4,16-Nov-2024,07/25/2023
2301,1433,108,restructured,Auto Loan,KES,18262798.52,140623.55,24.69,48,11810268.85,6452529.67,2023-01-16,23-Mar-2024
2302,125,115,fully paid,SME Working Capital,USD,2109908.56,2109908.56,13.45,18,183648.05,1926260.51,2020-01-04,2023-01-13
2303,1409,113,active,SME Working Capital,EUR,19986142.56,21585033.96,5.58,60,9588158.06,10397984.5,2021-02-01,30/04/2024
2304,235,115,ACTIVE,Trade Finance / Import,USD,3319669.34,3319669.34,25.48,6,759966.52,2559702.82,23/01/2023,05/09/2027
2305,1632,107,DEFAULTED,Agricultural Loan,GHS,17172006.25,1133352.41,22.82,48,10277746.68,6894259.57,27/02/2022,29/06/2027
2306,1837,104,PENDING REVIEW,Trade Finance / Import,NGN,4299529.04,2665.71,26.33,36,2555573.67,1743955.37,05/06/2023,2027-02-22
2307,1992,115, Active ,Mortgage,USD,12150762.65,12150762.65,25.61,18,8174931.45,3975831.2,27/10/2021,08/31/2026
2308,995,110,defaulted,Mortgage,ZAR,3907229.52,214897.62,20.0,12,3646558.06,260671.46,11/08/2021,27-May-2023
2309,1108,111,APPROVED,Education Finance,ZAR,4065432.92,223598.81,6.54,60,432324.13,3633108.79,2022-01-23,2025-02-11
2310,1739,106,pending review,Auto Loan,GHS,19067247.18,1258438.31,24.69,12,7289411.9,11777835.28,17-Sep-2023,07/02/2024
2311,185,104,RESTRUCTURED,Trade Finance / Import,NGN,322853.93,200.17,11.51,6,51074.3,271779.63,19-Sep-2022,20/12/2025
2312,426,111,active,Asset Finance,ZAR,11461362.81,630374.95,6.0,12,3177664.68,8283698.13,12/04/2024,21-Dec-2027
2313,754,114,Fully Paid,Education Finance,AED,14996193.43,4078964.61,9.51,36,7748296.57,7247896.86,2023-06-07,22/05/2023
2314,175,105,pending review,SME Working Capital,NGN,9749412.57,6044.64,13.7,12,7758720.42,1990692.15,03/12/2022,06/04/2025
2315,1325,109,pending review,Asset Finance,KES,10300699.45,79315.39,8.37,24,10226585.55,74113.9,2024-03-04,11/11/2024
2316,390,110,ACTIVE,Personal Loan,ZAR,2054366.56,112990.16,21.57,60,389675.43,1664691.13,05/29/2023,04-Feb-2025
2317,768,107,Fully Paid,SME Working Capital,GHS,4377048.52,288885.2,16.67,24,3999674.7,377373.82,23/08/2022,09/23/2024
2318,1075,103,approved,Asset Finance,NGN,7162465.3,4440.73,25.27,12,3548207.43,3614257.87,31/05/2024,26/11/2024
2319,628,111,pending review,Personal Loan,ZAR,9967155.19,548193.54,10.54,18,5756349.71,4210805.48,01-Apr-2022,21-Apr-2023
2320,841,106,approved,Asset Finance,GHS,5011750.84,330775.56,27.13,12,3009017.24,2002733.6,05/16/2020,29-Aug-2023
2321,424,114, Active ,Personal Loan,AED,14513792.24,3947751.49,8.86,48,9924638.01,4589154.23,2023-01-03,16/04/2025
2322,1984,115,WRITTEN OFF,Agricultural Loan,USD,16296102.09,16296102.09,5.56,24,7118178.33,9177923.76,11/24/2022,10/11/2026
2323,429,108,approved,Asset Finance,KES,17124021.92,131854.97,5.09,36,16454759.85,669262.07,11-May-2023,19/06/2024
2324,496,109,FULLY PAID,Auto Loan,KES,4472817.75,34440.7,10.31,6,3375812.74,1097005.01,11-Sep-2022,20/10/2026
2325,683,114,active,Asset Finance,AED,13536128.7,3681827.01,18.46,36,3647591.5,9888537.2,15/09/2023,15-Oct-2027
2326,1835,113,defaulted,Agricultural Loan,EUR,19482356.37,21040944.88,12.23,6,17850977.54,1631378.83,03/03/2022,10/02/2025
2327,196,108,approved,Auto Loan,KES,5531007.48,42588.76,9.33,48,12997.99,5518009.49,12-Nov-2024,04/29/2027
2328,1081,111,WRITTEN OFF,Personal Loan,ZAR,15682230.96,862522.7,19.44,48,15389327.85,292903.11,22/01/2022,11/11/2027
2329,662,106,approved,SME Working Capital,GHS,2192290.54,144691.18,7.52,18,41157.86,2151132.68,25/02/2022,03/31/2024
2330,542,115,approved,Auto Loan,USD,19333921.14,19333921.14,18.6,60,15866505.71,3467415.43,13/10/2024,16/01/2024
2331,1136,110,approved,Education Finance,ZAR,4806189.64,264340.43,12.34,48,2367248.17,2438941.47,2022-05-31,2024-01-03
2332,1845,115,DEFAULTED,Mortgage,USD,6575950.45,6575950.45,16.12,6,2234427.93,4341522.52,29-Jul-2020,09/21/2023
2333,604,114,PENDING REVIEW,Mortgage,AED,9120020.26,2480645.51,14.2,18,6272711.22,2847309.04,18/03/2022,22-Jan-2026
2334,150,114, Active ,Personal Loan,AED,1733005.53,471377.5,26.56,24,1541471.31,191534.22,06/21/2022,19-Jul-2026
2335,603,111,written off,Education Finance,ZAR,3993844.83,219661.47,24.79,24,3798879.11,194965.72,07/15/2020,2024-03-25
2336,1027,108,RESTRUCTURED,Personal Loan,KES,11108867.59,85538.28,17.85,18,3393785.24,7715082.35,2021-03-29,16-Nov-2026
2337,1678,113,PENDING REVIEW,Education Finance,EUR,16740266.54,18079487.86,5.9,18,7870171.83,8870094.71,21-Dec-2024,21-Feb-2025
2338,1907,108,FULLY PAID,Mortgage,KES,16321653.45,125676.73,7.15,36,7153877.95,9167775.5,23-Feb-2024,02-Jul-2027
2339,815,102,DEFAULTED,Trade Finance / Import,NGN,18993802.54,11776.16,19.82,36,312831.63,18680970.91,16-Jun-2023,07/10/2023
2340,946,113,DEFAULTED,Agricultural Loan,EUR,5685442.79,6140278.21,5.35,6,5456737.04,228705.75,2024-01-03,2027-08-21
2341,1263,106,restructured,Mortgage,GHS,11056842.24,729751.59,23.85,18,1512048.47,9544793.77,13/07/2020,15-Sep-2023
2342,1743,114,written off,Agricultural Loan,AED,7547608.73,2052949.57,12.82,12,5143077.89,2404530.84,01/02/2020,2025-01-31
2343,261,107,ACTIVE,Asset Finance,GHS,4444578.64,293342.19,24.79,24,768709.08,3675869.56,01/09/2023,03/12/2024
2344,413,111,approved,SME Working Capital,ZAR,6662713.32,366449.23,12.37,48,3669145.66,2993567.66,27/08/2022,07/24/2023
2345,1462,106,approved,Agricultural Loan,GHS,6621260.84,437003.22,26.82,48,106595.56,6514665.28,09/10/2021,12/09/2027
2346,1506,113,restructured,Auto Loan,EUR,4671637.19,5045368.17,21.89,18,603781.37,4067855.82,10/29/2020,10/01/2025
2347,894,110,Fully Paid,Personal Loan,ZAR,11549209.63,635206.53,11.44,12,1318829.67,10230379.96,12/10/2020,26-Jul-2027
2348,118,103,approved,Personal Loan,NGN,7301415.13,4526.88,25.42,24,1214901.35,6086513.78,06/29/2022,2025-09-07
2349,867,111,defaulted,SME Working Capital,ZAR,6745157.9,370983.68,14.08,18,5010671.67,1734486.23,04/19/2022,27-Jun-2027
2350,198,103,active,Asset Finance,NGN,1354265.1,839.64,26.28,48,671524.8,682740.3,09-Jan-2024,2024-07-30
2351,807,115,FULLY PAID,SME Working Capital,USD,3727460.05,3727460.05,9.42,60,2625994.75,1101465.3,13-May-2021,2023-04-07
2352,1755,108,DEFAULTED,Agricultural Loan,KES,11963439.27,92118.48,21.51,18,6694748.99,5268690.28,2024-04-29,16-Nov-2024
2353,879,114,RESTRUCTURED,Mortgage,AED,3660484.78,995651.86,26.12,12,987869.8,2672614.98,11/04/2023,2024-08-26
2354,173,104,active,Personal Loan,NGN,9881042.98,6126.25,25.26,60,6660351.65,3220691.33,22-Dec-2021,2025-02-25
2355,1105,114,defaulted,Trade Finance / Import,AED,13960138.83,3797157.76,26.27,12,9633954.36,4326184.47,28/02/2021,24/03/2024
2356,660,111,WRITTEN OFF,Agricultural Loan,ZAR,7727745.82,425026.02,5.17,18,313013.27,7414732.55,2020-09-26,2023-05-29
2357,1168,112,pending review,Auto Loan,GBP,18843147.98,23930797.93,5.75,36,13981883.22,4861264.76,09/08/2020,04/14/2026
2358,1229,106,pending review,Agricultural Loan,GHS,5167458.1,341052.23,10.82,60,2052287.03,3115171.07,01/08/2024,08/09/2027
2359,859,110,ACTIVE,Agricultural Loan,ZAR,11405737.07,627315.54,16.85,60,6250566.09,5155170.98,15-Nov-2020,2024-06-24
2360,879,114, Active ,Mortgage,AED,5014131.17,1363843.68,21.26,6,2678150.37,2335980.8,14/09/2021,27-Dec-2026
2361,1813,109,FULLY PAID,Agricultural Loan,KES,3013117.94,23201.01,19.71,24,1715015.68,1298102.26,01-Apr-2023,05/03/2023
2362,607,111,restructured,Personal Loan,ZAR,8399612.09,461978.66,11.87,24,4985792.29,3413819.8,17/03/2020,07/01/2024
2363,824,108,approved,Mortgage,KES,14143527.89,108905.16,20.04,36,6779915.09,7363612.8,27/03/2024,2024-09-24
2364,263,105,approved,Agricultural Loan,NGN,6144024.86,3809.3,13.98,36,845838.96,5298185.9,04/05/2023,12/19/2027
2365,80,109,Fully Paid,Asset Finance,KES,19030189.48,146532.46,21.3,60,2414699.56,16615489.92,19/10/2022,06-Sep-2024
2366,1904,112,restructured,Personal Loan,GBP,1247550.94,1584389.69,4.85,36,194256.74,1053294.2,2023-02-14,25-Feb-2026
2367,1625,106,PENDING REVIEW,Asset Finance,GHS,18462753.65,1218541.74,11.13,18,11103036.78,7359716.87,2024-11-08,08/24/2027
2368,1269,106,FULLY PAID,Asset Finance,GHS,19865245.88,1311106.23,4.96,36,17517013.05,2348232.83,2021-07-31,07-May-2025
2369,490,113,approved,Asset Finance,EUR,18578330.85,20064597.32,12.31,24,15749929.84,2828401.01,06/06/2024,16-Aug-2026
2370,613,103,pending review,SME Working Capital,NGN,17642543.6,10938.38,18.81,60,10165262.47,7477281.13,14/01/2021,2027-12-04
2371,928,109,PENDING REVIEW,SME Working Capital,KES,3849333.63,29639.87,20.67,24,1252488.11,2596845.52,03/04/2023,2027-03-09
2372,844,115,PENDING REVIEW,Agricultural Loan,USD,15455220.38,15455220.38,7.73,48,6214371.13,9240849.25,19-Sep-2021,2023-09-20
2373,1343,115,DEFAULTED,SME Working Capital,USD,464349.8,464349.8,16.66,12,32465.15,431884.65,2020-05-23,2026-07-28
2374,1925,115,ACTIVE,Auto Loan,USD,15279371.89,15279371.89,13.89,60,4852584.56,10426787.33,2021-01-08,2026-02-17
2375,680,106,restructured,Mortgage,GHS,13237899.08,873701.34,10.29,24,11292082.18,1945816.9,2020-05-10,10/03/2025
2376,1320,107,fully paid,Trade Finance / Import,GHS,3195885.33,210928.43,16.61,36,1869538.59,1326346.74,11/11/2021,31/05/2025
2377,1552,111, Active ,Auto Loan,ZAR,13468266.06,740754.63,11.18,12,12013618.56,1454647.5,04/07/2021,11-Jul-2027
2378,642,108,Fully Paid,Education Finance,KES,2367786.91,18231.96,21.3,12,1704632.64,663154.27,13-Sep-2024,02/27/2027
2379,1774,104,ACTIVE,Education Finance,NGN,13495941.68,8367.48,27.09,18,566229.82,12929711.86,2021-04-29,09/12/2023
2380,757,108,restructured,Asset Finance,KES,1610037.16,12397.29,22.46,12,1325342.59,284694.57,12/07/2022,12/21/2023
2381,1462,106,ACTIVE,Education Finance,GHS,16836325.37,1111197.47,24.13,36,5552924.16,11283401.21,2024-12-09,09/07/2023
2382,506,104,FULLY PAID,Agricultural Loan,NGN,4320823.82,2678.91,9.11,12,1643007.17,2677816.65,2022-08-15,2027-09-06
2383,1848,104,restructured,Education Finance,NGN,19633240.07,12172.61,23.41,12,14079624.57,5553615.5,04/06/2020,25/06/2025
2384,707,112,approved,Asset Finance,GBP,13274754.23,16858937.87,4.34,24,3205838.79,10068915.44,07/03/2024,23-Aug-2026
2385,1395,115,approved,Trade Finance / Import,USD,12721329.45,12721329.45,24.89,12,2207918.93,10513410.52,13/12/2020,18-Feb-2024
2386,530,105,PENDING REVIEW,Auto Loan,NGN,10590241.26,6565.95,26.31,6,5051431.47,5538809.79,18/12/2021,07/04/2027
2387,150,114, Active ,Trade Finance / Import,AED,14489413.64,3941120.51,22.51,18,4349578.78,10139834.86,27-Jan-2024,31-May-2023
2388,1634,105,approved,Trade Finance / Import,NGN,18351568.09,11377.97,24.17,60,1676291.55,16675276.54,07-Jan-2022,2027-07-22
2389,1010,110,APPROVED,Education Finance,ZAR,15265790.54,839618.48,24.86,36,14269306.86,996483.68,12/16/2020,23-May-2024
2390,714,111,active,Education Finance,ZAR,12274589.49,675102.42,13.32,60,1138111.88,11136477.61,06/14/2024,01/03/2024
2391,397,111,restructured,Personal Loan,ZAR,19508367.49,1072960.21,9.02,6,6336112.21,13172255.28,12/18/2024,2023-04-21
2392,523,112,ACTIVE,SME Working Capital,GBP,15246222.01,19362701.95,15.34,12,12449425.1,2796796.91,07-Sep-2021,03/18/2023
2393,240,111,written off,Education Finance,ZAR,9283237.22,510578.05,7.64,6,7424265.44,1858971.78,30-May-2022,2026-12-04
2394,1917,108,approved,SME Working Capital,KES,4117244.38,31702.78,11.97,36,2039163.1,2078081.28,2020-06-07,21/10/2026
2395,1386,102,ACTIVE,Asset Finance,NGN,17300821.55,10726.51,19.52,36,2810139.39,14490682.16,08-Feb-2020,2024-04-28
2396,316,111,RESTRUCTURED,Trade Finance / Import,ZAR,1814036.7,99772.02,6.07,60,970811.81,843224.89,2023-05-13,07/04/2026
2397,1239,105,defaulted,Auto Loan,NGN,19171715.41,11886.46,11.54,48,10584462.67,8587252.74,2022-04-30,08/08/2026
2398,323,107,fully paid,Asset Finance,GHS,8705942.74,574592.22,23.98,24,1982187.95,6723754.79,12/11/2021,2027-08-20
2399,850,102,PENDING REVIEW,Mortgage,NGN,19200491.81,11904.3,17.45,24,4651153.08,14549338.73,05/14/2021,03/15/2026
2400,1681,106,approved,Agricultural Loan,GHS,12093762.76,798188.34,12.63,48,318226.18,11775536.58,12/15/2023,2027-02-19
2401,341,103,FULLY PAID,Personal Loan,NGN,18734263.12,11615.24,5.77,60,2609813.19,16124449.93,08/09/2021,2023-12-24
2402,638,101,APPROVED,SME Working Capital,NGN,3902722.34,2419.69,21.91,48,768808.8,3133913.54,05/22/2020,14-Dec-2027
2403,39,102,pending review,Personal Loan,NGN,18537982.98,11493.55,11.65,6,3647287.0,14890695.98,03-Mar-2024,2026-02-02
2404,815,102,defaulted,Education Finance,NGN,7844996.21,4863.9,20.86,18,1828386.62,6016609.59,14-Nov-2023,05/31/2026
2405,1919,106,approved,Asset Finance,GHS,1615179.26,106601.83,14.69,48,120395.9,1494783.36,10/09/2022,2026-02-13
2406,538,102,WRITTEN OFF,SME Working Capital,NGN,1668526.66,1034.49,27.77,24,849204.1,819322.56,01/22/2024,12/12/2026
2407,1184,101,WRITTEN OFF,Auto Loan,NGN,10259941.42,6361.16,18.81,12,5677248.87,4582692.55,07/13/2023,11/30/2026
2408,330,102,Fully Paid,Auto Loan,NGN,9133096.82,5662.52,21.81,60,3742808.32,5390288.5,20/03/2023,10/08/2024
2409,1449,115,DEFAULTED,Mortgage,USD,12351907.05,12351907.05,9.59,18,211865.36,12140041.69,2023-05-16,03/15/2023
2410,1516,113, Active ,Trade Finance / Import,EUR,18964333.4,20481480.07,16.33,18,16551970.75,2412362.65,04/09/2021,27/03/2026
2411,1332,104,WRITTEN OFF,SME Working Capital,NGN,16685920.94,10345.27,21.5,18,1445883.46,15240037.48,2023-02-06,26-Jul-2024
2412,1619,109,FULLY PAID,Trade Finance / Import,KES,6333879.55,48770.87,4.28,60,978908.28,5354971.27,16/10/2022,07/06/2026
2413,340,114,RESTRUCTURED,Mortgage,AED,5900282.56,1604876.86,10.38,6,499564.25,5400718.31,22/09/2022,24/12/2024
2414,911,109,DEFAULTED,Auto Loan,KES,2914550.57,22442.04,11.03,24,1490751.93,1423798.64,2022-10-10,29-Sep-2027
2415,1171,105,APPROVED,Asset Finance,NGN,7149914.01,4432.95,6.04,48,4646725.15,2503188.86,24-Mar-2021,05-Jul-2024
2416,415,114,WRITTEN OFF,Personal Loan,AED,5264442.61,1431928.39,27.26,12,2224099.99,3040342.62,2024-05-24,2027-06-17
2417,870,105,PENDING REVIEW,Mortgage,NGN,3378660.88,2094.77,13.08,12,2661664.3,716996.58,15/09/2024,01/07/2027
2418,228,106,restructured,Education Finance,GHS,1993173.17,131549.43,21.13,6,1281673.02,711500.15,21-Dec-2021,07/02/2027
2419,329,111,written off,Mortgage,ZAR,19919427.21,1095568.5,21.55,60,6493346.21,13426081.0,17-Jan-2021,07/06/2025
2420,707,112,WRITTEN OFF,SME Working Capital,GBP,2138086.52,2715369.88,13.71,18,1942685.67,195400.85,26-Jan-2021,08-Apr-2026
2421,45,108,PENDING REVIEW,Agricultural Loan,KES,9006246.46,69348.1,14.23,48,3508318.44,5497928.02,31/01/2021,12-Sep-2027
2422,302,106,fully paid,Education Finance,GHS,5727202.44,377995.36,25.26,18,9421.71,5717780.73,10/08/2022,2026-09-27
2423,1121,103,ACTIVE,Mortgage,NGN,2354143.6,1459.57,25.84,24,954598.3,1399545.3,29-Dec-2020,2025-03-04
2424,763,113,fully paid,Education Finance,EUR,7507299.66,8107883.63,16.92,12,1031362.1,6475937.56,02-Sep-2020,06/12/2026
2425,1769,110, Active ,Auto Loan,ZAR,13164595.42,724052.75,12.95,36,5405350.24,7759245.18,2024-04-25,05/02/2027
2426,1430,115,WRITTEN OFF,Trade Finance / Import,USD,5450565.08,5450565.08,18.53,60,4721110.18,729454.9,28/02/2024,04/04/2023
2427,1341,112,FULLY PAID,Personal Loan,GBP,13426956.81,17052235.15,27.65,60,13025509.58,401447.23,26/01/2021,02/10/2026
2428,1781,104,PENDING REVIEW,Asset Finance,NGN,12749630.88,7904.77,22.5,36,4273226.41,8476404.47,2022-01-29,12-Feb-2027
2429,224,114,WRITTEN OFF,Asset Finance,AED,5588705.27,1520127.83,27.91,48,103724.04,5484981.23,2021-12-30,15-Mar-2023
2430,996,112,RESTRUCTURED,Mortgage,GBP,8421043.62,10694725.4,15.9,12,6664419.28,1756624.34,23/10/2023,06/04/2025
2431,846,103,fully paid,Education Finance,NGN,16513821.15,10238.57,23.05,6,13319377.21,3194443.94,25-Oct-2024,2023-11-11
2432,593,110,FULLY PAID,Mortgage,ZAR,12060929.26,663351.11,19.16,18,959174.92,11101754.34,29/12/2023,2027-08-29
2433,635,114,PENDING REVIEW,Personal Loan,AED,11372718.09,3093379.32,21.79,60,4141801.64,7230916.45,01/25/2021,10/18/2024
2434,1773,111,written off,Mortgage,ZAR,6093919.2,335165.56,12.5,12,1095138.88,4998780.32,03-May-2024,05/06/2023
2435,1074,109,defaulted,Personal Loan,KES,11628588.52,89540.13,7.99,48,4508615.77,7119972.75,12/18/2021,29/10/2024
2436,80,109,WRITTEN OFF,Auto Loan,KES,8714735.94,67103.47,6.36,18,5807091.21,2907644.73,24-Aug-2021,11-Oct-2025
2437,932,105,Fully Paid,Mortgage,NGN,5318961.25,3297.76,9.47,60,1652519.64,3666441.61,12/11/2021,03/14/2027
2438,604,114,ACTIVE,SME Working Capital,AED,8025434.34,2182918.14,13.57,36,1100806.99,6924627.35,11/06/2023,02-May-2023
2439,1751,107,WRITTEN OFF,Auto Loan,GHS,7027019.67,463783.3,5.69,12,6126249.13,900770.54,20/02/2022,30-Jan-2026
2440,959,114,Fully Paid,Auto Loan,AED,12981291.44,3530911.27,11.38,48,7090630.58,5890660.86,2024-12-17,09-Oct-2024
2441,1738,115,fully paid,Asset Finance,USD,8086632.1,8086632.1,23.86,36,588186.87,7498445.23,01/08/2022,10-May-2025
2442,873,109,fully paid,Auto Loan,KES,7223482.09,55620.81,13.23,6,3346371.91,3877110.18,2024-08-04,2023-08-09
2443,1617,109,FULLY PAID,Auto Loan,KES,1193613.46,9190.82,8.72,18,92691.06,1100922.4,02-Feb-2023,16-May-2024
2444,1459,102,pending review,Education Finance,NGN,9231706.85,5723.66,17.39,36,4019140.92,5212565.93,24-Jul-2021,07/19/2023
2445,737,103,DEFAULTED,Mortgage,NGN,17558763.41,10886.43,12.31,24,3279040.05,14279723.36,08/16/2023,06/18/2024
2446,1123,104,DEFAULTED,Trade Finance / Import,NGN,7178548.81,4450.7,18.79,60,2089930.24,5088618.57,15-Dec-2023,2024-08-26
2447,636,101,approved,Trade Finance / Import,NGN,17323359.76,10740.48,7.86,60,5369914.75,11953445.01,08/06/2023,01-Jun-2024
2448,443,110,fully paid,SME Working Capital,ZAR,302323.03,16627.77,9.89,6,142701.01,159622.02,2022-04-10,07/15/2025
2449,39,102,active,Asset Finance,NGN,8382774.7,5197.32,11.54,24,7045312.37,1337462.33,2021-01-13,2023-10-28
2450,1083,115,fully paid,Education Finance,USD,9745541.17,9745541.17,13.73,18,9473711.38,271829.79,27/03/2023,30/04/2025
2451,367,107,written off,Trade Finance / Import,GHS,4609609.97,304234.26,5.41,48,821865.22,3787744.75,2024-07-12,2027-12-22
2452,517,108,restructured,Mortgage,KES,4221605.02,32506.36,10.97,24,2912126.35,1309478.67,2022-09-01,2023-10-15
2453,1775,101,FULLY PAID,Trade Finance / Import,NGN,11653927.29,7225.43,13.4,24,4436814.27,7217113.02,18/09/2021,20-May-2025
2454,46,106,FULLY PAID,Agricultural Loan,GHS,12515854.58,826046.4,9.16,18,4625533.52,7890321.06,03/09/2023,2026-06-02
2455,534,103,pending review,Mortgage,NGN,19487295.52,12082.12,21.85,24,1581741.5,17905554.02,12/25/2024,2024-09-15
2456,1769,110,defaulted,Auto Loan,ZAR,17482769.95,961552.35,27.17,18,5862775.89,11619994.06,2024-11-25,10-Jan-2026
2457,1365,115,WRITTEN OFF,Mortgage,USD,5322502.29,5322502.29,23.78,6,2667576.17,2654926.12,25/07/2024,31-Jan-2024
2458,659,114,RESTRUCTURED,Trade Finance / Import,AED,19107043.23,5197115.76,7.81,60,15503170.26,3603872.97,11/13/2023,08/16/2026
2459,522,115,ACTIVE,Asset Finance,USD,15683952.4,15683952.4,13.56,12,4733385.75,10950566.65,14-Jun-2024,09/24/2023
2460,1259,101,fully paid,Mortgage,NGN,3075254.63,1906.66,15.15,48,2503103.39,572151.24,2021-04-04,06/22/2025
2461,743,110,RESTRUCTURED,Agricultural Loan,ZAR,19199607.61,1055978.42,6.46,36,16695173.31,2504434.3,12/01/2021,22/11/2024
2462,1301,113,FULLY PAID,Personal Loan,EUR,1386420.39,1497334.02,6.09,36,628860.4,757559.99,2024-11-28,29/01/2026
2463,743,110,pending review,SME Working Capital,ZAR,18301213.9,1006566.76,7.34,12,259338.17,18041875.73,10/01/2023,29-Sep-2026
2464,1228,109,written off,SME Working Capital,KES,915482.16,7049.21,6.18,60,20399.73,895082.43,04/19/2023,09/03/2027
2465,1552,111,ACTIVE,Agricultural Loan,ZAR,7782307.49,428026.91,17.55,12,6816760.55,965546.94,2022-03-13,01/02/2025
2466,837,114,approved,Agricultural Loan,AED,9454015.42,2571492.19,25.02,24,6475257.69,2978757.73,03/30/2022,10/07/2027
2467,1567,102,WRITTEN OFF,Education Finance,NGN,16066261.28,9961.08,26.35,18,14033636.23,2032625.05,2022-10-09,13/02/2025
2468,2000,114,DEFAULTED,Auto Loan,AED,16876649.82,4590448.75,23.42,24,13329951.05,3546698.77,13/01/2022,2026-08-04
2469,173,104,defaulted,Agricultural Loan,NGN,1493174.94,925.77,17.25,36,1033634.99,459539.95,03/16/2020,28/08/2024
2470,67,108,restructured,Asset Finance,KES,13489714.96,103870.81,6.17,24,1872596.8,11617118.16,2023-02-20,19/07/2026
2471,301,109,PENDING REVIEW,Mortgage,KES,3802939.14,29282.63,13.54,60,1712615.78,2090323.36,07/05/2020,2024-07-29
2472,1510,101,defaulted,Personal Loan,NGN,16947079.7,10507.19,18.39,60,9176884.53,7770195.17,13-May-2021,18-Aug-2026
2473,724,103,approved,Mortgage,NGN,1594835.48,988.8,6.33,24,604217.97,990617.51,30/12/2021,2023-07-04
2474,16,102,APPROVED,Personal Loan,NGN,12427852.84,7705.27,10.1,6,6439938.35,5987914.49,09/29/2020,02/03/2026
2475,1043,102,fully paid,Trade Finance / Import,NGN,1825084.6,1131.55,18.32,24,1508726.52,316358.08,06-Mar-2022,05/08/2025
2476,880,107,pending review,Education Finance,GHS,8980164.47,592690.86,5.86,18,4602721.85,4377442.62,14/08/2020,19/09/2025
2477,1473,113,written off,Asset Finance,EUR,8545064.88,9228670.07,18.3,18,3709712.7,4835352.18,11-Dec-2021,03/01/2024
2478,552,110,written off,Personal Loan,ZAR,19330411.28,1063172.62,13.44,24,9851812.33,9478598.95,2022-07-19,19/01/2024
2479,558,102,DEFAULTED,Personal Loan,NGN,2148418.63,1332.02,13.32,6,1121281.39,1027137.24,03/30/2024,06/12/2026
2480,371,112,DEFAULTED,Education Finance,GBP,19481094.58,24740990.12,16.79,36,6424574.01,13056520.57,17/03/2021,09/01/2024
2481,1076,109, Active ,Mortgage,KES,101733.0,783.34,15.75,60,11620.04,90112.96,11-Mar-2023,2027-08-17
2482,1776,112,defaulted,Asset Finance,GBP,19771548.77,25109866.94,9.27,12,7028006.11,12743542.66,2024-06-07,01/07/2026
2483,1804,110,DEFAULTED,Education Finance,ZAR,6501621.03,357589.16,13.49,60,1839717.08,4661903.95,2024-01-02,22/10/2023
2484,1491,107,Fully Paid,Trade Finance / Import,GHS,5061438.45,334054.94,6.91,36,3340064.91,1721373.54,11/25/2020,05/02/2027
2485,1200,111,APPROVED,SME Working Capital,ZAR,18048944.58,992691.95,9.47,24,2420983.46,15627961.12,2024-08-19,06/09/2027
2486,165,114,approved,Education Finance,AED,11508197.31,3130229.67,22.96,18,1317124.73,10191072.58,05/03/2024,08/01/2024
2487,877,102,WRITTEN OFF,Mortgage,NGN,17416166.52,10798.02,16.06,36,7064497.82,10351668.7,2021-07-27,2024-07-04
2488,1813,109,restructured,Mortgage,KES,2238755.82,17238.42,24.57,24,1452155.16,786600.66,13/11/2022,10/22/2025
2489,1552,111,DEFAULTED,Trade Finance / Import,ZAR,3290920.36,181000.62,19.12,48,49611.56,3241308.8,15-Jun-2020,11/25/2026
2490,1886,104,WRITTEN OFF,Asset Finance,NGN,15659758.83,9709.05,19.39,24,14511032.85,1148725.98,25/02/2021,2027-02-27
2491,1895,101,defaulted,SME Working Capital,NGN,4401189.23,2728.74,25.43,60,2897398.97,1503790.26,06/22/2022,25-Mar-2025
2492,323,107,APPROVED,Asset Finance,GHS,4620846.92,304975.9,7.24,12,4312061.83,308785.09,2021-09-21,17/08/2027
2493,1012,107,FULLY PAID,Personal Loan,GHS,10335094.89,682116.26,15.4,24,3479223.44,6855871.45,2023-08-19,25-May-2024
2494,20,105,written off,Trade Finance / Import,NGN,18219953.57,11296.37,24.11,12,17087925.02,1132028.55,2021-12-05,26/11/2025
2495,367,107,DEFAULTED,Agricultural Loan,GHS,19347710.57,1276948.9,12.65,12,17015617.51,2332093.06,11/27/2020,06/22/2023
2496,1928,112,active,Trade Finance / Import,GBP,9644494.92,12248508.55,12.4,48,4535566.32,5108928.6,2024-09-24,2024-09-28
2497,897,109,Fully Paid,Personal Loan,KES,3899350.07,30025.0,16.47,48,2407732.5,1491617.57,12/05/2024,25-Oct-2027
2498,172,103,fully paid,SME Working Capital,NGN,6745983.29,4182.51,4.96,18,1616377.89,5129605.4,2024-06-20,10/28/2023
2499,1385,105,fully paid,Agricultural Loan,NGN,4494204.44,2786.41,13.5,12,2757562.9,1736641.54,21/12/2023,2025-05-25
2500,143,109,pending review,Auto Loan,KES,13507369.66,104006.75,8.46,48,10266230.96,3241138.7,17/06/2020,07/18/2027
2501,1747,111,PENDING REVIEW,Auto Loan,ZAR,1261030.24,69356.66,9.21,24,119414.24,1141616.0,2020-12-02,07/14/2025
2502,281,114,WRITTEN OFF,SME Working Capital,AED,19432097.76,5285530.59,12.6,36,5227111.94,14204985.82,2022-09-20,02-Oct-2024
2503,1649,109,APPROVED,Education Finance,KES,2216634.42,17068.09,6.73,24,237838.23,1978796.19,05/02/2020,13-Jan-2025
2504,751,109,active,Asset Finance,KES,19956393.45,153664.23,17.3,24,15495097.5,4461295.95,17/03/2021,10-Jul-2024
2505,593,110,WRITTEN OFF,SME Working Capital,ZAR,18764695.45,1032058.25,22.91,60,11116028.67,7648666.78,02/16/2023,06/13/2024
2506,1908,109,RESTRUCTURED,Asset Finance,KES,16178532.81,124574.7,17.6,6,3321119.48,12857413.33,27/01/2023,11/17/2024
2507,691,102,defaulted,Asset Finance,NGN,1552398.41,962.49,19.27,12,1162079.92,390318.49,2022-04-19,31-Jul-2023
2508,1521,112,ACTIVE,Agricultural Loan,GBP,9622436.01,12220493.73,11.25,12,1108483.51,8513952.5,04/01/2021,27/08/2026
2509,954,109,WRITTEN OFF,Personal Loan,KES,6792851.71,52304.96,8.49,6,3370522.01,3422329.7,10-Mar-2023,23-Apr-2023
2510,1103,108,ACTIVE,Trade Finance / Import,KES,3410159.98,26258.23,25.97,6,2316400.5,1093759.48,01/31/2021,28-Sep-2023
2511,123,113,WRITTEN OFF,SME Working Capital,EUR,10689823.32,11545009.19,4.08,60,7693776.48,2996046.84,07/29/2023,05-Oct-2024
2512,497,115,APPROVED,Education Finance,USD,9383519.08,9383519.08,24.04,48,2250578.2,7132940.88,25-Nov-2024,03/29/2024
2513,537,103,DEFAULTED,Asset Finance,NGN,19530435.3,12108.87,16.57,6,11214873.73,8315561.57,09/09/2021,2025-01-25
2514,1726,107,restructured,Auto Loan,GHS,12032901.66,794171.51,13.6,6,9519044.74,2513856.92,10/23/2024,23/09/2027
2515,1987,109,PENDING REVIEW,Mortgage,KES,9247309.36,71204.28,7.97,36,2147044.69,7100264.67,10-Jun-2022,13-Mar-2025
2516,1039,102,active,Education Finance,NGN,6141530.14,3807.75,7.6,60,5836326.35,305203.79,22-Jan-2021,20-Aug-2024
2517,1686,109,restructured,Asset Finance,KES,8921554.05,68695.97,26.28,6,3801528.2,5120025.85,2022-05-06,17/11/2023
2518,411,102,WRITTEN OFF,Agricultural Loan,NGN,2996685.92,1857.95,22.47,6,775259.13,2221426.79,04/09/2020,30-Aug-2024
2519,236,109,active,Asset Finance,KES,134526.35,1035.85,9.97,24,24402.49,110123.86,22-Jul-2021,2024-11-15
2520,1567,102,approved,Mortgage,NGN,7031527.04,4359.55,17.36,48,4144195.96,2887331.08,13-Apr-2020,2024-07-28
2521,206,110,DEFAULTED,Asset Finance,ZAR,5372325.87,295477.92,11.59,6,545287.39,4827038.48,13-Oct-2023,10/10/2027
2522,1887,102,ACTIVE,Education Finance,NGN,2830672.56,1755.02,19.46,6,2271853.62,558818.94,25-Jan-2023,09/16/2027
2523,470,104, Active ,Personal Loan,NGN,6647952.66,4121.73,12.64,48,1746526.61,4901426.05,2023-07-20,29-Jun-2026
2524,1519,105,ACTIVE,Mortgage,NGN,10959811.27,6795.08,25.36,24,10571873.3,387937.97,15/08/2022,2023-10-07
2525,615,104,written off,Trade Finance / Import,NGN,4328238.24,2683.51,7.82,48,642404.97,3685833.27,02/10/2021,16/04/2026
2526,288,101,Fully Paid,Personal Loan,NGN,13804515.4,8558.8,10.51,60,3985181.3,9819334.1,13-Mar-2024,02/20/2024
2527,1805,103,defaulted,Agricultural Loan,NGN,437538.69,271.27,4.08,60,394690.04,42848.65,06/27/2021,02-Mar-2024
2528,1582,113,restructured,Auto Loan,EUR,18585471.16,20072308.85,6.03,18,3230748.82,15354722.34,07/11/2024,2026-10-05
2529,1680,109,ACTIVE,Auto Loan,KES,14042444.14,108126.82,22.52,24,6234226.06,7808218.08,2020-02-04,03/01/2026
2530,1742,110,restructured,Education Finance,ZAR,13556691.79,745618.05,17.39,60,7331313.84,6225377.95,08/09/2021,10/05/2026
2531,1772,103,pending review,Education Finance,NGN,7461129.91,4625.9,26.82,12,2367249.15,5093880.76,20/07/2021,2025-04-19
2532,1447,105,PENDING REVIEW,Education Finance,NGN,11174650.75,6928.28,19.33,6,1184297.17,9990353.58,22-Sep-2022,02/08/2024
2533,1969,108,ACTIVE,Trade Finance / Import,KES,16750262.89,128977.02,24.24,36,661743.31,16088519.58,2021-12-13,02/21/2024
2534,619,102, Active ,Personal Loan,NGN,17132834.54,10622.36,8.73,48,11033045.03,6099789.51,12/24/2024,24/01/2023
2535,176,103,FULLY PAID,Mortgage,NGN,362217.05,224.57,19.68,60,23841.42,338375.63,01-Apr-2022,12/22/2027
2536,475,115,defaulted,SME Working Capital,USD,105459.13,105459.13,18.49,36,71733.05,33726.08,04/09/2021,2024-11-03
2537,1149,110,pending review,SME Working Capital,ZAR,6792259.19,373574.26,15.42,24,6207902.34,584356.85,2023-11-23,06/12/2023
2538,1719,102,Fully Paid,Agricultural Loan,NGN,1339839.7,830.7,4.88,18,733015.76,606823.94,04/07/2024,2027-10-03
2539,603,111,RESTRUCTURED,Asset Finance,ZAR,17014899.78,935819.49,24.52,6,508190.03,16506709.75,2023-07-30,03/18/2026
2540,619,102,defaulted,Personal Loan,NGN,694384.23,430.52,4.73,36,336018.92,358365.31,18/09/2023,11/13/2027
2541,179,115,Fully Paid,Personal Loan,USD,19167528.98,19167528.98,20.88,6,12966622.35,6200906.63,16/03/2022,03/02/2024
2542,562,110,pending review,Asset Finance,ZAR,7807280.21,429400.41,21.96,12,6150065.74,1657214.47,02-Dec-2024,12/01/2025
2543,49,101,restructured,Education Finance,NGN,8614282.83,5340.86,19.23,36,3210438.02,5403844.81,2022-02-16,2025-04-19
2544,508,102,FULLY PAID,Education Finance,NGN,3907385.22,2422.58,12.31,48,208557.09,3698828.13,30/10/2021,11-May-2027
2545,28,102,DEFAULTED,Trade Finance / Import,NGN,9882589.37,6127.21,16.66,60,8825504.27,1057085.1,01/21/2024,24-Aug-2024
2546,927,110,written off,Mortgage,ZAR,13672253.42,751973.94,14.22,18,12743444.5,928808.92,09/01/2023,10/14/2024
2547,1946,101,ACTIVE,Personal Loan,NGN,18265831.23,11324.82,15.17,18,13280650.8,4985180.43,11-Aug-2020,12/05/2026
2548,520,107,restructured,Asset Finance,GHS,14137827.45,933096.61,11.66,36,3309287.9,10828539.55,01/12/2021,2024-09-30
2549,1577,113,PENDING REVIEW,Agricultural Loan,EUR,11540799.5,12464063.46,5.85,36,7894345.32,3646454.18,09/09/2020,05/16/2026
2550,1724,112,pending review,Agricultural Loan,GBP,11898058.28,15110534.02,12.2,48,7662702.18,4235356.1,28/08/2023,24-Oct-2027
2551,103,103,written off,Trade Finance / Import,NGN,17654581.96,10945.84,21.81,12,16734901.86,919680.1,01-Jul-2022,2025-01-17
2552,1410,106,DEFAULTED,SME Working Capital,GHS,9637319.12,636063.06,27.67,6,9398984.89,238334.23,04/18/2023,2025-09-04
2553,1617,109,restructured,Mortgage,KES,235828.2,1815.88,17.57,24,72990.47,162837.73,01/03/2021,08/04/2026
2554,1403,114,written off,Education Finance,AED,2518285.1,684973.55,12.1,24,2064320.2,453964.9,2021-11-10,2027-05-07
2555,731,101,PENDING REVIEW,Auto Loan,NGN,9389415.77,5821.44,21.09,6,7402378.7,1987037.07,04/22/2024,11/08/2027
2556,1072,109,restructured,Mortgage,KES,8073099.55,62162.87,10.71,12,5715980.7,2357118.85,2022-07-10,07/10/2027
2557,1610,101,written off,Auto Loan,NGN,1865201.25,1156.42,25.18,36,442826.71,1422374.54,2020-11-15,04/22/2023
2558,747,104,APPROVED,Agricultural Loan,NGN,12284166.08,7616.18,16.54,18,3037317.14,9246848.94,17-May-2023,2024-10-07
2559,981,106, Active ,SME Working Capital,GHS,6967343.17,459844.65,21.47,12,1236654.51,5730688.66,07/24/2021,29-Nov-2023
2560,511,104,APPROVED,Agricultural Loan,NGN,2336379.68,1448.56,16.76,24,489771.29,1846608.39,2022-11-08,12/29/2026
2561,614,107,DEFAULTED,Trade Finance / Import,GHS,14708413.23,970755.27,12.67,18,14489960.09,218453.14,2023-01-01,02/27/2024
2562,1252,102,FULLY PAID,Asset Finance,NGN,11992394.48,7435.28,26.4,36,7775396.79,4216997.69,08/21/2021,05/24/2023
2563,20,105,ACTIVE,Trade Finance / Import,NGN,19471216.93,12072.15,23.79,24,6185332.27,13285884.66,17-Mar-2020,2023-02-16
2564,973,115,FULLY PAID,SME Working Capital,USD,462385.88,462385.88,12.99,48,219453.94,242931.94,2020-07-04,30/06/2024
2565,1480,106,FULLY PAID,Personal Loan,GHS,5154790.47,340216.17,19.78,36,3238128.88,1916661.59,10/05/2021,01-Oct-2026
2566,231,113,Fully Paid,Mortgage,EUR,12481574.59,13480100.56,14.84,48,3640512.55,8841062.04,20-Jul-2022,2027-05-19
2567,1790,107,active,Asset Finance,GHS,10020753.82,661369.75,15.33,24,4303097.55,5717656.27,30-Jan-2024,18/08/2025
2568,1245,108,restructured,Trade Finance / Import,KES,7849214.86,60438.95,24.99,60,6830462.01,1018752.85,2022-10-29,19/11/2026
2569,1961,101,FULLY PAID,SME Working Capital,NGN,8733267.63,5414.63,12.94,24,6753692.0,1979575.63,2022-06-13,04/11/2023
2570,728,104,ACTIVE,Trade Finance / Import,NGN,12889452.4,7991.46,11.69,24,7032548.51,5856903.89,08/04/2023,2023-11-06
2571,118,103, Active ,Education Finance,NGN,16508140.01,10235.05,19.79,36,8703310.36,7804829.65,2022-03-17,2025-08-02
2572,1284,109,DEFAULTED,Education Finance,KES,15953759.17,122843.95,14.27,18,6936756.06,9017003.11,07/04/2023,06/21/2024
2573,1662,115,active,Agricultural Loan,USD,15153312.09,15153312.09,5.9,36,5417130.88,9736181.21,25-May-2024,2026-04-28
2574,352,104,RESTRUCTURED,Education Finance,NGN,4097419.07,2540.4,10.37,6,1746881.67,2350537.4,02/04/2021,29-Sep-2024
2575,1728,115,ACTIVE,Asset Finance,USD,19503216.3,19503216.3,16.4,48,15377724.02,4125492.28,04/11/2024,12-Nov-2024
2576,143,109,PENDING REVIEW,Trade Finance / Import,KES,19808275.37,152523.72,13.59,6,6111459.61,13696815.76,06/08/2020,08-Dec-2026
2577,1715,103,FULLY PAID,Trade Finance / Import,NGN,16416568.22,10178.27,27.66,36,11145239.61,5271328.61,12/07/2022,01/23/2024
2578,1487,108,restructured,Agricultural Loan,KES,6277135.47,48333.94,21.86,48,2244855.85,4032279.62,04/23/2022,2027-09-18
2579,1870,114,active,Mortgage,AED,15384333.83,4184538.8,14.54,24,15127277.63,257056.2,25-Jun-2023,11-Jul-2023
2580,1492,101,defaulted,SME Working Capital,NGN,1266682.26,785.34,19.9,60,370907.28,895774.98,11/10/2024,06/01/2025
2581,224,114,DEFAULTED,Auto Loan,AED,7683487.23,2089908.53,12.99,24,6995944.02,687543.21,2020-02-08,09/11/2024
2582,506,104,FULLY PAID,Asset Finance,NGN,17151666.44,10634.03,12.97,6,7004387.81,10147278.63,2020-03-20,03-May-2025
2583,240,111,written off,Trade Finance / Import,ZAR,15701566.38,863586.15,14.99,24,341424.56,15360141.82,2024-03-18,2027-03-17
2584,1734,107, Active ,Personal Loan,GHS,1421096.59,93792.37,13.43,18,1013072.03,408024.56,2024-10-16,20-Oct-2027
2585,1940,109,FULLY PAID,Personal Loan,KES,16683129.69,128460.1,5.29,48,12429279.01,4253850.68,2024-02-23,2023-07-04
2586,191,103,written off,Trade Finance / Import,NGN,14785425.69,9166.96,17.51,18,13358389.33,1427036.36,2022-06-19,2026-07-09
2587,330,102,approved,Asset Finance,NGN,3895100.75,2414.96,20.48,6,690004.13,3205096.62,03/18/2022,09-Oct-2025
2588,401,103,WRITTEN OFF,SME Working Capital,NGN,16158685.66,10018.39,26.63,12,8573149.47,7585536.19,02/09/2023,08-Sep-2023
2589,1747,111,approved,Agricultural Loan,ZAR,6686115.72,367736.36,8.32,24,444636.54,6241479.18,01-Dec-2021,08/03/2025
2590,505,113,RESTRUCTURED,SME Working Capital,EUR,17019405.91,18380958.38,23.34,12,1622349.08,15397056.83,2024-10-09,19-Sep-2026
2591,391,106,restructured,Asset Finance,GHS,4413227.38,291273.01,22.02,24,1046018.59,3367208.79,01/10/2020,2024-10-11
2592,1786,102,approved,Education Finance,NGN,2625361.67,1627.72,9.39,12,200845.6,2424516.07,2022-07-14,29-Jan-2024
2593,1822,105,restructured,Trade Finance / Import,NGN,18041324.05,11185.62,6.6,12,12575707.76,5465616.29,28-Dec-2020,07/26/2027
2594,966,113,WRITTEN OFF,Agricultural Loan,EUR,1174245.78,1268185.44,9.59,12,706054.59,468191.19,13/05/2024,05/15/2025
2595,952,111,PENDING REVIEW,Agricultural Loan,ZAR,18576005.54,1021680.3,19.46,60,1494115.34,17081890.2,10/09/2021,2026-08-26
2596,621,114,fully paid,Agricultural Loan,AED,998915.18,271704.93,11.07,12,268560.41,730354.77,07-Feb-2024,2024-08-28
2597,1948,109,PENDING REVIEW,Auto Loan,KES,8954377.97,68948.71,25.43,60,248824.26,8705553.71,19-May-2021,2024-09-12
2598,1471,113, Active ,Mortgage,EUR,601719.93,649857.52,12.06,60,173082.49,428637.44,2020-02-02,03/22/2026
2599,1075,103, Active ,Mortgage,NGN,17870434.1,11079.67,5.4,18,16369523.35,1500910.75,2023-06-24,18-Jun-2025
2600,1969,108,fully paid,Agricultural Loan,KES,1478975.09,11388.11,19.34,36,1260414.19,218560.9,19-Sep-2020,03/19/2024
2601,366,112,active,Personal Loan,GBP,10180549.24,12929297.53,19.85,60,6509281.11,3671268.13,26-Apr-2022,05/27/2023
2602,108,113,APPROVED,Agricultural Loan,EUR,17811402.03,19236314.19,13.72,60,814086.69,16997315.34,10/06/2020,26/08/2025
2603,835,103,APPROVED,Personal Loan,NGN,4051366.77,2511.85,7.14,24,2810326.89,1241039.88,07/31/2020,03/01/2023
2604,713,103,ACTIVE,Education Finance,NGN,1607814.36,996.84,24.92,36,156998.99,1450815.37,09/09/2021,13-Dec-2025
2605,1049,109,DEFAULTED,SME Working Capital,KES,12558482.86,96700.32,23.63,60,3582686.69,8975796.17,12/07/2023,05/05/2023
2606,1323,105,approved,Trade Finance / Import,NGN,9733621.86,6034.85,21.75,24,2412933.44,7320688.42,2023-08-18,09/16/2023
2607,1996,108,DEFAULTED,Agricultural Loan,KES,3819911.42,29413.32,15.61,6,573975.62,3245935.8,2021-09-25,09-Aug-2026
2608,989,101,WRITTEN OFF,Asset Finance,NGN,11364343.06,7045.89,13.59,6,2218924.79,9145418.27,05-Aug-2023,11/09/2027
2609,546,101,restructured,Mortgage,NGN,10940094.06,6782.86,15.25,18,9438107.42,1501986.64,15-Aug-2024,2024-06-13
2610,236,109,defaulted,Auto Loan,KES,17445606.55,134331.17,8.54,48,12492302.36,4953304.19,2022-07-10,04-Oct-2023
2611,485,107,PENDING REVIEW,Mortgage,GHS,18616897.51,1228715.24,11.08,18,3227685.62,15389211.89,2023-08-04,21-Jan-2023
2612,1194,101,fully paid,Personal Loan,NGN,10469918.52,6491.35,18.89,60,39446.09,10430472.43,15/03/2022,2026-02-13
2613,1273,115,RESTRUCTURED,Trade Finance / Import,USD,15372153.23,15372153.23,11.91,48,5275888.27,10096264.96,27/06/2024,07/24/2027
2614,1803,114,Fully Paid,Education Finance,AED,12563267.12,3417208.66,6.36,60,5051244.32,7512022.8,11/22/2020,06-Apr-2024
2615,548,106,approved,Education Finance,GHS,7281380.58,480571.12,10.82,6,6131931.42,1149449.16,18/09/2020,10/27/2027
2616,231,113,WRITTEN OFF,Asset Finance,EUR,17202445.16,18578640.77,26.46,24,9738253.57,7464191.59,24-Jun-2020,04/30/2024
2617,1439,113,ACTIVE,Agricultural Loan,EUR,3544579.43,3828145.78,23.62,6,2349507.85,1195071.58,02/09/2023,2023-02-21
2618,1609,102,ACTIVE,Personal Loan,NGN,19678326.97,12200.56,19.6,18,12607246.65,7071080.32,05/11/2023,2026-03-17
2619,97,114,ACTIVE,Asset Finance,AED,19211626.28,5225562.35,6.15,24,5772071.81,13439554.47,2020-02-04,15-Dec-2025
2620,1716,114,APPROVED,SME Working Capital,AED,4102613.8,1115910.95,15.86,12,1339871.89,2762741.91,02-Sep-2023,18/09/2026
2621,858,112,DEFAULTED,Agricultural Loan,GBP,13924399.76,17683987.7,14.98,12,1955581.03,11968818.73,2023-01-03,30/10/2024
2622,1820,110,APPROVED,Asset Finance,ZAR,9417609.77,517968.54,20.21,6,9075458.19,342151.58,01/06/2020,12/05/2026
2623,500,112,PENDING REVIEW,Trade Finance / Import,GBP,2003381.67,2544294.72,15.97,12,450887.55,1552494.12,29/07/2023,07-Apr-2024
2624,264,108,PENDING REVIEW,Education Finance,KES,17495723.56,134717.07,5.39,6,13609556.4,3886167.16,08/17/2020,21-Jul-2025
2625,198,103,restructured,Mortgage,NGN,10233200.45,6344.58,18.32,24,5622521.14,4610679.31,07/24/2020,20-Oct-2026
2626,254,105,WRITTEN OFF,Education Finance,NGN,8927077.86,5534.79,6.75,12,1245096.82,7681981.04,21-Apr-2022,07/01/2025
2627,855,101, Active ,Auto Loan,NGN,891224.7,552.56,17.89,60,163169.28,728055.42,12/22/2023,12/11/2024
2628,239,102,RESTRUCTURED,Personal Loan,NGN,10989418.95,6813.44,13.7,6,2230341.62,8759077.33,30-Aug-2022,06/14/2024
2629,966,113,written off,Auto Loan,EUR,5657252.35,6109832.54,13.88,24,2796068.71,2861183.64,06/03/2021,12/18/2025
2630,623,107,RESTRUCTURED,Asset Finance,GHS,5803376.82,383022.87,22.29,12,2401156.87,3402219.95,23/07/2024,2024-05-17
2631,1047,103,WRITTEN OFF,Auto Loan,NGN,14537104.4,9013.0,5.14,36,2840937.67,11696166.73,07-Feb-2021,2024-01-21
2632,693,112,PENDING REVIEW,Asset Finance,GBP,8619167.37,10946342.56,8.49,36,7282100.21,1337067.16,26/10/2023,10/19/2026
2633,1166,105,Fully Paid,Asset Finance,NGN,17644831.63,10939.8,23.02,12,10829969.91,6814861.72,02/14/2024,2026-01-21
2634,932,105,pending review,Mortgage,NGN,10474667.15,6494.29,23.53,48,4221207.47,6253459.68,07/29/2021,12/11/2023
2635,1973,109,approved,Auto Loan,KES,13290929.94,102340.16,18.02,48,5510881.16,7780048.78,22-May-2022,28/03/2023
2636,1594,106,pending review,Mortgage,GHS,15344467.17,1012734.83,12.2,12,650421.58,14694045.59,10/16/2022,02/06/2023
2637,156,108,pending review,SME Working Capital,KES,15800675.2,121665.2,15.86,36,11688954.45,4111720.75,2021-09-24,26-Dec-2026
2638,16,102,DEFAULTED,SME Working Capital,NGN,4507890.55,2794.89,16.85,24,3956104.64,551785.91,09/15/2020,06/26/2024
2639,1587,102,written off,Education Finance,NGN,15258995.2,9460.58,7.45,60,7571024.9,7687970.3,19-Jan-2024,19-Dec-2026
2640,1192,102,RESTRUCTURED,SME Working Capital,NGN,15545753.65,9638.37,18.11,12,3039872.69,12505880.96,2021-05-20,12/03/2026
2641,307,107,restructured,Auto Loan,GHS,17561072.26,1159030.77,26.78,48,12320334.18,5240738.08,22-Dec-2024,06/21/2023
2642,1397,113,RESTRUCTURED,Trade Finance / Import,EUR,15290533.29,16513775.95,25.02,6,2903972.37,12386560.92,23-Oct-2023,05/16/2023
2643,1074,109,WRITTEN OFF,Auto Loan,KES,1077389.81,8295.9,9.22,12,1042008.49,35381.32,2020-08-05,2025-03-21
2644,1680,109,pending review,Mortgage,KES,4602808.63,35441.63,8.58,36,1316367.94,3286440.69,13/11/2023,26/10/2026
2645,1464,102,WRITTEN OFF,Mortgage,NGN,4562669.2,2828.85,24.44,48,2778319.78,1784349.42,19/07/2024,27-Oct-2024
2646,181,102,defaulted,Auto Loan,NGN,3351280.09,2077.79,24.61,12,227116.69,3124163.4,08-Jul-2022,12/10/2027
2647,482,104,DEFAULTED,Mortgage,NGN,10036566.52,6222.67,12.67,18,6017160.86,4019405.66,06/12/2021,06/18/2027
2648,1515,103,fully paid,Agricultural Loan,NGN,2109254.59,1307.74,24.85,60,1147564.0,961690.59,12/28/2023,04/10/2026
2649,1459,102,APPROVED,Trade Finance / Import,NGN,7982453.36,4949.12,23.14,12,4067592.24,3914861.12,23-Oct-2021,09/08/2026
2650,685,112,fully paid,Education Finance,GBP,18194002.33,23106382.96,4.84,18,2251892.73,15942109.6,12/31/2021,07/22/2023
2651,1889,109,written off,SME Working Capital,KES,5276304.23,40627.54,11.87,18,3379907.02,1896397.21,16-Oct-2022,11-Jul-2023
2652,1706,103,defaulted,Personal Loan,NGN,10644896.29,6599.84,13.81,12,9214028.88,1430867.41,2023-08-23,2026-05-30
2653,573,110,RESTRUCTURED,Education Finance,ZAR,17917501.84,985462.6,21.31,6,1095816.66,16821685.18,2024-05-25,06-Aug-2025
2654,1155,106,PENDING REVIEW,Agricultural Loan,GHS,19289934.29,1273135.66,26.66,36,2621988.11,16667946.18,07-Feb-2022,25-Dec-2023
2655,563,113,written off,SME Working Capital,EUR,19159862.73,20692651.75,26.11,36,17169927.96,1989934.77,2020-01-31,2025-03-03
2656,1902,111,defaulted,Asset Finance,ZAR,8050903.04,442799.67,25.26,60,5176468.37,2874434.67,01/03/2022,13/03/2026
2657,1062,115,pending review,Personal Loan,USD,8420445.87,8420445.87,22.84,36,5670271.91,2750173.96,2021-10-30,30-May-2027
2658,1851,109,WRITTEN OFF,Asset Finance,KES,17012332.93,130994.96,8.14,48,8086529.76,8925803.17,26-Sep-2024,2024-09-04
2659,430,110,ACTIVE,Trade Finance / Import,ZAR,19173844.61,1054561.45,10.7,60,15699609.87,3474234.74,2022-08-29,2026-12-29
2660,820,101,active,Asset Finance,NGN,19776457.19,12261.4,26.61,24,7788919.4,11987537.79,01/02/2023,10/11/2023
2661,1942,107,ACTIVE,SME Working Capital,GHS,8565229.01,565305.11,5.9,24,5633872.07,2931356.94,2023-07-11,02/11/2027
2662,859,110,approved,Agricultural Loan,ZAR,2135272.79,117440.0,22.61,48,1810734.59,324538.2,2021-12-10,25-Nov-2024
2663,1151,115,FULLY PAID,SME Working Capital,USD,1015801.82,1015801.82,10.07,18,104013.63,911788.19,08/10/2023,2025-05-23
2664,1954,114,FULLY PAID,Asset Finance,AED,7911281.86,2151868.67,24.79,6,610925.22,7300356.64,2021-12-24,2023-10-23
2665,454,102,WRITTEN OFF,Agricultural Loan,NGN,14004452.97,8682.76,11.09,18,11032899.0,2971553.97,24-Aug-2021,05/07/2027
2666,1030,110,RESTRUCTURED,Asset Finance,ZAR,10637315.32,585052.34,27.11,12,9698655.22,938660.1,04/27/2021,2025-04-18
2667,538,102,ACTIVE,Personal Loan,NGN,1051656.91,652.03,10.92,12,872442.86,179214.05,04-Jun-2024,2027-03-02
2668,1073,113,approved,SME Working Capital,EUR,12437494.41,13432493.96,13.81,36,9415258.7,3022235.71,26/09/2023,27-Oct-2025
2669,527,103,APPROVED,Agricultural Loan,NGN,1602202.08,993.37,4.24,18,659841.08,942361.0,10-Nov-2022,11/22/2025
2670,1180,114,fully paid,Trade Finance / Import,AED,12031793.52,3272647.84,19.23,36,8388669.44,3643124.08,11/02/2022,09/04/2024
2671,1846,112,PENDING REVIEW,Agricultural Loan,GBP,17162049.89,21795803.36,21.34,24,77732.81,17084317.08,12/06/2024,10/10/2023
2672,1186,112,restructured,Trade Finance / Import,GBP,19929152.73,25310023.97,26.35,60,1247998.75,18681153.98,2023-12-23,2026-03-01
2673,708,113,written off,Trade Finance / Import,EUR,12333511.1,13320191.99,4.79,6,7308982.94,5024528.16,2020-09-02,03/15/2024
2674,1003,107, Active ,Education Finance,GHS,5958721.02,393275.59,13.39,18,5914940.71,43780.31,2024-12-22,04/06/2027
2675,551,115,restructured,Agricultural Loan,USD,15473019.92,15473019.92,26.5,18,3148402.28,12324617.64,09-Dec-2023,04/28/2026
2676,937,113,APPROVED,Mortgage,EUR,8772097.51,9473865.31,15.42,24,2895980.99,5876116.52,15-Oct-2023,2023-04-23
2677,1560,111,written off,Auto Loan,ZAR,9663835.81,531510.97,17.52,24,2316852.95,7346982.86,27/04/2024,2027-10-25
2678,751,109, Active ,SME Working Capital,KES,19404754.27,149416.61,25.32,60,13836641.22,5568113.05,18-Mar-2020,02/01/2024
2679,308,103,Fully Paid,Agricultural Loan,NGN,17392323.65,10783.24,5.8,24,1964745.17,15427578.48,2023-03-26,22/03/2023
2680,651,113,WRITTEN OFF,Asset Finance,EUR,5869431.19,6338985.69,18.05,18,4522349.36,1347081.83,18-Oct-2021,04/24/2026
2681,1477,108,defaulted,Trade Finance / Import,KES,7335605.38,56484.16,23.89,36,4662891.94,2672713.44,28/07/2023,2027-06-23
2682,1521,112,fully paid,Education Finance,GBP,17633657.18,22394744.62,9.26,12,2912115.35,14721541.83,13/12/2021,03/08/2023
2683,425,104,APPROVED,SME Working Capital,NGN,17926865.32,11114.66,5.01,24,11776720.05,6150145.27,01/10/2024,01/19/2024
2684,1268,110,ACTIVE,Auto Loan,ZAR,10056690.4,553117.97,20.93,12,1385817.64,8670872.76,2023-11-21,19-Jun-2023
2685,1376,113,PENDING REVIEW,Mortgage,EUR,876360.33,946469.16,25.64,48,702924.37,173435.96,2023-02-17,10/26/2024
2686,1937,109,written off,Trade Finance / Import,KES,12111240.34,93256.55,23.74,6,9169775.58,2941464.76,11/11/2021,09/04/2024
2687,487,115,active,Auto Loan,USD,14310643.42,14310643.42,7.11,12,3792906.67,10517736.75,2022-07-14,11/24/2023
2688,722,108,active,Agricultural Loan,KES,18647706.6,143587.34,19.18,12,12584029.37,6063677.23,06-Jul-2023,06-Aug-2026
2689,384,110, Active ,Auto Loan,ZAR,7792078.56,428564.32,27.05,12,2925063.28,4867015.28,2024-02-02,27/08/2024
2690,847,101,PENDING REVIEW,Personal Loan,NGN,3769295.53,2336.96,14.6,6,3756491.56,12803.97,05-Apr-2020,03/04/2026
2691,43,113,FULLY PAID,Education Finance,EUR,2485799.47,2684663.43,22.1,36,1724350.75,761448.72,08/03/2020,07/06/2026
2692,1772,103,PENDING REVIEW,Personal Loan,NGN,7541083.69,4675.47,22.56,6,3704993.88,3836089.81,25/06/2020,2026-03-16
2693,1272,115,pending review,Personal Loan,USD,19646846.13,19646846.13,22.15,60,10344504.24,9302341.89,2020-07-26,2025-11-20
2694,1020,102,WRITTEN OFF,Trade Finance / Import,NGN,16371367.18,10150.25,24.13,24,15824618.05,546749.13,12/11/2024,08/28/2025
2695,715,112,pending review,SME Working Capital,GBP,6120683.41,7773267.93,22.87,24,1826176.21,4294507.2,2023-05-12,05/09/2023
2696,1707,113,written off,Trade Finance / Import,EUR,4250357.09,4590385.66,25.33,36,3254903.78,995453.31,07/16/2023,24/02/2026
2697,1469,113,FULLY PAID,Auto Loan,EUR,4830263.1,5216684.15,14.6,6,175705.2,4654557.9,01/17/2020,06/30/2026
2698,610,113,approved,Mortgage,EUR,19090982.05,20618260.61,27.4,18,10839466.84,8251515.21,11/20/2023,10-Apr-2024
2699,863,109,FULLY PAID,Mortgage,KES,16238547.27,125036.81,8.47,12,7956987.54,8281559.73,02/05/2024,2027-05-21
2700,768,107,restructured,Education Finance,GHS,17598981.17,1161532.76,9.93,12,6332337.44,11266643.73,25-Aug-2020,2024-07-02
2701,969,110,RESTRUCTURED,Mortgage,ZAR,10989380.33,604415.92,24.92,18,10436977.59,552402.74,2020-07-07,07/09/2024
2702,627,113,WRITTEN OFF,Agricultural Loan,EUR,14116020.75,15245302.41,19.74,18,13077210.66,1038810.09,06/07/2021,09/08/2027
2703,734,106,written off,Education Finance,GHS,3616768.03,238706.69,12.82,12,1102065.61,2514702.42,13-Jun-2021,2027-03-06
2704,389,107,active,Trade Finance / Import,GHS,14496815.22,956789.8,27.96,18,4999816.86,9496998.36,29/05/2024,31/12/2023
2705,915,109,WRITTEN OFF,Personal Loan,KES,1192118.64,9179.31,24.87,12,1008635.46,183483.18,2021-10-07,2026-01-08
2706,1565,105,DEFAULTED,Trade Finance / Import,NGN,11311420.47,7013.08,25.71,12,10106162.45,1205258.02,14-Feb-2020,22/12/2027
2707,358,103,PENDING REVIEW,Mortgage,NGN,17558356.75,10886.18,11.44,12,12491704.13,5066652.62,2020-08-06,09/29/2025
2708,1878,109,FULLY PAID,Auto Loan,KES,8477528.86,65276.97,18.75,36,6302975.51,2174553.35,01-Dec-2023,2025-12-30
2709,1289,101,PENDING REVIEW,Education Finance,NGN,8347657.39,5175.55,6.8,6,7031228.29,1316429.1,11-Nov-2021,2027-11-28
2710,1931,106,Fully Paid,SME Working Capital,GHS,6701777.28,442317.3,25.85,36,1926307.39,4775469.89,2021-09-04,2027-01-20
2711,942,115,WRITTEN OFF,Personal Loan,USD,5559445.39,5559445.39,21.68,36,5183578.65,375866.74,04/08/2021,2027-09-17
2712,917,107,approved,Auto Loan,GHS,11622315.07,767072.79,25.97,48,4474348.64,7147966.43,07-Jul-2023,2024-12-09
2713,547,110,DEFAULTED,Personal Loan,ZAR,16381456.41,900980.1,7.39,48,12857436.74,3524019.67,13/05/2024,14-Aug-2025
2714,1413,109,RESTRUCTURED,Agricultural Loan,KES,9464780.2,72878.81,27.76,36,6257632.05,3207148.15,29-Sep-2021,2025-09-04
2715,1042,111,defaulted,Agricultural Loan,ZAR,4729677.42,260132.26,25.58,48,125056.21,4604621.21,26-Apr-2024,2024-04-26
2716,955,105,approved,SME Working Capital,NGN,4818773.82,2987.64,17.74,60,1531723.84,3287049.98,11/22/2020,06/12/2027
2717,851,114,PENDING REVIEW,Agricultural Loan,AED,1362716.17,370658.8,5.34,6,190905.85,1171810.32,14-Jun-2024,04/05/2023
2718,1629,106,RESTRUCTURED,SME Working Capital,GHS,8933321.83,589599.24,16.91,6,884897.8,8048424.03,2020-08-21,03/12/2027
2719,560,102,written off,Trade Finance / Import,NGN,18662523.07,11570.76,26.73,24,9040287.52,9622235.55,2024-11-18,03/12/2023
2720,436,105,defaulted,Trade Finance / Import,NGN,18092355.74,11217.26,15.32,24,15276354.73,2816001.01,02/03/2021,05/02/2024
2721,581,101,active,Education Finance,NGN,14167117.13,8783.61,24.55,6,12222135.51,1944981.62,30/01/2021,29-May-2025
2722,1003,107,ACTIVE,Education Finance,GHS,13299703.43,877780.43,14.51,36,772676.69,12527026.74,14/05/2022,07/11/2026
2723,1054,113,RESTRUCTURED,Personal Loan,EUR,10043485.91,10846964.78,23.1,18,7062463.49,2981022.42,2020-08-27,07/13/2026
2724,124,104,written off,Agricultural Loan,NGN,16740117.42,10378.87,15.66,24,14009061.83,2731055.59,01/11/2020,09/02/2023
2725,1157,113,DEFAULTED,Asset Finance,EUR,1329880.19,1436270.61,27.46,36,1047692.3,282187.89,22-Apr-2021,11/30/2023
2726,1793,108,RESTRUCTURED,Trade Finance / Import,KES,2484688.07,19132.1,24.77,60,417358.45,2067329.62,2020-11-06,01-Dec-2026
2727,903,103,written off,Personal Loan,NGN,2606670.82,1616.14,28.0,60,2398962.83,207707.99,2020-01-05,2026-07-24
2728,1472,108,Fully Paid,Asset Finance,KES,3261434.47,25113.05,20.07,48,1513975.44,1747459.03,26/03/2024,2026-01-10
2729,335,114,WRITTEN OFF,Auto Loan,AED,18642925.07,5070875.62,10.23,18,15607819.31,3035105.76,30-Oct-2022,27/08/2024
2730,1584,101,DEFAULTED,Asset Finance,NGN,7366588.26,4567.28,27.82,48,6557945.33,808642.93,2021-04-13,16/09/2025
2731,1466,102,Fully Paid,SME Working Capital,NGN,17604374.2,10914.71,17.05,48,3346274.83,14258099.37,08-May-2022,2023-06-19
2732,540,115, Active ,Agricultural Loan,USD,6449041.27,6449041.27,6.78,48,472180.5,5976860.77,29-Feb-2020,2023-10-01
2733,1003,107,fully paid,Auto Loan,GHS,8177132.01,539690.71,26.11,36,1204334.71,6972797.3,01-Jun-2021,10/26/2023
2734,437,109,Fully Paid,Education Finance,KES,14665692.95,112925.84,12.7,18,13588908.77,1076784.18,23/04/2023,2024-06-05
2735,1586,113,restructured,Agricultural Loan,EUR,12698566.91,13714452.26,8.86,12,3034606.31,9663960.6,07/05/2023,09/29/2026
2736,791,109,Fully Paid,Asset Finance,KES,1904290.82,14663.04,26.25,36,989042.9,915247.92,2022-09-28,07/03/2026
2737,919,110,PENDING REVIEW,Trade Finance / Import,ZAR,2444842.58,134466.34,16.71,60,2254542.52,190300.06,14/11/2020,12/16/2026
2738,893,115,Fully Paid,SME Working Capital,USD,16607511.68,16607511.68,23.35,24,4097125.4,12510386.28,03/06/2023,01-Jun-2023
2739,822,109,FULLY PAID,Mortgage,KES,2243093.62,17271.82,17.3,6,1724179.04,518914.58,2024-11-19,04-Jan-2024
2740,1383,110, Active ,Agricultural Loan,ZAR,11120946.08,611652.03,7.63,36,9388455.99,1732490.09,08/04/2021,31/08/2023
2741,846,103,PENDING REVIEW,Personal Loan,NGN,1191043.16,738.45,26.0,48,1095534.09,95509.07,23-Aug-2021,10-Mar-2023
2742,1280,113,PENDING REVIEW,Asset Finance,EUR,12161107.09,13133995.66,21.72,18,532264.5,11628842.59,27/08/2024,08/23/2027
2743,1587,102,Fully Paid,Mortgage,NGN,8801522.34,5456.94,4.59,48,7491349.5,1310172.84,24-Oct-2024,2025-01-23
2744,262,102,fully paid,Asset Finance,NGN,18665874.91,11572.84,20.91,24,8469761.93,10196112.98,04/03/2023,11/02/2023
2745,254,105,FULLY PAID,Asset Finance,NGN,14323387.92,8880.5,26.67,36,8223266.26,6100121.66,13-Feb-2022,2027-11-06
2746,1977,105,APPROVED,Trade Finance / Import,NGN,648430.15,402.03,11.3,18,397362.19,251067.96,10/11/2020,15-Oct-2027
2747,1273,115,fully paid,Personal Loan,USD,15124742.34,15124742.34,16.17,36,1600256.6,13524485.74,2024-05-11,2026-01-15
2748,1573,113,FULLY PAID,SME Working Capital,EUR,10518657.45,11360150.05,26.81,12,9926315.71,592341.74,08/14/2021,08/13/2026
2749,1499,102,approved,Auto Loan,NGN,1720377.17,1066.63,17.53,36,208757.25,1511619.92,28/09/2024,24-Apr-2024
2750,544,113,fully paid,Mortgage,EUR,3763903.86,4065016.17,4.46,36,763687.95,3000215.91,08/26/2020,2023-06-04
2751,1551,113,RESTRUCTURED,Asset Finance,EUR,3001276.14,3241378.23,21.66,48,19960.49,2981315.65,2024-09-24,2027-12-16
2752,63,111,written off,Auto Loan,ZAR,19052547.05,1047890.09,4.17,6,6472951.55,12579595.5,01/19/2020,2026-04-23
2753,1926,111,ACTIVE,Mortgage,ZAR,15009731.78,825535.25,5.71,6,2221006.55,12788725.23,27/09/2023,02/22/2026
2754,92,106,PENDING REVIEW,Trade Finance / Import,GHS,8092369.17,534096.37,24.72,36,768933.16,7323436.01,01/18/2021,2027-08-21
2755,1788,101,FULLY PAID,Agricultural Loan,NGN,11786895.1,7307.87,26.21,60,4566172.54,7220722.56,06/21/2023,01/09/2026
2756,1843,112,PENDING REVIEW,Auto Loan,GBP,7590419.57,9639832.85,22.71,48,3539455.86,4050963.71,18/05/2024,03/24/2027
2757,1694,101,approved,Personal Loan,NGN,15056927.11,9335.29,12.68,18,1689682.3,13367244.81,11/25/2021,19-Nov-2026
2758,1387,111,approved,Auto Loan,ZAR,7530635.99,414184.98,20.92,60,3645882.36,3884753.63,07/31/2021,12/06/2024
2759,927,110,PENDING REVIEW,SME Working Capital,ZAR,2986143.48,164237.89,19.41,36,2060630.69,925512.79,11/01/2022,12-Sep-2027
2760,1740,113,RESTRUCTURED,Education Finance,EUR,19290242.87,20833462.3,26.77,24,11832515.91,7457726.96,18/10/2024,03/12/2023
2761,1222,104,DEFAULTED,Trade Finance / Import,NGN,13774534.3,8540.21,26.12,48,9403234.46,4371299.84,2022-05-09,23-Dec-2025
2762,1050,108,DEFAULTED,Agricultural Loan,KES,5533241.4,42605.96,6.08,60,4232889.41,1300351.99,2020-04-21,17-Mar-2024
2763,225,112,defaulted,Education Finance,GBP,4273732.8,5427640.66,16.29,6,1380966.34,2892766.46,03-Sep-2020,28/11/2027
2764,155,105,APPROVED,Auto Loan,NGN,6162290.77,3820.62,17.95,18,115023.31,6047267.46,12/25/2020,18/09/2024
2765,937,113,FULLY PAID,Education Finance,EUR,11234593.44,12133360.92,21.65,12,1281101.19,9953492.25,02/15/2022,2025-01-12
2766,841,106,PENDING REVIEW,Mortgage,GHS,18857320.08,1244583.13,22.23,36,8568609.27,10288710.81,2020-11-19,22/04/2027
2767,1037,107,APPROVED,Trade Finance / Import,GHS,1711665.16,112969.9,22.31,48,211768.94,1499896.22,27-Jan-2020,2027-09-20
2768,1168,112,active,Agricultural Loan,GBP,527238.53,669592.93,17.28,18,163922.64,363315.89,2024-08-11,21-Mar-2026
2769,1980,108,approved,Trade Finance / Import,KES,4998912.39,38491.63,20.03,18,1137205.4,3861706.99,2022-01-29,02/20/2023
2770,815,102,fully paid,Mortgage,NGN,13635340.93,8453.91,12.8,24,8869514.37,4765826.56,2024-03-01,30-Sep-2026
2771,148,101,approved,Auto Loan,NGN,9127860.89,5659.27,7.89,36,4249581.71,4878279.18,2022-09-27,01/04/2025
2772,921,104,pending review,Asset Finance,NGN,12806812.78,7940.22,26.47,6,10823264.95,1983547.83,25-May-2020,2025-12-10
2773,780,115,PENDING REVIEW,Mortgage,USD,14948361.98,14948361.98,27.16,18,13294392.65,1653969.33,01/04/2021,2026-03-22
2774,1969,108,active,Auto Loan,KES,5666887.49,43635.03,15.27,36,55382.81,5611504.68,21-Aug-2021,12/20/2025
2775,823,107,restructured,Education Finance,GHS,9017942.37,595184.2,21.4,36,8839950.73,177991.64,2021-04-15,08/18/2023
2776,1169,104,pending review,Agricultural Loan,NGN,6602096.23,4093.3,27.24,24,2187308.49,4414787.74,01/12/2024,28/02/2027
2777,1061,112,pending review,Mortgage,GBP,614183.52,780013.07,25.36,12,610662.77,3520.75,23/05/2021,12/10/2025
2778,597,102,ACTIVE,Asset Finance,NGN,5898381.06,3657.0,17.02,18,1660647.75,4237733.31,2020-11-28,10/08/2025
2779,849,115,active,Personal Loan,USD,18343678.09,18343678.09,14.8,12,7760724.88,10582953.21,04-Oct-2022,03/17/2023
2780,1323,105,DEFAULTED,Agricultural Loan,NGN,2115767.48,1311.78,8.83,24,499620.11,1616147.37,2020-09-01,2025-08-09
2781,985,111,APPROVED,Education Finance,ZAR,14180397.91,779921.89,12.5,48,6572037.19,7608360.72,03-Jun-2020,01/11/2024
2782,623,107,pending review,Agricultural Loan,GHS,14906447.58,983825.54,15.52,18,13858956.26,1047491.32,2024-04-02,03-Aug-2026
2783,245,114,approved,Asset Finance,AED,2235918.5,608169.83,9.2,6,41232.85,2194685.65,2020-06-03,2023-01-17
2784,927,110,written off,SME Working Capital,ZAR,8803771.08,484207.41,22.05,18,4634055.76,4169715.32,01-Dec-2023,20-Nov-2024
2785,1872,104,RESTRUCTURED,Trade Finance / Import,NGN,176881.78,109.67,9.73,24,35792.01,141089.77,23/04/2023,27/11/2023
2786,281,114,PENDING REVIEW,Auto Loan,AED,18732544.74,5095252.17,10.82,36,4788047.47,13944497.27,14/09/2020,23/02/2023
2787,590,113,defaulted,Personal Loan,EUR,16983302.49,18341966.69,9.51,60,12374016.27,4609286.22,07/16/2023,2025-01-12
2788,1193,104,DEFAULTED,Asset Finance,NGN,16408373.71,10173.19,8.16,48,1477216.5,14931157.21,04/10/2023,2025-07-07
2789,1775,101,DEFAULTED,Auto Loan,NGN,6262257.97,3882.6,13.01,6,2693741.26,3568516.71,2023-11-11,27-Dec-2026
2790,1683,115,FULLY PAID,Mortgage,USD,13742967.16,13742967.16,17.23,12,12691429.84,1051537.32,04/09/2020,11-Feb-2026
2791,1891,107,defaulted,Trade Finance / Import,GHS,6290862.54,415196.93,21.68,48,3832175.45,2458687.09,12-Oct-2020,2025-06-03
2792,1013,114,APPROVED,Education Finance,AED,15327313.71,4169029.33,16.52,60,13571929.98,1755383.73,12/04/2020,13-Nov-2027
2793,891,111,approved,Education Finance,ZAR,116320.98,6397.65,17.96,24,95457.1,20863.88,09/14/2022,08/04/2024
2794,1994,115, Active ,Auto Loan,USD,14903007.14,14903007.14,17.55,18,9127267.67,5775739.47,07/11/2023,18-Dec-2026
2795,736,108,restructured,SME Working Capital,KES,17214105.1,132548.61,17.24,36,2170000.79,15044104.31,2024-05-08,2025-12-21
2796,308,103,RESTRUCTURED,Personal Loan,NGN,17834150.33,11057.17,23.21,18,4047475.26,13786675.07,27/12/2020,01/11/2024
2797,421,114,WRITTEN OFF,Trade Finance / Import,AED,19948020.59,5425861.6,13.12,6,8419276.18,11528744.41,06/10/2021,02/01/2026
2798,1292,114,FULLY PAID,Personal Loan,AED,11774265.26,3202600.15,5.53,18,6690610.81,5083654.45,2020-05-29,03/05/2025
2799,383,108,fully paid,Education Finance,KES,5708685.91,43956.88,25.38,48,4156176.75,1552509.16,2024-07-25,24-Dec-2023
2800,550,103, Active ,Auto Loan,NGN,1979864.95,1227.52,21.75,6,1102760.41,877104.54,05/12/2020,22-Sep-2023
2801,1309,103,APPROVED,SME Working Capital,NGN,6854816.79,4249.99,6.79,60,4263595.0,2591221.79,10-Mar-2021,14/03/2025
2802,1102,103,DEFAULTED,Asset Finance,NGN,3306638.32,2050.12,4.31,48,366801.51,2939836.81,07/08/2020,2024-10-20
2803,1086,104,fully paid,Trade Finance / Import,NGN,19464836.76,12068.2,20.25,6,8992989.93,10471846.83,06-Feb-2022,08/24/2024
2804,1518,101,DEFAULTED,Mortgage,NGN,17629854.7,10930.51,12.9,6,11582044.2,6047810.5,12/23/2022,2023-05-11
2805,397,111,WRITTEN OFF,Trade Finance / Import,ZAR,19129396.64,1052116.82,18.88,24,9843677.34,9285719.3,31/03/2023,12-Jun-2025
2806,770,101,active,Trade Finance / Import,NGN,11066197.06,6861.04,17.46,18,267694.84,10798502.22,26-Jul-2023,21-Mar-2025
2807,290,114,pending review,Asset Finance,AED,19316656.27,5254130.51,26.98,24,15355918.69,3960737.58,09-Jan-2023,09/05/2027
2808,1614,110,active,Mortgage,ZAR,3683486.15,202591.74,21.13,24,539939.81,3143546.34,24/10/2021,25/12/2026
2809,1106,115,RESTRUCTURED,Education Finance,USD,6593785.89,6593785.89,10.22,12,3912489.54,2681296.35,2024-03-29,04/03/2023
2810,224,114,restructured,Education Finance,AED,7920508.54,2154378.32,6.52,48,452797.76,7467710.78,01/11/2024,16/06/2025
2811,845,114, Active ,Auto Loan,AED,18099430.03,4923044.97,14.89,12,7217730.59,10881699.44,2023-03-13,04-Mar-2024
2812,1872,104,Fully Paid,Trade Finance / Import,NGN,13394113.59,8304.35,16.44,48,11836917.2,1557196.39,2021-05-24,10/10/2026
2813,714,111,PENDING REVIEW,Agricultural Loan,ZAR,16217113.2,891941.23,20.17,6,11543427.54,4673685.66,08/11/2020,18-Jul-2024
2814,951,113,APPROVED,Auto Loan,EUR,841304.32,908608.67,19.74,60,613786.29,227518.03,05-Mar-2024,2023-06-28
2815,1014,113,approved,Personal Loan,EUR,755012.39,815413.38,24.55,18,283200.24,471812.15,30/12/2024,12/05/2023
2816,1581,104,restructured,Asset Finance,NGN,17444977.88,10815.89,6.62,24,3177862.95,14267114.93,14-Jun-2024,08-Nov-2024
2817,1243,112,RESTRUCTURED,Asset Finance,GBP,19312626.94,24527036.21,20.63,6,16905943.35,2406683.59,2021-09-21,16/05/2023
2818,1857,115,Fully Paid,Personal Loan,USD,1452843.81,1452843.81,15.86,48,771781.4,681062.41,11-Apr-2021,2023-01-11
2819,1746,107,active,Auto Loan,GHS,9398751.48,620317.6,22.23,12,7840863.45,1557888.03,08/11/2023,2026-11-09
2820,35,115,WRITTEN OFF,Asset Finance,USD,17469429.33,17469429.33,8.35,12,9592832.56,7876596.77,06/10/2022,2026-06-06
2821,1129,110,PENDING REVIEW,Education Finance,ZAR,12105499.2,665802.46,27.38,12,4121567.57,7983931.63,12/29/2023,14/05/2026
2822,925,114,WRITTEN OFF,SME Working Capital,AED,10464611.69,2846374.38,5.4,18,3181023.57,7283588.12,11/05/2024,10/11/2024
2823,1251,107,approved,Agricultural Loan,GHS,3209429.94,211822.38,22.58,12,2467311.18,742118.76,25/09/2020,20/12/2025
2824,1547,114,fully paid,SME Working Capital,AED,16186283.28,4402669.05,6.0,12,3524874.69,12661408.59,2021-01-18,26/05/2026
2825,1712,109,approved,Asset Finance,KES,14886966.83,114629.64,19.1,12,10353595.38,4533371.45,04-Nov-2021,01/26/2026
2826,805,112,FULLY PAID,Personal Loan,GBP,15327242.31,19465597.73,8.82,18,6136712.99,9190529.32,08-Jul-2022,25/09/2024
2827,534,103,DEFAULTED,Education Finance,NGN,9380636.88,5815.99,21.74,60,9206939.03,173697.85,11/01/2020,04/08/2027
2828,382,111,fully paid,Personal Loan,ZAR,17928559.3,986070.76,14.76,60,9003420.94,8925138.36,2020-02-21,15-Mar-2025
2829,212,115,Fully Paid,Agricultural Loan,USD,2972768.55,2972768.55,7.34,24,253403.93,2719364.62,2023-10-29,2027-01-23
2830,186,111,written off,Mortgage,ZAR,7122196.05,391720.78,16.68,60,3895409.47,3226786.58,12/29/2020,2025-02-28
2831,1925,115,fully paid,Trade Finance / Import,USD,13828602.51,13828602.51,4.71,36,7198826.52,6629775.99,12/19/2020,03/21/2026
2832,1716,114,DEFAULTED,Education Finance,AED,11842855.62,3221256.73,12.21,60,7947672.54,3895183.08,05/03/2021,31-May-2023
2833,1407,105,ACTIVE,Personal Loan,NGN,16552610.57,10262.62,12.65,24,13997470.62,2555139.95,10-Nov-2022,07-Oct-2025
2834,752,110,WRITTEN OFF,Education Finance,ZAR,1471121.87,80911.7,8.51,60,753562.54,717559.33,11/04/2021,2024-08-28
2835,1865,109, Active ,Agricultural Loan,KES,7112468.26,54766.01,25.14,60,3550884.36,3561583.9,2021-10-08,2024-09-15
2836,237,114,restructured,Auto Loan,AED,12791595.96,3479314.1,5.83,60,6846529.35,5945066.61,2022-03-10,16-Oct-2023
2837,1464,102,ACTIVE,Education Finance,NGN,19415980.7,12037.91,19.78,48,2138480.14,17277500.56,2021-10-14,04-Jan-2025
2838,518,107,PENDING REVIEW,Education Finance,GHS,19925155.7,1315060.28,7.18,12,3043393.71,16881761.99,08/18/2021,12/06/2027
2839,1888,115,restructured,Mortgage,USD,9785137.4,9785137.4,27.14,12,1525561.9,8259575.5,30/10/2023,04/10/2024
2840,1262,103,Fully Paid,Auto Loan,NGN,15980005.49,9907.6,20.97,60,15344.11,15964661.38,2021-09-25,11-Sep-2024
2841,1263,106,ACTIVE,SME Working Capital,GHS,5520181.84,364332.0,6.31,6,4332768.36,1187413.48,18-Feb-2023,27-Feb-2026
2842,1202,111, Active ,SME Working Capital,ZAR,3697850.03,203381.75,18.35,12,538415.53,3159434.5,2023-12-12,02/01/2023
2843,547,110,DEFAULTED,Trade Finance / Import,ZAR,128105.21,7045.79,11.61,18,3855.78,124249.43,2020-06-29,2027-04-01
2844,1300,115,RESTRUCTURED,Agricultural Loan,USD,18099695.58,18099695.58,14.35,24,5281805.77,12817889.81,05/27/2020,21/02/2025
2845,924,113,written off,Asset Finance,EUR,12966757.62,14004098.23,11.32,60,1228223.73,11738533.89,07/30/2024,12/02/2027
2846,1507,107,fully paid,Asset Finance,GHS,17964118.51,1185631.82,20.22,12,11364133.11,6599985.4,27-Dec-2021,2026-02-02
2847,1394,112,APPROVED,Personal Loan,GBP,551493.49,700396.73,14.4,24,301146.57,250346.92,06/17/2022,29-Sep-2025
2848,1745,106,DEFAULTED,SME Working Capital,GHS,12747365.04,841326.09,15.08,36,8084751.13,4662613.91,01/07/2022,10-Nov-2024
2849,988,110, Active ,Auto Loan,ZAR,13161286.51,723870.76,12.94,36,3127137.65,10034148.86,25-Aug-2022,09-Nov-2024
2850,18,105,WRITTEN OFF,Auto Loan,NGN,5051982.7,3132.23,23.77,24,2306170.1,2745812.6,21-Dec-2022,20-Oct-2024
2851,934,102,WRITTEN OFF,Auto Loan,NGN,11288684.87,6998.98,26.56,48,2227945.88,9060738.99,22-Dec-2023,01/01/2025
2852,1809,104,restructured,Agricultural Loan,NGN,15938266.07,9881.72,22.84,12,419360.95,15518905.12,07-Sep-2020,2025-03-30
2853,546,101,active,Auto Loan,NGN,5515151.38,3419.39,12.9,48,2521269.02,2993882.36,28-Sep-2020,10/15/2024
2854,558,102,FULLY PAID,Auto Loan,NGN,9255973.68,5738.7,15.06,12,2935470.3,6320503.38,2021-06-20,16-Mar-2025
2855,533,106,active,Auto Loan,GHS,8446049.95,557439.3,17.7,12,7140840.42,1305209.53,2022-06-26,31/03/2026
2856,1184,101,ACTIVE,Personal Loan,NGN,7483868.03,4640.0,11.73,6,5583855.2,1900012.83,2023-10-13,2026-02-25
2857,168,108,DEFAULTED,Auto Loan,KES,2107776.38,16229.88,25.28,36,1527445.36,580331.02,29-Jan-2024,06/01/2024
2858,130,102,APPROVED,Auto Loan,NGN,6654878.15,4126.02,8.34,60,4388535.14,2266343.01,06-Aug-2020,16-Mar-2027
2859,1253,104,RESTRUCTURED,SME Working Capital,NGN,19176491.32,11889.42,4.52,36,16414567.12,2761924.2,02/02/2020,19-Dec-2023
2860,354,103,defaulted,Trade Finance / Import,NGN,11346534.15,7034.85,7.85,36,10111464.89,1235069.26,03/05/2022,06-Nov-2027
2861,318,107,ACTIVE,Asset Finance,GHS,14958774.04,987279.09,14.82,60,6795745.81,8163028.23,23/08/2024,07/11/2023
2862,1240,109,restructured,Education Finance,KES,3774374.33,29062.68,17.05,36,1749408.42,2024965.91,2024-01-29,2026-08-16
2863,538,102, Active ,Personal Loan,NGN,6014499.33,3728.99,15.26,60,1549570.88,4464928.45,13-Mar-2020,05/01/2024
2864,1322,113,restructured,SME Working Capital,EUR,7595906.49,8203579.01,9.79,6,3641154.47,3954752.02,27/02/2023,2023-05-09
2865,1345,111,restructured,Trade Finance / Import,ZAR,3562600.99,195943.05,21.99,24,863705.73,2698895.26,06/18/2024,06/23/2025
2866,1188,102,FULLY PAID,Personal Loan,NGN,8560848.31,5307.73,16.66,18,3658935.33,4901912.98,2020-12-10,27/10/2027
2867,1127,103,active,Mortgage,NGN,894989.87,554.89,26.42,48,197637.31,697352.56,08/06/2020,24-Apr-2023
2868,1149,110,written off,Trade Finance / Import,ZAR,13872491.2,762987.02,21.3,12,10184766.57,3687724.63,12/10/2024,2024-11-22
2869,1238,109,active,Asset Finance,KES,13096064.76,100839.7,24.4,60,1793589.16,11302475.6,2020-11-26,30-May-2024
2870,1948,109,approved,SME Working Capital,KES,15382808.85,118447.63,18.87,36,206713.46,15176095.39,07/18/2020,2025-01-28
2871,1927,102,RESTRUCTURED,Auto Loan,NGN,13297972.64,8244.74,6.25,36,766872.98,12531099.66,29-Aug-2022,11/03/2027
2872,1846,112,FULLY PAID,Asset Finance,GBP,1751582.25,2224509.46,25.21,24,693652.76,1057929.49,26-Jul-2023,04/02/2023
2873,1317,101,approved,Agricultural Loan,NGN,11974119.26,7423.95,15.82,60,11520775.73,453343.53,2022-11-01,26-Apr-2026
2874,1173,106,defaulted,Education Finance,GHS,13069901.34,862613.49,8.91,48,4146699.49,8923201.85,17-Nov-2024,29-May-2025
2875,847,101, Active ,Trade Finance / Import,NGN,10995596.11,6817.27,7.01,24,2342654.78,8652941.33,08/07/2021,03/11/2023
2876,1309,103,DEFAULTED,Auto Loan,NGN,15055026.06,9334.12,4.32,12,7592216.47,7462809.59,01-Jun-2021,03/11/2023
2877,1601,107,written off,SME Working Capital,GHS,5044592.96,332943.14,19.99,12,2084253.49,2960339.47,21/02/2021,01/08/2025
2878,398,101,active,Agricultural Loan,NGN,9816468.95,6086.21,11.79,36,5348806.83,4467662.12,18-Aug-2023,22/11/2027
2879,36,114,DEFAULTED,Asset Finance,AED,14408082.95,3918998.56,21.82,24,865868.93,13542214.02,15-Mar-2024,2027-04-29
2880,469,108, Active ,Personal Loan,KES,9165795.54,70576.63,20.51,48,4410583.62,4755211.92,2024-09-21,02-Jun-2026
2881,1907,108,written off,Personal Loan,KES,17456411.45,134414.37,4.21,12,13727775.36,3728636.09,05/08/2021,12/11/2024
2882,1727,110,fully paid,Auto Loan,ZAR,185698.72,10213.43,26.84,60,95124.34,90574.38,2020-07-31,23-Apr-2027
2883,1587,102,APPROVED,Trade Finance / Import,NGN,3736367.13,2316.55,24.66,24,3122846.35,613520.78,07-Dec-2024,05/16/2027
2884,1538,113,RESTRUCTURED,Agricultural Loan,EUR,2300833.37,2484900.04,17.45,18,1190931.07,1109902.3,2023-05-02,08/14/2027
2885,615,104,DEFAULTED,Personal Loan,NGN,7246588.56,4492.88,26.19,6,4235371.64,3011216.92,29/11/2023,02/16/2026
2886,1914,110,DEFAULTED,Personal Loan,ZAR,4817448.62,264959.67,14.85,60,3934592.61,882856.01,05/10/2022,08/02/2027
2887,841,106,written off,Mortgage,GHS,3714986.89,245189.13,13.08,6,75045.97,3639940.92,28/04/2021,29/09/2026
2888,860,110,WRITTEN OFF,Mortgage,ZAR,14576796.67,801723.82,14.17,36,13174416.45,1402380.22,09-Jan-2023,24-Dec-2026
2889,1560,111,active,Agricultural Loan,ZAR,10628267.54,584554.71,19.62,60,6506191.64,4122075.9,03/05/2021,07/21/2024
2890,326,112,APPROVED,Asset Finance,GBP,2686896.86,3412359.01,6.75,24,855800.06,1831096.8,10-Nov-2020,19/06/2025
2891,1805,103,defaulted,Auto Loan,NGN,5076470.54,3147.41,25.86,12,1319360.21,3757110.33,12-Jul-2023,02/14/2023
2892,206,110,defaulted,Education Finance,ZAR,19106495.58,1050857.26,20.43,60,10459863.96,8646631.62,11/24/2022,30/03/2027
2893,101,115,restructured,Trade Finance / Import,USD,13143394.19,13143394.19,19.61,60,405497.98,12737896.21,03/29/2024,17-Jan-2025
2894,1624,115,restructured,SME Working Capital,USD,15245891.51,15245891.51,20.35,48,13854390.6,1391500.91,10/09/2020,31/01/2024
2895,1493,103,FULLY PAID,SME Working Capital,NGN,2788789.85,1729.05,27.59,18,878725.93,1910063.92,23/06/2024,10/13/2026
2896,1511,106,RESTRUCTURED,Trade Finance / Import,GHS,12859792.67,848746.32,21.46,60,3611847.35,9247945.32,23-Oct-2020,2025-12-19
2897,96,103,WRITTEN OFF,Personal Loan,NGN,4090855.37,2536.33,13.83,48,3219482.44,871372.93,03/12/2020,14-Aug-2026
2898,1294,114,ACTIVE,Personal Loan,AED,4476754.1,1217677.12,27.21,24,3983872.8,492881.3,2024-10-19,27/03/2024
2899,818,113,Fully Paid,Education Finance,EUR,18038934.36,19482049.11,11.66,6,6822554.05,11216380.31,24/05/2020,08/15/2025
2900,100,106,fully paid,SME Working Capital,GHS,1436571.52,94813.72,23.18,18,51518.13,1385053.39,04-Dec-2022,13-Oct-2026
2901,35,115,defaulted,Agricultural Loan,USD,1225216.35,1225216.35,24.9,6,1101604.4,123611.95,04/24/2021,14-Jul-2027
2902,617,103,defaulted,Personal Loan,NGN,14367311.31,8907.73,6.16,36,6592846.65,7774464.66,2020-05-06,04/21/2025
2903,525,106,restructured,Asset Finance,GHS,9176200.99,605629.27,23.35,36,3035729.82,6140471.17,27-Feb-2023,17-Jul-2024
2904,1640,109,DEFAULTED,Agricultural Loan,KES,5186526.09,39936.25,10.08,36,520925.47,4665600.62,11/09/2020,09/01/2026
2905,1033,103,WRITTEN OFF,Education Finance,NGN,3645200.91,2260.02,5.92,36,1981110.93,1664089.98,08/19/2022,07/17/2024
2906,1929,111,restructured,Personal Loan,ZAR,19056448.21,1048104.65,24.29,48,12354017.36,6702430.85,05/10/2023,04-Apr-2027
2907,54,114,pending review,SME Working Capital,AED,429795.58,116904.4,4.14,24,304225.59,125569.99,06/11/2022,14/12/2024
2908,180,102,Fully Paid,Education Finance,NGN,4508539.77,2795.29,13.02,60,2118880.59,2389659.18,2020-01-24,20-Aug-2023
2909,1547,114,defaulted,SME Working Capital,AED,6006332.79,1633722.52,6.62,60,868982.06,5137350.73,04/07/2021,10/26/2024
2910,1261,108,ACTIVE,Trade Finance / Import,KES,19624457.43,151108.32,18.3,36,1097886.51,18526570.92,09/06/2024,22-Jul-2025
2911,1126,111, Active ,SME Working Capital,ZAR,926851.18,50976.81,5.39,18,138614.43,788236.75,29-Aug-2020,09-Jun-2025
2912,599,111,FULLY PAID,SME Working Capital,ZAR,5783104.96,318070.77,6.15,60,4800361.42,982743.54,01-Aug-2021,31-Dec-2025
2913,1615,108,restructured,Personal Loan,KES,7430986.51,57218.6,25.65,12,2300531.74,5130454.77,20-Nov-2023,2025-10-24
2914,1513,111,written off,Trade Finance / Import,ZAR,2096479.62,115306.38,18.68,24,1373094.75,723384.87,07/07/2024,07-Feb-2027
2915,1169,104,active,Mortgage,NGN,3410106.24,2114.27,18.83,18,2346197.06,1063909.18,28/12/2020,25/06/2024
2916,528,102, Active ,Personal Loan,NGN,3774146.45,2339.97,6.06,36,1883904.02,1890242.43,08-Mar-2024,31/12/2027
2917,1192,102,PENDING REVIEW,SME Working Capital,NGN,19107437.68,11846.61,12.07,36,12416851.67,6690586.01,02/01/2023,2025-02-02
2918,439,113,DEFAULTED,Mortgage,EUR,16476722.47,17794860.27,27.72,12,5203579.42,11273143.05,2022-06-02,09/18/2027
2919,1195,108,FULLY PAID,Mortgage,KES,12754479.27,98209.49,10.98,36,5100242.25,7654237.02,2020-09-27,09/25/2025
2920,623,107,RESTRUCTURED,Education Finance,GHS,7175951.53,473612.8,25.8,24,6939580.63,236370.9,2020-04-01,04/08/2024
2921,1220,107, Active ,Mortgage,GHS,14833928.7,979039.29,12.25,6,8600585.79,6233342.91,09/21/2024,20-Sep-2027
2922,1306,101,written off,Agricultural Loan,NGN,463499.27,287.37,13.45,60,257199.04,206300.23,2021-08-29,10/04/2027
2923,1236,112,fully paid,Education Finance,GBP,19752634.82,25085846.22,20.09,60,1790115.33,17962519.49,22/08/2024,17/02/2027
2924,1967,101,Fully Paid,Agricultural Loan,NGN,9770582.24,6057.76,7.05,6,927501.1,8843081.14,07/08/2021,2026-03-04
2925,733,107,ACTIVE,Mortgage,GHS,13997784.71,923853.79,12.92,6,8990246.95,5007537.76,09/24/2023,13-May-2024
2926,88,112,restructured,Trade Finance / Import,GBP,11472637.23,14570249.28,19.78,24,8324526.26,3148110.97,11/07/2023,2025-01-27
2927,1514,110,APPROVED,SME Working Capital,ZAR,6521348.1,358674.15,15.65,60,5625376.64,895971.46,2020-03-16,11/16/2026
2928,891,111,defaulted,Trade Finance / Import,ZAR,13103628.18,720699.55,6.67,18,9802376.4,3301251.78,05/14/2024,2024-02-27
2929,1246,110, Active ,Auto Loan,ZAR,7754608.84,426503.49,23.66,36,7138693.01,615915.83,2023-03-17,21-May-2026
2930,1175,103,WRITTEN OFF,Asset Finance,NGN,17675048.19,10958.53,23.81,36,2411827.38,15263220.81,29-Apr-2022,01/08/2024
2931,457,103,FULLY PAID,Trade Finance / Import,NGN,12048980.97,7470.37,26.28,24,9112865.14,2936115.83,07/10/2020,01/21/2023
2932,1106,115,PENDING REVIEW,Mortgage,USD,3286056.21,3286056.21,7.63,12,1216484.07,2069572.14,2021-07-04,25-Feb-2026
2933,217,114,written off,Agricultural Loan,AED,9064985.56,2465676.07,19.64,36,1423855.75,7641129.81,12/11/2021,30/06/2025
2934,986,112,approved,Education Finance,GBP,6438042.53,8176314.01,5.42,48,3683755.51,2754287.02,2022-04-10,01/26/2026
2935,1833,104,fully paid,SME Working Capital,NGN,5293983.37,3282.27,16.98,6,4384921.03,909062.34,28-Aug-2021,10/26/2024
2936,1973,109,ACTIVE,Personal Loan,KES,13676657.24,105310.26,27.78,6,4454203.77,9222453.47,2020-03-19,2025-04-04
2937,1888,115,PENDING REVIEW,Trade Finance / Import,USD,5396348.01,5396348.01,17.21,48,2591758.1,2804589.91,04/07/2022,2024-04-12
2938,1702,113,PENDING REVIEW,Auto Loan,EUR,8009399.36,8650151.31,9.18,6,1717734.95,6291664.41,22-Jan-2024,2025-12-24
2939,1200,111,active,Education Finance,ZAR,7547632.76,415119.8,19.63,18,5278770.28,2268862.48,13-Nov-2022,16-May-2026
2940,1609,102,RESTRUCTURED,Education Finance,NGN,18624511.69,11547.2,7.42,18,7305241.06,11319270.63,2021-07-09,26-Aug-2026
2941,1893,104,APPROVED,Asset Finance,NGN,4209296.26,2609.76,11.08,24,3026821.7,1182474.56,04/03/2021,2027-09-29
2942,953,102,FULLY PAID,Agricultural Loan,NGN,6058167.49,3756.06,23.73,12,4775996.12,1282171.37,2021-06-30,26/01/2024
2943,70,105,pending review,Education Finance,NGN,9747768.58,6043.62,16.05,6,9253800.22,493968.36,2024-08-07,28/03/2026
2944,1309,103, Active ,Trade Finance / Import,NGN,15335418.25,9507.96,11.28,18,10811457.23,4523961.02,2020-11-30,10/24/2024
2945,1240,109,Fully Paid,Asset Finance,KES,6818927.85,52505.74,5.95,60,6322314.77,496613.08,07/03/2023,25/07/2026
2946,960,114,fully paid,Asset Finance,AED,13397301.34,3644065.96,5.56,18,3861801.98,9535499.36,04/28/2021,16-Mar-2026
2947,146,112,written off,Mortgage,GBP,5083233.4,6455706.42,26.73,36,1062855.1,4020378.3,08-Apr-2021,03/03/2025
2948,540,115,restructured,Personal Loan,USD,11560650.38,11560650.38,5.9,24,10870770.97,689879.41,02/07/2020,11/18/2027
2949,1604,108,ACTIVE,Agricultural Loan,KES,18684459.89,143870.34,14.17,60,4214868.91,14469590.98,2024-09-16,2027-12-11
2950,1675,103,active,Auto Loan,NGN,2376814.81,1473.63,16.04,18,212607.38,2164207.43,18/09/2022,01/01/2025
2951,1813,109,written off,Trade Finance / Import,KES,14596025.79,112389.4,14.84,48,9506365.35,5089660.44,08/12/2023,2025-12-10
2952,1859,103,fully paid,Agricultural Loan,NGN,14016413.34,8690.18,10.29,18,3978490.18,10037923.16,27-Jun-2020,23/08/2026
2953,1903,110,FULLY PAID,Auto Loan,ZAR,12029530.93,661624.2,18.61,24,10271914.33,1757616.6,2020-01-13,14-May-2026
2954,735,111, Active ,Asset Finance,ZAR,14218850.85,782036.8,24.89,48,6492845.89,7726004.96,04/01/2023,07/09/2026
2955,708,113,PENDING REVIEW,Trade Finance / Import,EUR,2286167.07,2469060.44,6.92,24,1378752.03,907415.04,12/01/2024,07/12/2023
2956,746,112,FULLY PAID,Mortgage,GBP,15326217.78,19464296.58,26.88,12,630244.17,14695973.61,2020-10-02,30-Jun-2026
2957,736,108,written off,Education Finance,KES,9137160.78,70356.14,5.9,60,3739593.04,5397567.74,19-Apr-2022,12/13/2025
2958,1021,103,WRITTEN OFF,Mortgage,NGN,4016182.31,2490.03,20.24,18,2739380.94,1276801.37,2023-02-01,27/04/2025
2959,1254,109,approved,Education Finance,KES,5213199.95,40141.64,25.08,48,2580588.79,2632611.16,2020-08-23,12/08/2023
2960,1752,113,WRITTEN OFF,Personal Loan,EUR,728613.54,786902.62,12.24,6,297706.07,430907.47,02-Jan-2023,27-Jan-2026
2961,1029,101,approved,Auto Loan,NGN,17698585.71,10973.12,22.68,60,17389294.36,309291.35,2022-12-06,2024-01-05
2962,688,111,active,Asset Finance,ZAR,12404141.31,682227.77,15.71,18,7912324.54,4491816.77,06/03/2024,21/09/2025
2963,339,111,active,Agricultural Loan,ZAR,18595709.01,1022764.0,9.31,18,3936995.58,14658713.43,23/12/2023,18-Aug-2024
2964,1233,105,restructured,Education Finance,NGN,5001682.9,3101.04,24.35,24,2098849.41,2902833.49,07-May-2022,11-Dec-2026
2965,1386,102,active,Auto Loan,NGN,4707875.99,2918.88,23.46,6,3172157.16,1535718.83,2022-12-09,08-Nov-2026
2966,190,108,RESTRUCTURED,Agricultural Loan,KES,7346005.66,56564.24,11.88,60,6179977.67,1166027.99,08/04/2021,15/12/2024
2967,1977,105,Fully Paid,Auto Loan,NGN,9292469.55,5761.33,13.04,24,4449737.33,4842732.22,2023-09-07,10/06/2027
2968,1532,112,FULLY PAID,Asset Finance,GBP,13566637.95,17229630.2,10.29,48,718711.6,12847926.35,08/04/2022,03/07/2026
2969,513,104,Fully Paid,Auto Loan,NGN,16840367.3,10441.03,27.86,60,11234179.43,5606187.87,2021-07-06,28/11/2025
2970,632,103,active,SME Working Capital,NGN,15673201.18,9717.38,7.48,36,6900385.75,8772815.43,03/30/2022,04/19/2025
2971,1148,107,approved,SME Working Capital,GHS,11815465.11,779820.7,14.77,24,2686448.77,9129016.34,25-Jun-2023,2027-05-07
2972,346,110,ACTIVE,Trade Finance / Import,ZAR,16195193.29,890735.63,8.53,6,4463020.42,11732172.87,15/12/2024,2026-12-27
2973,944,104,Fully Paid,Mortgage,NGN,14348413.13,8896.02,15.37,60,7368995.67,6979417.46,19/11/2021,07/19/2023
2974,1439,113,PENDING REVIEW,Auto Loan,EUR,2474534.76,2672497.54,18.88,24,2145003.04,329531.72,25-Jul-2023,2027-01-15
2975,1044,108,RESTRUCTURED,SME Working Capital,KES,16157997.43,124416.58,21.23,36,5433590.63,10724406.8,08/26/2022,2024-10-30
2976,1944,115, Active ,Mortgage,USD,16774850.94,16774850.94,12.95,6,10611771.06,6163079.88,2020-04-22,18/07/2024
2977,1923,115,FULLY PAID,Trade Finance / Import,USD,12324731.23,12324731.23,17.16,36,2967739.88,9356991.35,06/05/2024,02/10/2024
2978,918,102,APPROVED,SME Working Capital,NGN,10338953.37,6410.15,20.53,36,9526104.51,812848.86,30/10/2021,24/06/2027
2979,1103,108,pending review,Mortgage,KES,16233530.6,124998.19,16.81,18,7390984.91,8842545.69,2022-07-19,23-Jun-2027
2980,1623,104,PENDING REVIEW,Asset Finance,NGN,3803486.52,2358.16,9.56,18,1852563.54,1950922.98,07/04/2020,09/26/2026
2981,67,108,restructured,Agricultural Loan,KES,590554.89,4547.27,10.08,18,243676.0,346878.89,2023-05-11,03/01/2024
2982,1157,113,defaulted,Asset Finance,EUR,1315027.13,1420229.3,10.24,36,25276.59,1289750.54,01/02/2021,2026-04-26
2983,1322,113,written off,SME Working Capital,EUR,5437677.4,5872691.59,18.74,12,1875960.34,3561717.06,11-Aug-2022,2024-10-04
2984,1778,102,defaulted,Mortgage,NGN,6643546.85,4119.0,13.24,6,1963839.51,4679707.34,02/09/2020,2027-05-06
2985,699,114,PENDING REVIEW,Mortgage,AED,15516408.1,4220463.0,19.95,6,8974667.8,6541740.3,22-Jan-2024,03/05/2027
2986,513,104,defaulted,Mortgage,NGN,18756977.18,11629.33,13.2,36,16251496.67,2505480.51,02/21/2023,2024-07-12
2987,28,102,DEFAULTED,Education Finance,NGN,9307856.89,5770.87,4.07,24,3580234.05,5727622.84,27/12/2023,08/10/2023
2988,1532,112,DEFAULTED,Mortgage,GBP,602328.21,764956.83,20.97,60,226896.38,375431.83,12/07/2024,14/09/2023
2989,1308,110,Fully Paid,Auto Loan,ZAR,2413815.72,132759.86,8.75,48,1066136.84,1347678.88,02/27/2020,2024-01-26
2990,379,112,FULLY PAID,Trade Finance / Import,GBP,18954076.17,24071676.74,26.34,48,12583736.3,6370339.87,01/29/2024,10/04/2024
2991,20,105,defaulted,SME Working Capital,NGN,14973554.62,9283.6,4.4,6,7931471.27,7042083.35,31-Aug-2020,2024-08-26
2992,1305,109,FULLY PAID,Mortgage,KES,360164.65,2773.27,9.39,24,283936.1,76228.55,20-Oct-2023,14/05/2027
2993,1858,114,WRITTEN OFF,Trade Finance / Import,AED,17004526.41,4625231.18,27.93,18,14307304.07,2697222.34,26/12/2023,2026-11-15
2994,299,111,pending review,Education Finance,ZAR,1299605.22,71478.29,27.3,48,1289561.22,10044.0,08/12/2023,2024-10-21
2995,525,106,restructured,SME Working Capital,GHS,2505879.36,165388.04,18.54,60,269746.98,2236132.38,2023-08-01,2023-02-13
2996,590,113,ACTIVE,Personal Loan,EUR,17622924.23,19032758.17,26.93,60,9958205.79,7664718.44,24/08/2023,2026-10-23
2997,1116,106,FULLY PAID,Trade Finance / Import,GHS,8549102.34,564240.75,4.78,48,1336997.58,7212104.76,09/12/2023,08/10/2026
2998,1646,111,Fully Paid,Trade Finance / Import,ZAR,18275593.64,1005157.65,11.47,12,556907.75,17718685.89,2020-01-12,18-Nov-2027
2999,1398,111,APPROVED,Trade Finance / Import,ZAR,17820501.43,980127.58,20.9,6,10314247.62,7506253.81,18-Sep-2021,09/19/2025
3000,1488,102,ACTIVE,Mortgage,NGN,12193444.53,7559.94,9.05,6,251477.78,11941966.75,2022-10-23,2027-03-24
