customer_id	account_number	raw_first_name	raw_last_name	raw_email	raw_phone	raw_country	raw_city	account_type	raw_kyc_status	bvn_nin	annual_income_local	local_currency	raw_dob	raw_account_open_date
1	NXB00000001	 Danielle 	johnson	john21@example.net	96001338908	Kenya	Robinsonshire	Business	 Verified 	21611256783	30247200.62	KES	09/05/1991	20/11/2016
2	NXB00000002	Joshua	booth	helenpeterson@example.org	51161559407	Nigeria	Millerport	Business	FAILED	93234078442	43947663.06	NGN	02/01/1961	2022-03-28
3	NXB00000003	Maria	Montgomery	barbara10@example.net		Kenya	Port Keith	Corporate	VERIFIED	67943221131	36346835.2	KES	13/10/2000	02/01/2016
4	NXB00000004	Christopher	 Hall 	jamesshawn@example.com	55341928327	Nigeria	Lake Mark	Current	 Verified 	98414026011	26099904.75	NGN	10/25/1983	2024-06-26
5	NXB00000005	KAYLA	brown	trujillorichard@example.org	95376724238	Ghana	Hurstfurt	Savings	pending	86000789754	2978221.08	GHS	22-Jul-1963	01/30/2020
6	NXB00000006	michael	osborn	williamdavis@example.org	22691669784	Nigeria	Lake Nicoleview	Corporate	failed	79435141966	3805555.55	NGN	1999-02-08	2021-12-18
7	NXB00000007	kayla	Peterson	ryan70@example.net	82814893252	South Africa	New Mariotown	Corporate	under review	35318497241	12194138.51	ZAR	03/25/1996	2021-10-04
8	NXB00000008	daniel	COX	john39@example.org	71822782489	Nigeria	Lake Larry	Corporate	PENDING	60512510281	36298820.54	NGN	11/07/1966	2017-10-03
9	NXB00000009	WANDA	SANTOS	clam@example.org	31509839301	Ghana	North Micheleland	Corporate	 Verified 	15012232280	23718811.02	GHS	12/21/1997	17-Sep-2017
10	NXB00000010	 Willie 	ramirez	ilewis@example.net	37631165667	South Africa	South Jessicaville	Savings	FAILED	96595503870	30497532.4	ZAR	1961-11-23	03/26/2019
11	NXB00000011	 John 	 Lee 	ltaylor@example.com	31781080132	Nigeria	Lewisfurt	Corporate	PENDING	59476546424	39426043.7	NGN	26/11/1985	06-Jun-2023
12	NXB00000012	 Rachel 	martin	gallowayjoseph@example.com	68723430980	Kenya	New Thomashaven	Savings	FAILED	91919702532	49738372.24	KES	07-Oct-1997	18/04/2016
13	NXB00000013	Eric	 Yu 	yorkcasey@example.org	61939909169	Ghana	Sarahborough	Current	VERIFIED	66760442806	38866066.86	GHS	08/28/1993	01/17/2020
14	NXB00000014	elizabeth	EDWARDS	randy47@example.com	07991183842	South Africa	West Justin	Current	EXPIRED	75510792354	20262339.7	ZAR	23/12/1991	03/02/2019
15	NXB00000015	samuel	daniels	cheryl80@example.net	12411824493	Kenya	Williamview	Savings	failed	15901438158	17852477.97	KES	16/10/2000	12/12/2024
16	NXB00000016	 Rebecca 	MATHIS	waltersmaria@example.org	52427868011	Nigeria	Port Mikeside	Corporate	verified	54463573472	10077225.44	NGN	05/10/2001	2015-02-15
17	NXB00000017	EARL	ANDERSON	michael05@example.org	15869232260	Nigeria	Phambury	Current	PENDING	11594577205	22693753.57	NGN	25/12/1974	22-Nov-2018
18	NXB00000018	JOSEPH	 Cobb 	reyesbenjamin@example.com	37543303654	Nigeria	Darlenefurt	Corporate	under review	81999284062	2289718.12	NGN	1994-12-16	20/09/2016
19	NXB00000019	Erin	anthony	sheila14@example.org	01965569816	Ghana	Bradleychester	Current	FAILED	92004624915	19502532.01	GHS	09/09/1977	2015-06-21
20	NXB00000020	 Aaron 	frost	michaeljones@example.net	95148465648	Nigeria	Ortegafurt	Corporate	 Verified 		21632118.87	NGN	27-Jun-1985	2017-05-12
21	NXB00000021	 Erica 	ORR	richard04@example.com		Nigeria	South Kristi	Current	EXPIRED	77313355121	6154732.42	NGN	10/01/1990	07-Feb-2024
22	NXB00000022	 Catherine 	Morris	nramos@example.net	21489513433	South Africa	East Traceyland	Business	UNDER REVIEW	29442067782	33553717.13	ZAR	21-Jun-1997	01/16/2024
23	NXB00000023	Stanley	Mercado	jennifercruz@example.com	20163287083	Nigeria	Port Steven	Business	EXPIRED	65797264063	3038685.23	NGN	17-Jul-1986	28-Dec-2023
24	NXB00000024	amanda	hansen	stephanie79@example.net	87277434873	Nigeria	Lake Justinview	Corporate	 Verified 	26862263376	35020395.34	NGN	09-Sep-1982	18/08/2019
25	NXB00000025	matthew	orozco	taylorjesse@example.net	31665876036	Ghana	Port Nicoleshire	Corporate	verified	56278126761	46343162.99	GHS	21/07/1962	21/07/2019
26	NXB00000026	Omar	Smith	kenneth66@example.net	73467065627	Nigeria	South Brittanytown	Savings	failed	75436757306	44015739.26	NGN	23/01/1982	08/07/2021
27	NXB00000027	christopher	patterson	qwhite@example.com	37556464170	Ghana	Jeffreyland	Business	 Verified 	55517986799	29875579.05	GHS	1998-04-09	2016-02-17
28	NXB00000028	 Kimberly 	 Pearson 	herringjames@example.org		Nigeria	East David	Savings	 Verified 	18554875949	603319.44	NGN	1967-12-19	30-Jun-2016
29	NXB00000029	Elizabeth	ELLIOTT	stevenscott@example.com	99124190496	UAE	New Hannahbury	Savings	 Verified 	52489594901	16842016.07	AED	1961-09-30	2015-06-11
30	NXB00000030	 Curtis 	 Barton 	hoganashlee@example.org	86518506716	UAE	South Gregory	Savings	failed	51203211093	30964036.71	AED	1983-08-07	30-Apr-2024
31	NXB00000031	Aimee	santos	umarshall@example.net	53147379965	Nigeria	Hunterborough	Savings	EXPIRED	42669598264	34607085.37	NGN	08/06/1961	22-Jul-2024
32	NXB00000032	 Michael 	Green	nicole48@example.org	13678377701	South Africa	Holtport	Business	failed	65038451224	21189495.1	ZAR	09/27/2001	28-Nov-2023
33	NXB00000033	elizabeth	wood	ronald85@example.com	44431351823	South Africa	Jennyhaven	Savings	verified	87561732443	43819510.63	ZAR	1966-08-16	01/13/2020
34	NXB00000034	Candice	Hooper	kennethward@example.com	82400842710	Nigeria	Mendozamouth	Current	EXPIRED	67704323732	6569615.92	NGN	25-Nov-1988	12/14/2022
35	NXB00000035	jack	 Williams 	ewilson@example.com		United States	Joneston	Current	UNDER REVIEW	14578672895	2053285.86	USD	07-Apr-1998	05/15/2019
36	NXB00000036	 Edward 	Shepherd	christopher31@example.net	99938677496	UAE	New Susanville	Corporate	 Verified 	56453426518	37391422.2	AED	24/09/1991	20-May-2022
37	NXB00000037	stacey	CLARK	josephmiller@example.org	81206797403	United States	Jonesbury	Current	failed	20375786458	24601263.11	USD	01/03/1975	06/22/2015
38	NXB00000038	Sandra	french	ronaldstephens@example.net	42102499471	Nigeria	Benderhaven	Current	under review	95938967589	18356012.81	NGN	21-May-1975	2018-10-13
39	NXB00000039	amber	kim	prestonjessica@example.net	01399049027	Nigeria	Howardshire	Current	UNDER REVIEW	81915157702	14035578.73	NGN	07/11/1977	2019-11-17
40	NXB00000040	Ryan	 Olsen 	harrisonricky@example.com	25674680715	Kenya	Port Richardhaven	Savings	failed	11428529361	20663146.8	KES	1988-02-16	27/04/2020
41	NXB00000041	mallory	Smith	mgutierrez@example.net	97703482477	United States	Lake Eric	Current	EXPIRED	49791585672	44629903.2	USD	1998-03-23	02/28/2024
42	NXB00000042	Andrea	TRAN	walkermaureen@example.org	12748467737	South Africa	Leehaven	Current	VERIFIED	73657888406	12329508.44	ZAR	06/02/1960	2015-07-15
43	NXB00000043	 Julie 	TAYLOR	hillkristy@example.com	84044997278	Germany	Andreaside	Business	pending	17143880083	25083462.24	EUR	01/09/1986	27-Dec-2020
44	NXB00000044	 Nicholas 	Cantu	tinaallen@example.com	60576627028	Germany	Port Meganville	Current	PENDING	38587742715	1203462.04	EUR	1979-04-07	09/08/2018
45	NXB00000045	Alicia	bryant	robertpena@example.org	74596158657	Kenya	East Crystalport	Business	failed		21070994.53	KES	21/08/2000	04/15/2017
46	NXB00000046	Wendy	FRANCIS	wgood@example.net	72400504556	Ghana	Knightburgh	Savings	 Verified 	26635358236	42724999.17	GHS	02/24/1960	28-Sep-2015
47	NXB00000047	GEORGE	 Miller 	pharvey@example.com	37474074821	Nigeria	Daniellechester	Savings	EXPIRED	94473409793	14275878.06	NGN	26-Sep-1963	2023-11-06
48	NXB00000048	Hannah	BRYANT	james67@example.org	69594406409	Ghana	Wallport	Savings	verified	27876908581	17434008.79	GHS	06/02/1983	14-May-2020
49	NXB00000049	 Kimberly 	HALL	jeffery39@example.com	10470952145	Nigeria	East Kristin	Corporate	FAILED	36489309649	31243216.64	NGN	1981-09-07	05/09/2023
50	NXB00000050	 Nancy 	 Diaz 	maria47@example.com	17123685160	UAE	South Miguelview	Corporate	UNDER REVIEW	60004274367	10356097.34	AED	1961-11-18	01/30/2020
51	NXB00000051	Brenda	Carson	daniel37@example.org		Nigeria	Rosebury	Corporate	VERIFIED	57114003376	43169338.9	NGN	10/28/1963	2024-06-15
52	NXB00000052	deborah	 Reid 	tblankenship@example.net	12004711382	South Africa	Ellenside	Corporate	PENDING	87292814196	36432232.19	ZAR	1975-04-14	2022-01-03
53	NXB00000053	Robert	 Newton 	nicolepena@example.com	40537735158	Germany	Hillville	Business	VERIFIED	26572805271	3218193.81	EUR	06/19/1973	21-Oct-2022
54	NXB00000054	Stacy	 Holloway 	batesdarlene@example.net	05329318393	UAE	Port Rachel	Savings	PENDING	20152380308	25165208.81	AED	17-Feb-1993	2019-07-25
55	NXB00000055	AARON	garrison	vanessafernandez@example.org	02053950240	Nigeria	Lake Brycemouth	Savings	UNDER REVIEW	23371840309	48744634.95	NGN	13-Jun-1994	2018-07-27
56	NXB00000056	KIMBERLY	palmer	hayesjeffrey@example.net	84700766177	Nigeria	Charleneland	Savings	failed	86281343936	37864611.25	NGN	2000-12-14	07-Feb-2024
57	NXB00000057	 David 	WEBER	oscar98@example.com	89611836736	United States	Perryville	Business	under review	45791107306	37184168.91	USD	1966-02-20	2016-01-22
58	NXB00000058	Larry	 Edwards 	nicholas27@example.org		Nigeria	Port Christopherchester	Savings	failed	87991481952	47013029.95	NGN	02/24/2000	02-Dec-2015
59	NXB00000059	COLIN	RODGERS	angelawillis@example.net	16560494519	Nigeria	Lake Timothy	Corporate	FAILED	32018843158	37024152.68	NGN	11/17/1996	2019-07-29
60	NXB00000060	melanie	 Bell 	danny49@example.org	89980940244	South Africa	East Mollyshire	Current	VERIFIED	37615450512	30856268.87	ZAR	06/04/1977	02-Apr-2024
61	NXB00000061	 Diane 	Jones	davisalyssa@example.com	75254599102	Ghana	Lake Christophermouth	Business	FAILED	26705566060	35491765.93	GHS	09/06/1971	2015-01-06
62	NXB00000062	ebony	tucker	nperry@example.net	56149784036	Ghana	East Kevinborough	Savings	FAILED	40237455373	49908176.44	GHS	1993-05-31	2023-03-15
63	NXB00000063	Katrina	DURAN	mark07@example.net	22683885160	South Africa	Morsemouth	Savings	FAILED	25965409225	41583550.03	ZAR	13/08/1960	14-Mar-2016
64	NXB00000064	BARBARA	Berry	zroberts@example.org	29751613696	Nigeria	Harrellmouth	Business	under review	71310935575	33324426.87	NGN	06/23/1998	26/04/2017
65	NXB00000065	jeffrey	 Maxwell 	dixondaniel@example.net	55231243292	Ghana	Marshallshire	Corporate	failed	16173804261	12979507.55	GHS	09/06/1979	2016-10-11
66	NXB00000066	 Kathleen 	Cole	michelle52@example.com		Germany	South Scottport	Current	under review	28413426473	14530585.54	EUR	10/12/1967	2023-08-17
67	NXB00000067	 Laura 	Vargas	william47@example.com	05411998679	Kenya	Stoutshire	Business	FAILED	37699717585	34577329.76	KES	12/05/1972	19-May-2019
68	NXB00000068	denise	MORRIS	dmason@example.com	51820377889	Nigeria	Samanthafurt	Current	EXPIRED	41716536676	49331409.33	NGN	09/30/1984	25-Mar-2016
69	NXB00000069	RILEY	Morgan	mccormickdeborah@example.org	18644925192	United Kingdom	Andersonland	Business	under review	18677120574	28574215.44	GBP	1999-09-09	15-Sep-2017
70	NXB00000070	kyle	 Bennett 	lisa81@example.net	85054235733	Nigeria	West Meganville	Savings	 Verified 	14117248077	16705145.5	NGN	08/12/1990	15-May-2021
71	NXB00000071	William	 Fernandez 	stanleynancy@example.net	96222927065	Nigeria	Karenmouth	Business	failed	38287480781	31627928.64	NGN	17-Jan-1990	29/01/2016
72	NXB00000072	Jesus	ALLEN	mmckee@example.com	74688623924	Kenya	Angelaville	Business	UNDER REVIEW	84050248971	17004744.6	KES	17/03/1970	2021-04-22
73	NXB00000073	jennifer	black	mitchellkathryn@example.com	82613750606	United Kingdom	South Virginia	Corporate	VERIFIED	71009835858	20911813.81	GBP	1993-02-17	25/02/2016
74	NXB00000074	nicholas	Johnson	combsdebra@example.org	04727790104	United Kingdom	Rodriguezport	Savings	VERIFIED	11101472470	45951071.03	GBP	1978-05-09	22/02/2018
75	NXB00000075	john	MARTINEZ	robertbauer@example.com	17980893246	United States	Johnchester	Savings	failed	95002125284	27076108.76	USD	03/21/1988	30/06/2015
76	NXB00000076	JACOB	 Barnett 	carlos88@example.net	67065405153	United Kingdom	Dennisstad	Current	under review	56761320166	5454630.44	GBP	08/05/1982	15-Jun-2021
77	NXB00000077	Amy	 Li 	mariacohen@example.net	22170430305	Nigeria	Haysside	Current	VERIFIED	26058456240	49044892.59	NGN	1985-08-23	26-Jun-2022
78	NXB00000078	THOMAS	johnson	justinatkins@example.org	41566765277	Nigeria	Lauriechester	Current	FAILED	28028746584	15102498.41	NGN	30/09/1962	07/13/2017
79	NXB00000079	christian	Morrison	amymorris@example.org	44796275705	Nigeria	Danielleton	Business	under review	35345274149	23949637.62	NGN	05/04/1960	2019-03-15
80	NXB00000080	 Charles 	WALSH	william20@example.org	02135569092	Kenya	Scottland	Savings	 Verified 	19499545011	8110115.22	KES	11/11/1964	07/28/2017
81	NXB00000081	Audrey	 Moreno 	redwards@example.org	02786814473	Nigeria	Gonzalezberg	Current	pending	38206311343	47704096.2	NGN	01/22/1979	07/11/2021
82	NXB00000082	MELISSA	hayes	zosborn@example.net	51884422583	Nigeria	East Kristy	Corporate	failed	72429272650	46398754.7	NGN	1999-03-28	12/07/2023
83	NXB00000083	ANTHONY	 Spencer 	tanner82@example.net	14678669125	United States	Frazierstad	Corporate	pending	30687587654	3115169.07	USD	01/24/1968	12/17/2023
84	NXB00000084	DAVID	calderon	katrinaanderson@example.net	18242253584	Nigeria	Lake Stephanie	Savings	UNDER REVIEW	85269627716	5130058.13	NGN	18-Sep-1971	02/26/2021
85	NXB00000085	joshua	weber	shawgary@example.net	29959001094	UAE	Montgomerytown	Current	verified	29404469258	31429582.32	AED	16/03/1963	2023-01-31
86	NXB00000086	Tyler	Burton	dawn47@example.org	47102767735	United Kingdom	Michellemouth	Savings	VERIFIED	13287709186	39112354.14	GBP	1994-10-11	2024-09-04
87	NXB00000087	JESSICA	VALENCIA	xanderson@example.net	53714732104	Nigeria	Wrightburgh	Current	EXPIRED	70551568196	39290659.27	NGN	06-Mar-1984	2015-08-23
88	NXB00000088	 Lisa 	PECK	james27@example.net	74701687339	United Kingdom	West Troyfort	Business	failed	32594981431	4709501.74	GBP	06/16/1996	25/09/2021
89	NXB00000089	JUSTIN	smith	jordannicole@example.net	65060983584	Nigeria	Duranview	Current	failed	93757941463	39521337.95	NGN	02/02/1974	2020-04-04
90	NXB00000090	MARCIA	HANSON	andersoncolin@example.com		Kenya	Angelastad	Business	FAILED	58867690082	32015061.9	KES	24-Dec-1963	13-Feb-2023
91	NXB00000091	KARI	gonzalez	cporter@example.org	57872982595	Kenya	Brittneyhaven	Corporate	 Verified 	47785834345	25828287.3	KES	05-Jun-1974	2022-06-01
92	NXB00000092	 Maria 	PATEL	thomas05@example.com	69409749930	Ghana	New Cristina	Savings	EXPIRED	66062365835	10791867.49	GHS	26/05/1978	06-Dec-2021
93	NXB00000093	christine	randall	lorraineallen@example.net	30756263689	Germany	New Jared	Savings	VERIFIED	46041976411	41827461.64	EUR	1965-07-28	07-Dec-2017
94	NXB00000094	 Mark 	 Bates 	ledwards@example.com	85497334843	UAE	Lake Janet	Current	PENDING	62372213606	36049979.29	AED	1968-06-02	26-Jun-2019
95	NXB00000095	 Logan 	Bailey	keith98@example.com		Nigeria	Cardenasberg	Current	PENDING	98353577966	33640011.3	NGN	08-Oct-1992	28-Jul-2019
96	NXB00000096	kelly	Roberts	reedscott@example.com	33848421993	Nigeria	Lake Jesse	Corporate	FAILED		5652598.1	NGN	29-Nov-1994	03/12/2015
97	NXB00000097	 Craig 	rivera	xgarcia@example.org	82677345401	UAE	East Robertburgh	Business	UNDER REVIEW	51908822036	43380535.99	AED	11/24/1961	07/10/2019
98	NXB00000098	sarah	Johnson	lfrench@example.net	00499154788	United Kingdom	Nelsonville	Current	VERIFIED	21461826208	23756686.51	GBP	20/10/1973	19-Nov-2023
99	NXB00000099	MARK	simon	jennifer05@example.com	29668516122	UAE	North Jose	Savings	UNDER REVIEW	84051435488	35021605.37	AED	04/09/1983	24-Apr-2024
100	NXB00000100	JOE	Molina	kevin90@example.com	30174268414	Ghana	East Susan	Savings	failed	98849247371	3347409.75	GHS	05-Apr-1998	09/05/2017
101	NXB00000101	Timothy	gibson	robert87@example.net	39187851910	United States	New Amanda	Business	pending	25929509961	20038640.05	USD	12/14/1969	2024-01-15
102	NXB00000102	 Franklin 	BOND	nwilson@example.net	18707286790	Nigeria	Jenniferfurt	Savings	pending	39959932034	12434267.95	NGN	02/06/1964	07/10/2020
103	NXB00000103	jonathan	SMITH	bethwilliams@example.com	80170462265	Nigeria	Bennettside	Corporate	VERIFIED	21696745643	47832424.28	NGN	08/03/2001	04-Jul-2023
104	NXB00000104	 Dean 	DALTON	whiteamanda@example.net	30047868633	Ghana	West Jacob	Savings	 Verified 	13481874972	29511468.98	GHS	03/01/1975	04/03/2016
105	NXB00000105	nancy	 Cannon 	pachecorobert@example.org	31190790306	UAE	Port Michelle	Business	EXPIRED	46495847461	36598427.15	AED	1996-12-01	16/02/2023
106	NXB00000106	brian	 Gordon 	jim95@example.net	34283644089	United States	Williamsstad	Business	pending		39708085.52	USD	1966-01-03	09-Nov-2015
107	NXB00000107	Shelly	POWERS	heather62@example.com	28733427086	South Africa	South John	Business	FAILED	62533246122	26729481.82	ZAR	1975-05-20	07/30/2021
108	NXB00000108	james	lucas	fboone@example.net	04699013983	Germany	Kevintown	Current	verified	71160945846	14113473.32	EUR	23/02/1975	2015-11-11
109	NXB00000109	Jason	lee	burgesskaren@example.org	63854678544	Nigeria	Owensfort	Corporate	VERIFIED	60807672447	31708658.9	NGN	25-Nov-1994	31/08/2017
110	NXB00000110	KATHLEEN	FLORES	nathangutierrez@example.net	20489964235	United States	South Andrea	Savings	 Verified 	13635848624	46972838.27	USD	05/04/2002	2024-10-23
111	NXB00000111	 Sherry 	MORGAN	plevy@example.net	72522872808	Kenya	Port Adamberg	Savings	under review	20546845184	16358721.58	KES	06/04/1993	02/14/2016
112	NXB00000112	Megan	HALL	albertwagner@example.com	99770088600	Germany	Andrechester	Corporate	PENDING	33838320013	22093902.83	EUR	17/11/1964	09/01/2022
113	NXB00000113	linda	browning	hullalice@example.org	98454615679	Ghana	Gabriellaland	Business	failed	23058168772	12483955.66	GHS	2000-03-16	26/11/2023
114	NXB00000114	 Desiree 	garrison	davisnicholas@example.net	00217659180	Germany	Nelsonland	Corporate	VERIFIED	40975135565	32434211.05	EUR	1987-07-26	2015-08-07
115	NXB00000115	GABRIELLE	RAMIREZ	whitemelissa@example.org	92614293968	South Africa	Port Vanessa	Business	pending	49897452756	28917330.98	ZAR	2001-12-09	06/01/2023
116	NXB00000116	 Jennifer 	 Mason 	brian63@example.org	99965047735	Nigeria	Lopezshire	Business	PENDING	94360670970	38094984.9	NGN	18/06/1993	03-Jan-2016
117	NXB00000117	 Donna 	miller	lauren11@example.com	62655110475	Nigeria	North Jacob	Current	UNDER REVIEW	25313018168	15073171.35	NGN	23-Aug-1994	05/21/2021
118	NXB00000118	shane	Peters	fgarcia@example.com	99560466183	Nigeria	Lake Oscar	Current	under review	89045489398	28212513.76	NGN	2002-01-20	2019-07-29
119	NXB00000119	DOMINIC	 Turner 	kthomas@example.com	64715437993	Kenya	West Adam	Corporate	VERIFIED	72886636066	9108773.91	KES	07-Sep-1969	04/19/2021
120	NXB00000120	Randall	skinner	vbrock@example.com	69245937526	Kenya	Faulknerbury	Current	PENDING	13251342697	41880576.86	KES	1972-10-08	12/11/2018
121	NXB00000121	 Mark 	Ramirez	kdiaz@example.org	80737416724	United States	Lake Rodney	Savings	PENDING	30547450179	20608431.08	USD	25-Mar-1994	02/08/2021
122	NXB00000122	 Nicholas 	 Cole 	iaguilar@example.net	80589113529	Ghana	Rasmussenmouth	Business	under review	21297279418	46211340.34	GHS	1969-09-19	20/04/2021
123	NXB00000123	tammy	jordan	garciajeffrey@example.net	75679825071	Germany	North Marieberg	Business	pending	44875933037	42243738.04	EUR	11-Nov-1994	06/21/2019
124	NXB00000124	Michael	COOPER	adrianabailey@example.org	75140105123	Nigeria	West Anita	Savings	 Verified 	10960933155	822409.95	NGN	24/03/1998	25/09/2021
125	NXB00000125	SUSAN	HALL	lsoto@example.net		United States	Fosterborough	Corporate	PENDING	19457770011	4520098.2	USD	02-Sep-1968	2024-03-27
126	NXB00000126	SHANNON	Jordan	bushjamie@example.net	91825537147	Nigeria	Carrshire	Savings	failed	94309615402	4121558.62	NGN	02-Feb-1993	11/08/2015
127	NXB00000127	danny	 Bell 	rwilliamson@example.net	99125134125	Ghana	Barnesberg	Corporate	 Verified 	41646869771	32056392.61	GHS	1972-02-12	21/07/2020
128	NXB00000128	BAILEY	 Henderson 	sreid@example.net	82742257905	Kenya	East Lisa	Current	under review	92162847981	7291058.88	KES	1960-11-14	14/05/2023
129	NXB00000129	 Tamara 	WAGNER	fortiz@example.com	72190340438	United Kingdom	Cunninghamfort	Current	pending	21174638146	38571100.26	GBP	1971-10-27	16-Jun-2019
130	NXB00000130	 Andrea 	wilson	adamsamy@example.com	78361340745	Nigeria	Port Lisaborough	Savings	 Verified 	58594119616	35888486.09	NGN	09/06/1967	13/11/2018
131	NXB00000131	 Lisa 	MATTHEWS	michelle96@example.org	33095849825	Nigeria	Stephaniehaven	Current	 Verified 	25797030170	4390431.95	NGN	1967-04-30	2019-04-05
132	NXB00000132	Tricia	shelton	taylorkaren@example.com	42232536729	Nigeria	Hayesland	Corporate	EXPIRED	89654947876	48833438.86	NGN	1976-11-12	02/18/2017
133	NXB00000133	Richard	Brady	shawn75@example.net	17518636374	Kenya	Amyberg	Business	pending	35603321555	43295619.93	KES	1974-06-28	30/07/2016
134	NXB00000134	ASHLEE	 Washington 	patricia00@example.org	01277063242	Nigeria	Johnstad	Business	failed	18568154197	12207121.67	NGN	10-Mar-1969	2024-04-30
135	NXB00000135	elizabeth	 Banks 	sanderskevin@example.net	61103712938	Ghana	Lake Matthewville	Corporate	PENDING	19391583053	1193669.25	GHS	1967-03-30	06/11/2024
136	NXB00000136	vanessa	HENDERSON	timperez@example.org	15542622189	United States	South Michael	Current	failed	70016491698	8995171.23	USD	30-Jun-1984	28/03/2023
137	NXB00000137	jason	 Goodman 	cjensen@example.org	12196565234	Germany	Kimberlytown	Current	PENDING	33688034485	27403831.79	EUR	14/04/1974	30-Apr-2015
138	NXB00000138	MELANIE	 Barrett 	jamie98@example.org	40376137918	Nigeria	Davidshire	Corporate	under review	27156108106	22951899.25	NGN	1991-05-28	08/07/2019
139	NXB00000139	robert	PAYNE	kathrynbest@example.org	91043006848	Nigeria	Millerside	Business	VERIFIED	84629853531	7609659.11	NGN	07/22/1989	01/09/2017
140	NXB00000140	AMANDA	 Hernandez 	collinswilliam@example.org	85691463031	South Africa	Salazarton	Business	VERIFIED	56288093379	27184189.0	ZAR	1980-01-24	13-Sep-2022
141	NXB00000141	kyle	HARMON	davidzimmerman@example.net	27588425241	Ghana	Nelsonland	Current	UNDER REVIEW	63978577913	48461368.67	GHS	1993-11-12	02-Apr-2021
142	NXB00000142	Jose	PROCTOR	crawfordwilliam@example.org	92524191380	Nigeria	North Thomas	Current	 Verified 	43198537218	33284522.18	NGN	28/04/1984	24-Jan-2023
143	NXB00000143	Patrick	Hernandez	tranrobin@example.net	35365419518	Kenya	Port Zachary	Savings	verified	58462546658	22867251.1	KES	23/06/1984	2024-02-01
144	NXB00000144	brandon	morales	xcline@example.com	18705349493	United Kingdom	Cuevasborough	Corporate	EXPIRED	76101677791	10201443.05	GBP	07/02/1994	18/04/2015
145	NXB00000145	JESSICA	 Payne 	edwardrandolph@example.org	85050641383	Nigeria	East Jenniferland	Corporate	pending	76710279487	19531482.84	NGN	22/09/1966	02/09/2020
146	NXB00000146	bradley	Hall	xhaynes@example.com	91826199062	United Kingdom	Melissafurt	Current	EXPIRED	85777420774	16253565.95	GBP	1983-07-10	06/21/2019
147	NXB00000147	JACLYN	Moss	shawn31@example.org	91212775618	South Africa	Parkerview	Savings	UNDER REVIEW	63215308068	36520585.71	ZAR	20/11/1974	2021-05-20
148	NXB00000148	melissa	Davis	margaret90@example.org	21356804420	Nigeria	North Steven	Business	failed	32553756900	46744427.59	NGN	20/08/1977	28/08/2021
149	NXB00000149	Linda	taylor	brownkimberly@example.org	36519941013	Nigeria	Port Mariamouth	Current	 Verified 	85950164075	37098345.89	NGN	25-Dec-1997	08/11/2023
150	NXB00000150	david	DUNLAP	jacksonaudrey@example.net	70662532447	UAE	Lake Kenneth	Business	under review	45065923482	4440543.92	AED	11-Jul-1990	03-Feb-2017
151	NXB00000151	Robert	 Pierce 	millerpatrick@example.com	83806578759	United Kingdom	Nelsontown	Current	pending	62277728554	47330204.5	GBP	12/10/1969	07-Nov-2018
152	NXB00000152	LUIS	 Robinson 	brian78@example.com	21334803965	Nigeria	New Louis	Business	UNDER REVIEW	77198288788	26187281.98	NGN	23/11/2002	14-Jul-2024
153	NXB00000153	Joanna	Howard	warnermichael@example.net	93784270103	Nigeria	New Timothymouth	Current	VERIFIED	49488614556	31592323.67	NGN	1965-05-19	2024-05-02
154	NXB00000154	SAMANTHA	harris	matthewthompson@example.com	02921851569	United States	Marcusburgh	Business	pending	45373428020	39775849.04	USD	10-Nov-1963	10/05/2017
155	NXB00000155	JESSICA	Kim	lbanks@example.net	39264422096	Nigeria	New Lucas	Business	FAILED	36230319724	36582157.33	NGN	06/03/1976	02/03/2024
156	NXB00000156	LISA	carr	zunigadonald@example.net	35521570433	Kenya	Kristintown	Corporate	EXPIRED	56607092429	2766712.41	KES	05-Nov-1987	06/29/2024
157	NXB00000157	Brandon	KIM	acosta@example.com	58617932710	United Kingdom	Joseville	Savings	UNDER REVIEW	70891146145	19455153.4	GBP	1983-09-27	22/10/2022
158	NXB00000158	charles	 Jackson 	emartin@example.net	59970629620	Kenya	East Robert	Savings	failed	28730294815	12132991.9	KES	25-Jan-1983	07/06/2019
159	NXB00000159	 Angela 	 Frost 	donna43@example.org	69872050614	United States	North Anthony	Savings	UNDER REVIEW	81225878461	21067877.26	USD	01/11/1993	16/01/2021
160	NXB00000160	 George 	Carter	wellsdarrell@example.com	74186256527	Nigeria	Marshallbury	Business	failed	98224424152	17307042.05	NGN	23/05/1986	29-Jan-2019
161	NXB00000161	mary	elliott	karencontreras@example.org	86938068687	Germany	Evansfurt	Business	pending	26795412729	48397902.57	EUR	10/06/1996	2018-09-23
162	NXB00000162	RAVEN	KLEIN	davidtodd@example.org		Nigeria	East Lindsey	Current	failed	97499236691	11863882.72	NGN	01/14/1989	10/25/2015
163	NXB00000163	DAVID	Henderson	oharris@example.org	51168685487	Nigeria	Rodriguezberg	Business	verified	10894830363	16536841.39	NGN	1981-07-21	11/07/2020
164	NXB00000164	eddie	MATTHEWS	buckleyanna@example.org	85646799702	South Africa	New Charlotte	Business	failed	80952039443	31036974.12	ZAR	22/04/1977	13/08/2016
165	NXB00000165	 Heather 	 Williams 	hannah07@example.com	05444713247	UAE	Jacobsland	Corporate	failed	68596864141	7910381.93	AED	04/14/1960	02/09/2019
166	NXB00000166	JACOB	lewis	wfigueroa@example.net	08214862890	United States	Port Brian	Current	PENDING	36344151670	41898763.77	USD	08/31/1965	10/20/2021
167	NXB00000167	Antonio	WILLIAMS	janet45@example.com		United States	Reidville	Savings	under review	13170959129	44331365.59	USD	04/22/1983	29-Aug-2019
168	NXB00000168	 Erin 	Allen	lwheeler@example.com	52414060293	Kenya	West Denise	Savings	PENDING	63565375016	26174724.37	KES	27/11/1963	12/25/2016
169	NXB00000169	William	Hancock	wellsdavid@example.org	34944665743	United States	Silvatown	Business	EXPIRED	62122291341	8160369.32	USD	1985-08-15	08/25/2018
170	NXB00000170	 William 	 Bates 	anna99@example.com	17154544432	South Africa	Port Meredithfurt	Current	verified	15980722921	27694016.97	ZAR	24/02/1968	10/05/2016
171	NXB00000171	donna	 Becker 	rioswhitney@example.com	66099353875	Nigeria	Port Diane	Current	pending	90124316094	48347701.04	NGN	2002-11-30	08/27/2018
172	NXB00000172	angela	 Carter 	qanderson@example.net	51353465549	Nigeria	South Brianshire	Current	verified	68981948919	40070446.62	NGN	1989-06-25	07-Mar-2022
173	NXB00000173	betty	Oliver	gpreston@example.org	84602235697	Nigeria	Port Christopher	Business	FAILED	90699651033	42857099.49	NGN	03/25/1984	04-Aug-2018
174	NXB00000174	 Marvin 	 Hatfield 	cynthia07@example.com	29271296666	Nigeria	North Amandastad	Current	 Verified 	65010979791	14847218.29	NGN	2002-04-02	27-May-2021
175	NXB00000175	 Stephanie 	MCCLAIN	andrewsmith@example.net	35421689421	Nigeria	Stephenhaven	Current	EXPIRED	72630354687	633060.03	NGN	08/12/1985	2019-12-08
176	NXB00000176	 Caitlyn 	 Morgan 	matthewvalenzuela@example.com	26033230982	Nigeria	South Nancyview	Savings	FAILED	28583794222	29189138.51	NGN	01/16/1985	06/19/2016
177	NXB00000177	KELSEY	dean	stanleydesiree@example.org	16761847230	Nigeria	Lake Abigailberg	Business	under review	83247620475	9827802.68	NGN	1961-09-08	22/12/2017
178	NXB00000178	 Robert 	 Roach 	campbellkristen@example.com	93483564208	South Africa	Riveratown	Business	FAILED	61017834690	33533721.27	ZAR	01/12/1976	27/08/2017
179	NXB00000179	ALEXANDER	davis	conleyelizabeth@example.org	81143744701	United States	Michaelmouth	Savings	failed	52855140071	12196223.33	USD	1977-05-25	19-Feb-2024
180	NXB00000180	ronald	wilson	smithdevon@example.net	55794155216	Nigeria	Maryfort	Savings	VERIFIED	30525411769	32324127.64	NGN	06-Jul-1967	2022-06-12
181	NXB00000181	lauren	BANKS	danielhorton@example.org	16979729659	Nigeria	Knappville	Current	VERIFIED	68310834690	49612832.22	NGN	09/16/1963	14/09/2022
182	NXB00000182	 Paige 	ALEXANDER	greenleon@example.net	58891637562	Nigeria	North Dawnburgh	Current	 Verified 	36266128470	8291525.24	NGN	17/11/1998	07/08/2019
183	NXB00000183	WILLIAM	HARRISON	ebooth@example.com		Germany	Johnview	Savings	under review	24614469303	6910372.86	EUR	1968-02-08	2016-05-10
184	NXB00000184	 Brent 	walker	ppowell@example.org	79717751701	Kenya	New Andrealand	Current	pending	15214473511	15033805.07	KES	19/08/1968	07-Apr-2019
185	NXB00000185	 Latoya 	Richmond	pamela83@example.net	55037589975	Nigeria	Port Donnatown	Savings	 Verified 	32686210481	5472704.4	NGN	1972-10-04	10/11/2023
186	NXB00000186	MATTHEW	Gallegos	amy51@example.org	72614933163	South Africa	Danielchester	Current	 Verified 	51215894568	19091058.37	ZAR	10/07/1960	09-Nov-2022
187	NXB00000187	BRANDON	SCHULTZ	bartonshannon@example.net	70808697829	Ghana	South Dianemouth	Current	pending	59805311564	6846064.87	GHS	26/02/1991	2024-03-27
188	NXB00000188	WILLIAM	cruz	joshuastuart@example.com	22698485833	Germany	Glendaberg	Business	FAILED	84556406314	16668627.58	EUR	12/06/1976	06/11/2018
189	NXB00000189	TINA	santos	williambenson@example.com	58799684608	Nigeria	Thomaston	Savings	 Verified 	78676956575	46544168.83	NGN	1978-12-13	01/22/2019
190	NXB00000190	JAMES	christensen	tonyavega@example.org	43805719838	Kenya	Heatherton	Savings	EXPIRED	22730257397	21845483.59	KES	1998-08-31	08/16/2019
191	NXB00000191	SARA	Hughes	tammy00@example.net	39735989334	Nigeria	East Sydneyhaven	Business	failed	98612625927	875084.92	NGN	15-Jun-1991	05/13/2015
192	NXB00000192	 David 	 Williams 	angela22@example.net	05720259094	Nigeria	Charlesmouth	Corporate	UNDER REVIEW	52034155903	31333867.28	NGN	20/08/1976	14-Aug-2021
193	NXB00000193	alicia	Krueger	hartmanerik@example.net	15335554398	Ghana	North Elizabethmouth	Corporate	verified	47839039029	23356420.88	GHS	1960-02-14	2015-06-30
194	NXB00000194	JOHN	MAY	susanfleming@example.com	16484085887	Germany	Rachelborough	Current	VERIFIED	84786430409	11877621.22	EUR	26/02/1980	2018-02-05
195	NXB00000195	LUKE	MILLER	jacksonstephanie@example.net	13361386120	Kenya	North Charlesburgh	Business	EXPIRED	27641157929	29840995.09	KES	1998-12-15	2018-11-04
196	NXB00000196	 Laura 	 Grant 	rhondarussell@example.com	65061809190	Kenya	West Kristinport	Savings	FAILED	70360968209	35774751.92	KES	1974-11-24	15-Jul-2015
197	NXB00000197	 Catherine 	Campbell	qjames@example.org	28326842450	Ghana	North Bobby	Current	under review	23636437963	35351204.79	GHS	1961-02-10	03/05/2021
198	NXB00000198	Ashley	 Long 	torreskaitlin@example.net	36822239431	Nigeria	Port Karenside	Corporate	under review	46920227309	25060620.03	NGN	1969-03-05	2021-04-17
199	NXB00000199	steven	 Dunn 	emily41@example.org	55231491357	Ghana	Heatherberg	Current	EXPIRED	48319566154	41997370.23	GHS	27/11/1999	11/25/2019
200	NXB00000200	ariana	diaz	susan20@example.com		Nigeria	Port Jeffrey	Corporate	VERIFIED	14432769745	49001229.41	NGN	28/01/1978	2019-10-10
201	NXB00000201	JODI	GRAHAM	dennis57@example.com	54781291428	Nigeria	Lake Charlestown	Savings	VERIFIED	89228966980	24539857.21	NGN	1980-12-18	2017-10-30
202	NXB00000202	melissa	WELCH	nhammond@example.org	88725639427	Nigeria	South Michaeltown	Business	pending	52962673352	12839880.91	NGN	1991-09-30	07/21/2018
203	NXB00000203	ELAINE	Charles	katherinetaylor@example.org	99275037314	Nigeria	Lake Jamiestad	Corporate	under review	94968737580	26694801.92	NGN	02/08/1982	2022-04-08
204	NXB00000204	PAUL	 Hardin 	williamsdeborah@example.org	49892665918	Nigeria	New Richard	Corporate	pending	24141678134	20838916.94	NGN	1977-02-18	08/31/2016
205	NXB00000205	 Lisa 	Reed	aeaton@example.net		Kenya	South Gabriel	Current	FAILED	35043595506	38228657.71	KES	08/07/1979	13-May-2017
206	NXB00000206	 Chris 	SCHNEIDER	edwardmoore@example.net	36517773926	South Africa	East Ashleyburgh	Savings	failed	30015931853	1802194.08	ZAR	1980-12-16	12/10/2020
207	NXB00000207	DENNIS	HUNT	brianscott@example.org	99041379772	UAE	Port Brandi	Corporate	VERIFIED	35087021838	33207419.63	AED	1989-07-28	27-Jan-2022
208	NXB00000208	KATRINA	hanson	gary57@example.net	36621038862	Nigeria	South Rachel	Business	pending	81174318846	29975960.1	NGN	12/09/1999	2016-08-23
209	NXB00000209	Carol	RICH	davisdonna@example.net	68650863765	Nigeria	South Dennisfort	Savings	PENDING	65525662513	44761097.61	NGN	08/22/1973	2016-10-20
210	NXB00000210	katie	 Kent 	campbellnancy@example.com	30098180635	Kenya	East Ronaldshire	Business	EXPIRED	14005086955	27185437.83	KES	1962-10-08	2017-11-28
211	NXB00000211	JON	wyatt	ncunningham@example.com	36887258874	Ghana	Kimfurt	Current	under review	21009844145	15328005.72	GHS	1978-02-01	2023-07-29
212	NXB00000212	Jill	wyatt	adkinssean@example.net	13865890260	United States	Frostchester	Corporate	PENDING	82601318083	7946632.28	USD	29/07/1992	27/06/2021
213	NXB00000213	Christopher	baker	christopher06@example.com	90277038430	South Africa	New Gavin	Savings	failed	68329842357	6068403.31	ZAR	1979-02-28	07/17/2020
214	NXB00000214	barry	Allen	cantrellchristopher@example.com	56693801184	Nigeria	Michaelview	Corporate	UNDER REVIEW	74128200356	29261170.62	NGN	13/07/1998	14-Jan-2017
215	NXB00000215	 Jeremy 	Mccarty	kspears@example.org	26818184518	South Africa	Heatherfurt	Corporate	under review	42413252492	36157569.11	ZAR	19/12/2001	15-Apr-2015
216	NXB00000216	 Anna 	CARRILLO	susan77@example.net	71416335658	Kenya	Johnland	Current	PENDING	24336677777	19603792.93	KES	03-Mar-1967	07/03/2021
217	NXB00000217	raymond	GOODMAN	charles27@example.com	39423733343	UAE	Port Christine	Current	failed	63835791881	26868820.38	AED	07/05/1982	2021-11-20
218	NXB00000218	 Eric 	 Rodriguez 	loweelizabeth@example.net	80759579472	United States	Walkershire	Current	PENDING	93516387752	28999637.23	USD	1979-01-22	2021-12-27
219	NXB00000219	DAVID	fox	imendoza@example.org	62718750036	Nigeria	Michaelview	Business	pending	24634583504	12016120.71	NGN	24/04/1981	02-Jan-2015
220	NXB00000220	Jacob	Baker	thomas95@example.com		Nigeria	South Rodney	Savings	under review	57955772417	45368239.55	NGN	27-Jun-1972	07/22/2020
221	NXB00000221	Robert	GOODWIN	melissa47@example.org	93143866322	Nigeria	South Victor	Current	failed	11175103481	39491049.4	NGN	05/09/1978	2024-06-23
222	NXB00000222	WENDY	atkinson	kristen44@example.net	61203471754	Kenya	Mauricechester	Business	pending	89621135142	37773903.97	KES	1988-04-12	2021-02-17
223	NXB00000223	david	DILLON	barbarasantos@example.net	45587716947	UAE	Robertshire	Business	verified	46261768770	20978123.98	AED	1998-01-11	10/30/2023
224	NXB00000224	 Richard 	 Meadows 	martinjeremy@example.com	49647598762	UAE	Lake Jimmy	Business	PENDING	93417649844	33326813.53	AED	09/11/1987	02/11/2022
225	NXB00000225	 Johnathan 	Manning	clarkrandy@example.org	78006811492	United Kingdom	Jeromeport	Savings	UNDER REVIEW	88770924235	13430334.34	GBP	1974-01-24	2016-03-29
226	NXB00000226	scott	MARTINEZ	anthonyalvarado@example.com	78487282997	South Africa	Reginafort	Corporate	UNDER REVIEW	65528551261	44513114.14	ZAR	29-Dec-1961	2016-04-09
227	NXB00000227	AMBER	ballard	aparker@example.com	40082547807	Kenya	Port Russellport	Corporate	FAILED	54758922884	12803367.03	KES	10/27/1991	14-Feb-2016
228	NXB00000228	 Carla 	ROBLES	jacob86@example.com		Ghana	East Jennifer	Savings	VERIFIED	98451060679	32740704.0	GHS	07/04/1973	08-May-2018
229	NXB00000229	 Debbie 	Clayton	josehenderson@example.org	48463122417	Nigeria	Jackiefort	Corporate	under review	67971335884	2975116.15	NGN	26/05/1995	12/09/2017
230	NXB00000230	Jacob	 Smith 	bookerandrew@example.org	42703120735	Nigeria	Boltonmouth	Business	EXPIRED	73377681167	17325878.62	NGN	2000-01-13	28/05/2021
231	NXB00000231	heidi	johnson	bridgesstephanie@example.org	61872346013	Germany	Lake Virginia	Savings	under review	40626792588	42923347.66	EUR	29-Jul-1976	17/12/2023
232	NXB00000232	james	 Moss 	boydtina@example.com	45208814743	United States	North Joel	Business	failed	23117656483	20126274.05	USD	25-Dec-1974	2017-07-26
233	NXB00000233	ryan	smith	brenda63@example.org	97925132719	Nigeria	West Deannaside	Savings	 Verified 	49308209958	9461675.65	NGN	08/03/1994	20/10/2019
234	NXB00000234	lacey	Martinez	levigrant@example.net	73065240778	United Kingdom	Lopezburgh	Savings	under review	23004082515	4413721.38	GBP	1972-08-07	14-Jan-2016
235	NXB00000235	Amy	 Morris 	mhill@example.net	18274485708	United States	New Melissabury	Savings	VERIFIED	87221058933	1243193.42	USD	15/04/1981	24/05/2020
236	NXB00000236	malik	Brown	rlee@example.com	94565118102	Kenya	North Todd	Corporate	VERIFIED	71302914844	7178045.85	KES	21/03/1992	21-Nov-2023
237	NXB00000237	COREY	duncan	hbarrett@example.net	05391037170	UAE	Shortton	Savings	 Verified 	35999460908	26673713.45	AED	06/04/1970	11/02/2018
238	NXB00000238	 Madison 	BAKER	navarromary@example.org	81138633839	Ghana	Reeseshire	Corporate	PENDING	99416928372	8855779.56	GHS	11/16/1971	06/22/2018
239	NXB00000239	michael	Ellis	kandrade@example.org	85289755855	Nigeria	Charleneshire	Business	UNDER REVIEW	15447542186	2056058.83	NGN	15/05/2002	08-Nov-2017
240	NXB00000240	Amy	brooks	michael77@example.com	04908240433	South Africa	Samanthahaven	Current	verified	27658344271	47250984.57	ZAR	30/11/1966	15/03/2018
241	NXB00000241	ANGELA	 Howe 	clintonstevens@example.org	45933441969	South Africa	Lauraburgh	Corporate	under review	39051834291	12523362.11	ZAR	03/01/1973	06/27/2020
242	NXB00000242	 Tracy 	nolan	larsonkevin@example.net	10556613906	Nigeria	West Amberberg	Savings	EXPIRED	95953529462	27373648.3	NGN	1995-12-09	21/10/2021
243	NXB00000243	mark	WOLFE	brentdennis@example.com	99813646225	Nigeria	New Raymondland	Corporate	pending	44268946445	16587485.66	NGN	06/17/1984	12/28/2017
244	NXB00000244	RAYMOND	HAMILTON	kathleencastillo@example.org	69389833146	Ghana	North Emilychester	Savings	PENDING	65287340001	22306808.77	GHS	29-Aug-1982	2020-10-07
245	NXB00000245	Michael	Lee	brittney04@example.org	97927033521	UAE	New Sara	Business	UNDER REVIEW	45483528433	21661125.1	AED	01/16/1997	10-Mar-2024
246	NXB00000246	misty	 Wilkins 	cooperlinda@example.com	70538338848	United Kingdom	Lake Holly	Savings	VERIFIED	41441301971	32360644.75	GBP	07/13/1965	07/01/2021
247	NXB00000247	 Andrew 	 Aguilar 	scottbrian@example.org	07016451046	Kenya	West Toddside	Current	pending	48916358807	49663779.7	KES	08/02/1974	06/28/2021
248	NXB00000248	 Christopher 	gonzalez	tcastro@example.org	38457620555	UAE	Lisaview	Business	under review	15293767074	40606079.38	AED	29/08/1998	20-Dec-2022
249	NXB00000249	natasha	 Zamora 	raymondstacy@example.org	56216893639	Nigeria	Reneemouth	Current	PENDING	41076089100	28616652.15	NGN	08/17/1964	06/04/2016
250	NXB00000250	shane	anderson	biancasutton@example.org	48262925188	Nigeria	Maryberg	Savings	pending	32385760930	7712431.08	NGN	1962-01-03	03/03/2015
251	NXB00000251	JESSICA	 Cannon 	tali@example.com		Nigeria	Edwinborough	Corporate	under review	24514422904	2742825.69	NGN	03/05/1961	07/01/2023
252	NXB00000252	Daniel	lopez	catherine93@example.net	30517289752	Nigeria	Taylorborough	Business	under review		39944549.48	NGN	1972-12-14	02/15/2023
253	NXB00000253	jeremy	ORTIZ	schaeferstephanie@example.org	31279757366	United States	Cortezfurt	Savings	EXPIRED	67021547403	39260399.61	USD	05/19/1994	09-Mar-2017
254	NXB00000254	Cheryl	NEWTON	meyershannon@example.org	88608680347	Nigeria	Stevenchester	Savings	VERIFIED	70202134381	41847403.31	NGN	02/18/1978	15-Jan-2015
255	NXB00000255	 Kelly 	 Ellison 	stevenlucas@example.org	29826657027	UAE	Davismouth	Savings	UNDER REVIEW	17254335544	22077627.1	AED	25/03/2000	25-Sep-2019
256	NXB00000256	 Heather 	Meadows	jennifermartinez@example.org	51868926860	Nigeria	East Misty	Business	verified	21634889324	35351943.0	NGN	01/02/2000	2018-03-01
257	NXB00000257	 Harold 	Joseph	uparker@example.com	21230940777	Germany	Youngshire	Corporate	VERIFIED	93849756377	1244697.5	EUR	09/03/1994	27/10/2019
258	NXB00000258	 Donna 	 Chavez 	mmiller@example.org	84983022050	Kenya	Markland	Current	under review	72736300589	39353126.19	KES	09/07/1983	20/01/2021
259	NXB00000259	BRANDON	 Butler 	evanmitchell@example.net	79501455616	Kenya	Thomasville	Corporate	pending	57556660403	2016426.33	KES	05/01/1996	09-Jan-2017
260	NXB00000260	 Heather 	HILL	swarren@example.org	19817946954	Kenya	Sarashire	Current	 Verified 	27553425989	21864841.16	KES	21-Jun-1991	02/05/2020
261	NXB00000261	TYLER	Daniel	lvasquez@example.net	43010713966	Ghana	Annborough	Current	verified		39306271.68	GHS	15-Mar-1976	21-Sep-2020
262	NXB00000262	ALEX	harris	jonathan14@example.com	01556990235	Nigeria	Roblesberg	Corporate	failed	93258355777	9651471.94	NGN	1963-05-07	01/28/2021
263	NXB00000263	 Timothy 	burton	steven60@example.net	95880395512	Nigeria	Tonyaside	Corporate	failed	32235158036	7475207.11	NGN	20/04/2002	2018-10-01
264	NXB00000264	Megan	Duncan	hlopez@example.com	04617357438	Kenya	West Kristenborough	Business	 Verified 	59622128479	34210255.14	KES	21/09/1976	2024-05-06
265	NXB00000265	ROBIN	wallace	lloydrebecca@example.org	57845218230	Ghana	North Larryton	Current	UNDER REVIEW	12467555855	46935798.46	GHS	1962-03-26	02/02/2022
266	NXB00000266	 Gloria 	Wheeler	cookpamela@example.org	09435334485	Nigeria	Edwardview	Savings	EXPIRED	36507151171	41450399.87	NGN	28/06/1972	12/28/2016
267	NXB00000267	Danny	MULLEN	clarkmichael@example.com	24932149587	United States	South Rebeccaton	Savings	verified	80804575193	32771507.73	USD	12/04/2000	21-Oct-2016
268	NXB00000268	 Daniel 	BROWN	tmyers@example.net	95453817921	United Kingdom	Collinsmouth	Corporate	PENDING	11602631087	24332781.07	GBP	23-Aug-1962	2021-04-22
269	NXB00000269	THOMAS	meza	michellejensen@example.com	25577017157	Nigeria	Katrinashire	Corporate	verified	21411458630	16091676.78	NGN	1979-03-04	2023-05-20
270	NXB00000270	 David 	GARCIA	nguyendebra@example.com	69639382761	United Kingdom	Muellerchester	Current	FAILED	14483302246	23387585.03	GBP	26/04/1996	28-Aug-2021
271	NXB00000271	Ashley	PETERSON	gilbertcaldwell@example.net	19975817246	South Africa	Lake Lisafurt	Business	PENDING		35713137.02	ZAR	12-May-1991	07/18/2017
272	NXB00000272	mark	 Newman 	davislisa@example.net	22784699733	Germany	Samanthachester	Business	 Verified 	46916008128	14311912.83	EUR	1981-03-07	2019-08-21
273	NXB00000273	jennifer	 Herman 	aguilarcheryl@example.net	24058008514	South Africa	Parkfurt	Current	failed	86497391011	4590801.77	ZAR	2000-06-12	26-May-2015
274	NXB00000274	 Colleen 	joseph	ijames@example.org	72386562422	Ghana	East Jenniferfort	Current	verified	37044420872	48555600.03	GHS	25-Feb-1995	29-Nov-2019
275	NXB00000275	Diane	proctor	christophermay@example.com	96927868765	Kenya	Jacobsshire	Corporate	PENDING	61799347781	43171188.02	KES	23/06/1984	09/06/2015
276	NXB00000276	Tyrone	Simon	robert89@example.com	09751971284	Kenya	New Pamelaland	Current	PENDING	53709352794	40109995.62	KES	28-Feb-1977	07/21/2019
277	NXB00000277	 John 	 Mccoy 	suttonamber@example.net	90580778795	Kenya	Keithton	Business	VERIFIED	58934596257	22724789.22	KES	19-Jan-1975	24-Nov-2015
278	NXB00000278	HEATHER	HARPER	jessica94@example.org	92904904712	Ghana	Johnathanview	Business	UNDER REVIEW	14755130663	24922533.12	GHS	24-May-1991	2023-03-12
279	NXB00000279	joshua	SCOTT	munozrenee@example.net	75243728051	South Africa	Port Tyler	Savings	verified	24550920713	30250837.45	ZAR	1990-10-20	05-Aug-2016
280	NXB00000280	 Victoria 	TOWNSEND	donnabarber@example.org	95041027674	Germany	South Frances	Current	 Verified 	12722347435	20603083.84	EUR	09-Nov-1987	15-Aug-2017
281	NXB00000281	PETER	baker	zsmith@example.com	58018569454	UAE	Destinyfurt	Savings	verified	30044017105	9520923.77	AED	02-Jun-2000	21-Oct-2023
282	NXB00000282	 Steven 	LEONARD	jessicachapman@example.org		UAE	Ericaburgh	Savings	UNDER REVIEW	53426387680	11122639.68	AED	04/09/1992	07-Nov-2024
283	NXB00000283	Lawrence	 Smith 	deckeralexander@example.org	75344300910	Germany	Lake Susanland	Business	VERIFIED	50536166292	2669381.4	EUR	11/06/1997	14/02/2016
284	NXB00000284	MELISSA	Anderson	pauladominguez@example.com	71746542140	United Kingdom	Wendyview	Business	VERIFIED	43988031670	33488139.79	GBP	1997-03-13	2015-07-17
285	NXB00000285	stephanie	Baker	mjones@example.net	27128639174	Ghana	North Ashleyview	Savings	FAILED	25371594388	648707.67	GHS	08/15/1975	05/09/2015
286	NXB00000286	Kimberly	SMITH	ohernandez@example.org	64256908776	Ghana	North Patrick	Savings	PENDING	97187371781	30864830.74	GHS	03/16/1964	02-May-2022
287	NXB00000287	Hannah	Chan	bradleysavannah@example.com	46015851743	United States	South Donnaport	Current	UNDER REVIEW	90255864907	17353146.72	USD	18-Jan-1962	2019-05-08
288	NXB00000288	HEATHER	MOSLEY	tom73@example.org	30937618478	Nigeria	West Brianton	Corporate	pending	86554561391	3410095.72	NGN	10/07/1984	16/01/2023
289	NXB00000289	richard	 Lewis 	ibentley@example.org	10270790320	Kenya	Loriville	Business	 Verified 	39877582029	33279511.74	KES	31-Jul-1985	10-Jun-2018
290	NXB00000290	 Stephen 	 Jackson 	meyersdaniel@example.com		UAE	North Linda	Corporate	 Verified 	54384940552	898472.24	AED	17-Mar-1967	2024-04-16
291	NXB00000291	Ronald	Cain	rnguyen@example.net	53092511426	Nigeria	South John	Current	under review	49443454476	5735509.29	NGN	06-Feb-1984	2017-01-22
292	NXB00000292	brandi	anderson	bstrickland@example.com	00219467232	South Africa	Jenkinsburgh	Current	failed	18999025548	1254050.5	ZAR	1995-04-28	2021-05-29
293	NXB00000293	CHERYL	Johnson	jennifersalazar@example.org	56083318195	South Africa	South Kaylee	Current	VERIFIED	87133640768	28011400.27	ZAR	28-Jul-1978	2017-09-22
294	NXB00000294	 Donna 	 Hill 	danielhernandez@example.com	22005436459	Nigeria	Lake Brianside	Corporate	FAILED	30592557049	31005181.96	NGN	16-Apr-1960	10-Aug-2022
295	NXB00000295	 Gregory 	Floyd	erobertson@example.org	99563531531	United States	South Patricia	Current	verified	88043816043	36978859.02	USD	03/08/1994	06/30/2018
296	NXB00000296	charles	 Richards 	zamoradustin@example.net	26527354352	Ghana	West Derekmouth	Current	VERIFIED	70737130990	18817177.78	GHS	05/10/1983	15-Nov-2015
297	NXB00000297	stephen	JACKSON	jeffrey49@example.org	98316873977	Kenya	Fitzgeraldbury	Corporate	verified	40760996638	35827865.75	KES	1984-09-14	01/11/2017
298	NXB00000298	john	HAMILTON	patriciavargas@example.org	60078068671	Ghana	North Angela	Business	PENDING	26259356109	26351571.62	GHS	24/10/2000	2023-02-08
299	NXB00000299	ALEXANDER	DENNIS	davidphillips@example.net	07427990772	South Africa	Courtneytown	Corporate	FAILED	59544726439	16949629.48	ZAR	1984-09-12	11-Mar-2023
300	NXB00000300	 Michelle 	jones	alyssa46@example.com	19508501657	South Africa	Michaelside	Savings	under review	81107534246	2700624.88	ZAR	04-Apr-1962	26/08/2017
301	NXB00000301	janet	CASTRO	devonrogers@example.net	79335548640	Kenya	Shaunhaven	Corporate	pending	31228326163	25671755.81	KES	06/02/1986	07-Dec-2016
302	NXB00000302	ALISHA	MARTINEZ	shannon51@example.org	11624112412	Ghana	New Stephanie	Current	 Verified 	33522556897	560348.11	GHS	12/20/1967	24-Nov-2021
303	NXB00000303	andrew	butler	thomasfisher@example.net	43103856955	Kenya	Ellisshire	Current	VERIFIED	19672103240	14232503.23	KES	09-Nov-1981	05/06/2022
304	NXB00000304	DAVID	CLARKE	kristinaperez@example.com	02547292842	United Kingdom	East Daryl	Corporate	UNDER REVIEW	94083752977	35671739.13	GBP	1991-06-13	07/20/2022
305	NXB00000305	VICTORIA	andrews	lgreen@example.org		United Kingdom	Lake Loganstad	Savings	failed	30168644830	11341367.21	GBP	11/19/1965	15/01/2023
306	NXB00000306	EARL	west	amandamartinez@example.org	72752088547	Kenya	Port Annette	Business	FAILED	79280583168	5130084.01	KES	1975-01-18	26-Jul-2019
307	NXB00000307	REBECCA	Ramos	dennisrachel@example.org	40693751509	Ghana	Port Shari	Current	EXPIRED	72091990242	18115016.79	GHS	2000-07-05	11/08/2021
308	NXB00000308	joshua	JOHNSON	frhodes@example.net	37599805626	Nigeria	Alexanderstad	Corporate	verified	50671950689	19216945.37	NGN	1987-04-12	08/26/2024
309	NXB00000309	MICHAEL	MADDEN	lewispamela@example.net	74266299123	South Africa	Carlshire	Business	FAILED	86200768807	41148309.09	ZAR	31/12/1962	05/25/2019
310	NXB00000310	katelyn	DAVIS	rfowler@example.com	87923264870	Nigeria	Troymouth	Corporate	EXPIRED	78779572368	3265915.7	NGN	16-Mar-1978	07/06/2024
311	NXB00000311	JEFFREY	 Moody 	joseblanchard@example.net	14627301471	UAE	Cunninghamview	Current	under review	31173594170	4663577.2	AED	21/12/1982	22-Jan-2019
312	NXB00000312	Courtney	Alvarez	brooksjessica@example.org	29025725204	Nigeria	Brandonport	Savings	EXPIRED	69980559709	19880054.16	NGN	21-Oct-1968	10/12/2021
313	NXB00000313	ALYSSA	Mayer	katiewhite@example.org	85544518952	United Kingdom	Nathanfort	Corporate	 Verified 	37718066841	6909050.68	GBP	30/07/1967	05/07/2016
314	NXB00000314	robert	Mccall	curtismoore@example.org	89888167112	United States	Larrystad	Current	under review	30038017875	46021940.08	USD	21-Feb-1993	05-May-2022
315	NXB00000315	DON	 Ramos 	gerald40@example.net	32234232161	Nigeria	Toddton	Savings	pending	69830205074	7802185.94	NGN	08-Oct-1970	2024-03-15
316	NXB00000316	James	johnson	harrisonrebekah@example.org	40119393250	South Africa	Stacystad	Current	PENDING	52903819483	47388117.7	ZAR	12/21/2002	20-Dec-2024
317	NXB00000317	michael	wyatt	williamjones@example.net	83342801387	South Africa	South Emily	Business	FAILED	43026255544	4338642.12	ZAR	08-Sep-1991	06/07/2024
318	NXB00000318	Daniel	Davenport	gcoleman@example.org	15171827548	Ghana	Tristanfurt	Corporate	under review		45848811.38	GHS	14-Apr-1985	07-Aug-2020
319	NXB00000319	Justin	Burke	gloria73@example.net	46317520716	Germany	North Douglasfurt	Current	UNDER REVIEW	44218237834	22111013.78	EUR	24/04/1985	12-Aug-2024
320	NXB00000320	 Heather 	MADDEN	calvinhester@example.com	96136749946	Ghana	Archerhaven	Corporate	FAILED	48250741567	6760421.38	GHS	11-Dec-1967	15-Mar-2018
321	NXB00000321	Joshua	Tate	martineztracy@example.org	01017026952	Nigeria	Port Charleshaven	Savings	UNDER REVIEW	93318504164	7558471.09	NGN	13-Apr-1995	16/06/2021
322	NXB00000322	KATRINA	sparks	kellyjimenez@example.net	85880061675	Ghana	Johnsonburgh	Savings	EXPIRED	28366069951	12360067.5	GHS	1994-11-07	12/24/2017
323	NXB00000323	ANGELA	Dalton	nicole27@example.com	46719788977	Ghana	South Joseshire	Current	FAILED	49154399050	38949201.75	GHS	01-Oct-1999	2017-05-24
324	NXB00000324	 Tara 	jensen	katie45@example.org	90255905616	Kenya	Bellbury	Savings	VERIFIED	83143240113	32458021.14	KES	1992-10-13	23-Jul-2020
325	NXB00000325	JOHN	Wong	lozanocameron@example.com	52085076986	United States	Chapmanmouth	Corporate	verified	46751955226	16257614.48	USD	19-May-1969	23-Feb-2024
326	NXB00000326	 Nicholas 	Myers	stokescraig@example.net	57852945637	United Kingdom	West Joseph	Business	EXPIRED	23093677794	25112394.23	GBP	10/31/1988	2024-10-02
327	NXB00000327	kenneth	berry	claudiarubio@example.net	95419876351	United Kingdom	Ryanside	Corporate	EXPIRED	29125344846	29076583.47	GBP	15-Dec-1977	07/24/2019
328	NXB00000328	LAWRENCE	PERRY	colleen78@example.org	82973748969	Nigeria	West Steven	Business	 Verified 	73624234203	46655236.84	NGN	1962-10-27	14-Feb-2019
329	NXB00000329	JOHN	FRANCIS	megan65@example.org	64424936312	South Africa	Port Margaret	Current	EXPIRED	19139791626	15804844.1	ZAR	06/05/1974	06/06/2022
330	NXB00000330	steven	CASTRO	chenderson@example.org	42044820700	Nigeria	Michellechester	Current	under review	74797504132	49676002.66	NGN	2000-09-30	2017-03-23
331	NXB00000331	penny	 Powers 	sandersmary@example.org	19818984713	Nigeria	Markshire	Current	VERIFIED	98480333701	9731108.02	NGN	29/07/1992	10/17/2023
332	NXB00000332	Jo	shaffer	selenarobinson@example.org	34764907851	Ghana	Wellsbury	Current	 Verified 	27905615418	32176863.24	GHS	30/07/1994	07/18/2017
333	NXB00000333	SYLVIA	Suarez	michaelbaldwin@example.com	90034864518	United States	Smithfurt	Business	EXPIRED	41585356223	6895531.58	USD	26/12/1978	23-Dec-2015
334	NXB00000334	SARA	 Hardin 	christopher34@example.org	75604177656	Nigeria	Williamstad	Savings	PENDING	62344645719	30553147.54	NGN	1995-05-06	07/29/2023
335	NXB00000335	ROBERT	DANIEL	shawn00@example.net	72063459112	UAE	Port Brooke	Corporate	verified	62209497563	5438945.68	AED	12/03/1988	04/05/2021
336	NXB00000336	 Robert 	Ayers	vmendoza@example.org	29543165266	United Kingdom	North Sandrabury	Business	under review	37824844152	16553436.49	GBP	23-Oct-1993	06/20/2016
337	NXB00000337	rebecca	mccann	josechristian@example.org	96942152910	Nigeria	Wilcoxfort	Current	PENDING	95971876433	5753463.5	NGN	01-Apr-1987	11/05/2017
338	NXB00000338	david	reeves	sophiali@example.com	76263934362	Ghana	West Theresabury	Current	UNDER REVIEW	16034546647	19162833.49	GHS	30-Oct-1996	14-May-2017
339	NXB00000339	 Christine 	solomon	brandi71@example.org	25636694118	South Africa	Sarahfort	Savings	verified	16578054428	13942023.13	ZAR	01/09/1990	2018-02-03
340	NXB00000340	Rebekah	barajas	smithwilliam@example.com	65280924287	UAE	North Logan	Business	verified	85819921640	16535963.94	AED	1960-08-10	19/06/2017
341	NXB00000341	Alyssa	 Thomas 	edwardstiffany@example.com		Nigeria	Juliechester	Current	pending	63108881292	3631248.6	NGN	07-Oct-1992	13/11/2023
342	NXB00000342	JUSTIN	mcdowell	zachary62@example.com	28703203207	Nigeria	Grahamfort	Savings	UNDER REVIEW	66205994823	48879022.04	NGN	1972-01-03	14-Nov-2015
343	NXB00000343	BILLY	 Kelly 	hellis@example.net		Ghana	North Michael	Current	pending	71508400816	27582526.73	GHS	01/18/1976	04/09/2015
344	NXB00000344	James	mitchell	karencarson@example.net	90892613715	Germany	South Nathanielville	Corporate	 Verified 		33499844.62	EUR	11/03/1963	01/29/2016
345	NXB00000345	MARY	hernandez	stevensjasmine@example.com	49050975923	United Kingdom	Laurenland	Current	under review	64203793793	23406491.92	GBP	31/05/1985	2019-07-21
346	NXB00000346	AMY	guzman	rossgregory@example.com	03266421476	South Africa	West Elizabeth	Corporate	EXPIRED	78260758607	11950548.09	ZAR	10/16/1995	24/06/2016
347	NXB00000347	 Marilyn 	Hunt	ygriffin@example.com	99616592661	South Africa	Teresabury	Corporate	PENDING	59050058108	12242955.53	ZAR	08/04/1988	28-Jan-2022
348	NXB00000348	 Deborah 	Reeves	prose@example.net	47617422438	Nigeria	New Charleston	Business	FAILED	98382775075	17076122.76	NGN	1970-06-17	2016-08-15
349	NXB00000349	WILLIAM	Dixon	qdavis@example.net		Nigeria	Michaelshire	Corporate	under review	88523977765	32184151.82	NGN	12-Nov-1995	2020-05-19
350	NXB00000350	 Christopher 	 Gordon 	yangsteven@example.org	01645977945	United Kingdom	North Julie	Business	failed	69109553120	25072384.27	GBP	10/05/1973	26/08/2021
351	NXB00000351	 Cassandra 	savage	hamiltonandrew@example.com	02776974995	United States	East Derekborough	Corporate	UNDER REVIEW	18549594977	13218112.45	USD	1974-10-30	05/04/2015
352	NXB00000352	 Daniel 	smith	micheleclark@example.net	36831472760	Nigeria	Lake Jacqueline	Savings	pending	64714081354	48765048.98	NGN	06/05/1985	11/30/2021
353	NXB00000353	Tamara	ruiz	mrichards@example.com	05016679984	Kenya	Tuckershire	Corporate	FAILED	37148901549	2952495.7	KES	21/08/1976	2023-01-24
354	NXB00000354	jenny	 Mcconnell 	dhall@example.net	69581467179	Nigeria	Smithport	Corporate	FAILED	50486794635	12121151.51	NGN	07-Jul-1963	20-Nov-2021
355	NXB00000355	Jessica	 Harrison 	ohall@example.net	97246657293	United States	Andersonborough	Business	failed	41931469219	15277586.7	USD	27-Oct-1974	22-Oct-2024
356	NXB00000356	ERIC	Vasquez	fhahn@example.com	38005452280	United Kingdom	Wilsonbury	Savings	under review	89901340852	12607114.15	GBP	04/01/1987	08-May-2024
357	NXB00000357	David	 Walker 	victoria50@example.net	28910771199	Nigeria	New Danielville	Business	VERIFIED	33885847457	7732155.12	NGN	21-Feb-1962	12/08/2020
358	NXB00000358	monica	Bartlett	jessicaerickson@example.net	12552137603	Nigeria	Williamland	Savings	FAILED	23562189572	48383239.64	NGN	10/02/2000	2016-06-12
359	NXB00000359	JOSEPH	 Espinoza 	qward@example.org	86326667850	United Kingdom	Lake Lindaland	Business	failed	59471890544	10039461.41	GBP	09/04/1988	26-Feb-2019
360	NXB00000360	christopher	EDWARDS	ryanlong@example.org	90846684550	Kenya	Lake Richard	Current	VERIFIED	48839005884	14267814.45	KES	01-Jun-1979	2019-04-12
361	NXB00000361	DAWN	CLAY	zterry@example.net	34108562884	Nigeria	Adrienneburgh	Current	UNDER REVIEW	27637867687	39049864.44	NGN	24/02/1969	27/09/2018
362	NXB00000362	 Andrew 	zamora	john46@example.net	05485101749	UAE	Tonyashire	Business	pending	97348389816	34038270.35	AED	1981-02-21	24/03/2021
363	NXB00000363	ariana	KLINE	michaelmitchell@example.net	68315893571	Germany	Millerton	Business	UNDER REVIEW	51027891878	9863052.24	EUR	18-Mar-1991	13/06/2019
364	NXB00000364	Roger	ANDERSON	seanwood@example.net	98864976776	Nigeria	South Jennifer	Current	failed	35298426014	9929438.23	NGN	04/10/1978	07/10/2022
365	NXB00000365	 David 	Bush	bensonstanley@example.org	85196115940	Nigeria	West Kevinstad	Current	failed	37516040711	32973152.34	NGN	02-Nov-1960	08/08/2017
366	NXB00000366	 Kevin 	TUCKER	douglaslawrence@example.org	43270185106	United Kingdom	Arielmouth	Savings	PENDING	55746234009	35682403.27	GBP	03/30/2000	19-May-2021
367	NXB00000367	kimberly	ALVAREZ	kathleenwagner@example.com	72519966365	Ghana	Fitzgeraldland	Corporate	EXPIRED	52474085102	3688359.03	GHS	10/27/1971	03-Jun-2015
368	NXB00000368	michelle	Mann	ann18@example.org		Nigeria	New Amber	Savings	 Verified 	94005628441	47243842.72	NGN	08/12/1978	10/17/2018
369	NXB00000369	katherine	bernard	karenshaw@example.org	82043397189	Kenya	South Michelletown	Current	 Verified 	92262874450	39763788.86	KES	06/01/1960	03/08/2015
370	NXB00000370	matthew	white	heathlogan@example.com	11824224124	Ghana	New Susanburgh	Savings	FAILED	40159116759	10264793.84	GHS	25/04/1978	2019-12-12
371	NXB00000371	 Anthony 	 Brown 	jgarcia@example.com	46103399378	United Kingdom	West Brucemouth	Business	VERIFIED	29013253973	38907333.36	GBP	07-May-1987	03-Jun-2023
372	NXB00000372	Angela	Jones	russelljesus@example.org		Nigeria	Angelashire	Current	VERIFIED	35355388907	45556641.57	NGN	15-Dec-1992	25/02/2024
373	NXB00000373	emily	SANCHEZ	kevinrussell@example.org	25823868700	Nigeria	Deniseburgh	Current	PENDING	71400874425	3871018.11	NGN	1995-11-12	08/01/2016
374	NXB00000374	aaron	Mahoney	qnelson@example.net	53984028914	United Kingdom	Port Donaldside	Savings	UNDER REVIEW	70380753456	40809048.23	GBP	24/05/1992	28-Apr-2024
375	NXB00000375	YOLANDA	 Johns 	cherylbernard@example.com	47435537950	South Africa	Smithtown	Corporate	UNDER REVIEW	47902400371	20989038.57	ZAR	11/30/1987	2017-12-16
376	NXB00000376	 Emily 	gutierrez	ifarmer@example.org	80715695620	Ghana	Sharonmouth	Corporate	 Verified 	80177525374	43674387.4	GHS	11/16/1962	29-Sep-2016
377	NXB00000377	Albert	 Paul 	erin53@example.org	33750479303	South Africa	Ashleyfort	Corporate	PENDING	30355987196	47384138.6	ZAR	10/10/1981	01/13/2022
378	NXB00000378	george	LEE	cameronanderson@example.org	49384308948	Kenya	Davidsonton	Current	verified	23087393613	26780334.69	KES	1983-01-13	23-Aug-2017
379	NXB00000379	MELISSA	MORRIS	rhill@example.net	75803046875	United Kingdom	West Christopher	Corporate	VERIFIED	50736610583	34832504.77	GBP	10/17/1995	09/16/2021
380	NXB00000380	Ashley	Johnson	tiffanycoleman@example.org	32541107609	Ghana	North Thomas	Current	pending	26167623151	24952591.54	GHS	09/29/1967	05/08/2016
381	NXB00000381	 Susan 	wall	april31@example.net	17911006512	Ghana	West Cherylchester	Current	VERIFIED	28422237358	7644927.09	GHS	11/07/1976	24-Mar-2019
382	NXB00000382	 Cameron 	byrd	phillipspatrick@example.org	39907676991	South Africa	Holmesshire	Current	VERIFIED	85988090733	40914471.64	ZAR	28-Jan-1969	20-Apr-2018
383	NXB00000383	James	 Garcia 	watkinsmary@example.net	84567972320	Kenya	Breannahaven	Business	VERIFIED	71293315604	1530073.2	KES	1967-06-16	24-Aug-2024
384	NXB00000384	Susan	WEBSTER	brandy82@example.org	49545089203	South Africa	South Mauriceborough	Business	FAILED	76349492506	13240243.54	ZAR	06/28/1991	16/06/2019
385	NXB00000385	Danielle	 Harris 	petersonelizabeth@example.net	95995946521	South Africa	Robinsontown	Current	failed	70924053239	46103454.06	ZAR	08-Apr-1981	11/30/2023
386	NXB00000386	DANIELLE	 Steele 	phanson@example.com	63620501508	Nigeria	Scottshire	Savings	under review	84514631791	4643890.3	NGN	04/24/1996	24-Apr-2015
387	NXB00000387	Roberta	WARD	gonzalezjustin@example.org	25832302410	South Africa	West Sharonport	Savings	UNDER REVIEW	69135707883	11309131.99	ZAR	20-Oct-1966	17/07/2018
388	NXB00000388	stephen	 Wood 	donna89@example.com	12233865596	Nigeria	Port Amanda	Current	pending	51758763854	33371975.1	NGN	10/16/2002	25/06/2015
389	NXB00000389	KRISTINE	Murphy	sotojoshua@example.org	31791286857	Ghana	West Jennifer	Savings	FAILED	40524200073	32907713.44	GHS	1994-02-07	28-Jun-2015
390	NXB00000390	alicia	WEBB	lwells@example.com	33373634669	South Africa	Andreaberg	Savings	 Verified 	30832754907	5170880.17	ZAR	03/06/1997	2023-10-09
391	NXB00000391	KAREN	Phillips	jerry07@example.net	67766575460	Ghana	West Deanna	Current	under review	68168631324	27021380.4	GHS	03-Jan-1978	2015-02-04
392	NXB00000392	Michael	MILLER	hartmansara@example.org	15083535444	Germany	Port Karen	Corporate	failed	52901663016	37628791.72	EUR	1997-07-21	24/06/2015
393	NXB00000393	 Jodi 	 Gaines 	carrillojuan@example.com	69078263337	Nigeria	Sharpmouth	Corporate	FAILED	56522691935	26278658.29	NGN	21/10/1994	25/02/2022
394	NXB00000394	Matthew	MILLER	roymcmahon@example.com	77805292407	Nigeria	South Ronald	Corporate	 Verified 	49589769556	33095948.16	NGN	01/05/1965	07/01/2023
395	NXB00000395	karen	FARMER	mark09@example.org	25999966361	Germany	South Daniel	Business	verified	48850007003	8573209.97	EUR	05/07/1971	2023-12-04
396	NXB00000396	ASHLEY	HAYES	christopher18@example.org	97023164334	Nigeria	Brownhaven	Corporate	pending	29097630093	41356426.33	NGN	23-Mar-1978	2021-06-14
397	NXB00000397	ALEX	MURPHY	hmyers@example.org	71632346729	South Africa	New Jennifer	Savings	FAILED	69593458851	21401292.67	ZAR	12/09/1960	2022-12-02
398	NXB00000398	stephen	Harris	seansummers@example.net	85977790147	Nigeria	Austinburgh	Current	PENDING		20103468.54	NGN	1999-02-27	16-Jan-2015
399	NXB00000399	Robert	white	qellis@example.org	60324841376	South Africa	Charlesville	Current	PENDING	13048500685	46798219.03	ZAR	10/23/1984	09/08/2019
400	NXB00000400	WILLIAM	CHAN	qhayes@example.org	70176563600	South Africa	West Ellen	Corporate	under review	33331102231	41220430.21	ZAR	03/12/1993	09/26/2017
401	NXB00000401	steven	 Murray 	kelleyjohn@example.com	74220912418	Nigeria	Lake Kathrynview	Current	FAILED	77923006678	20671697.63	NGN	1993-07-04	02-Sep-2020
402	NXB00000402	 Eric 	howard	jenniferstafford@example.net	70816470900	South Africa	West Regina	Corporate	EXPIRED	40514689750	21985645.28	ZAR	1973-09-01	2015-01-04
403	NXB00000403	james	smith	haysmatthew@example.org	31220681558	Nigeria	New Randall	Current	pending	23539259744	33814831.6	NGN	02/02/1998	12/01/2018
404	NXB00000404	RONALD	 Hall 	kellyglenn@example.com	06373149501	Kenya	Katrinafort	Business	VERIFIED	78271309998	24903912.5	KES	1964-04-05	27-Sep-2019
405	NXB00000405	TONYA	Garcia	johnathandavis@example.com		UAE	Gregoryberg	Current	verified	29847773648	23620899.69	AED	11/12/1979	23/04/2016
406	NXB00000406	 Martin 	reid	tiffany71@example.com	99768389030	United States	Joelchester	Business	UNDER REVIEW	77262371086	9320656.44	USD	1990-04-21	01/12/2023
407	NXB00000407	 Katherine 	 Harvey 	taylorvictor@example.org	63039752450	United Kingdom	Karenbury	Current	pending	60980736131	28949934.2	GBP	03/23/1964	18/08/2018
408	NXB00000408	melanie	Rivera	jamiebrown@example.net	39685270171	Nigeria	East David	Business	FAILED	46946786030	33722542.48	NGN	1988-03-07	27/07/2023
409	NXB00000409	GLENN	 Dunn 	joelmiller@example.net	42336293449	United Kingdom	Michellefort	Business	EXPIRED	68486040910	21441042.4	GBP	1973-08-29	29/07/2023
410	NXB00000410	CHRISTOPHER	 Kaufman 	egray@example.com	89627066149	South Africa	West Oscar	Business	EXPIRED	84109274565	17921195.04	ZAR	18-Sep-1987	20-Jul-2019
411	NXB00000411	Kevin	CAMPBELL	ijones@example.net	32300857666	Nigeria	Parkershire	Corporate	EXPIRED	49696372111	42025336.99	NGN	13-Apr-1983	24/04/2017
412	NXB00000412	CHARLES	 Dyer 	cruzariel@example.org	45875066337	United Kingdom	Lake Elizabethberg	Business	pending	12292242074	13628444.39	GBP	1974-03-05	11/20/2023
413	NXB00000413	JOSE	Gibson	jonathanguzman@example.net	01166918362	South Africa	Vincentside	Current	verified	18532318346	8619306.67	ZAR	05/04/1966	10/06/2015
414	NXB00000414	DOMINIQUE	REYES	jessica11@example.net	24364027011	Ghana	Penachester	Current	failed	58329818159	26244131.17	GHS	07/19/1994	01/03/2015
415	NXB00000415	 George 	Brooks	jameswhite@example.org		UAE	Bradleyborough	Current	pending	46394379580	41753674.09	AED	1993-05-08	16-Mar-2021
416	NXB00000416	jacob	 Brown 	lisalee@example.com	91214161415	Ghana	South Todd	Business	VERIFIED	10202908421	11036276.23	GHS	27-Jun-1990	28/01/2023
417	NXB00000417	Kathleen	smith	karen09@example.org	38069847759	Germany	Evelynmouth	Savings	UNDER REVIEW	50318587026	5306024.46	EUR	09/17/1971	04/04/2024
418	NXB00000418	Yvonne	 Montoya 	elizabeth69@example.org	51076209184	Kenya	Montgomeryfort	Corporate	pending	78941897254	38177915.91	KES	2000-12-30	2022-05-01
419	NXB00000419	ZACHARY	KELLER	andersensusan@example.com	50573976915	Kenya	Lake Paulborough	Savings	FAILED	59081712845	44483502.15	KES	1965-07-06	03-Aug-2017
420	NXB00000420	Jennifer	kane	andersonlaura@example.com	27178333211	United States	West Raven	Savings	under review	46438279059	33430625.07	USD	28/10/2002	07/04/2021
421	NXB00000421	KATIE	 Robinson 	elizabeth12@example.net	15399156686	UAE	Darrellland	Current	 Verified 	53451450351	45552979.02	AED	03/06/1987	12/10/2024
422	NXB00000422	daniel	peterson	juliewilson@example.com	56904098366	Nigeria	New Elizabeth	Current	verified	12615585321	16923368.32	NGN	31-Aug-1969	2019-12-06
423	NXB00000423	 Brittany 	Rodriguez	medinasteven@example.org	37729420954	Nigeria	Wendyshire	Business	UNDER REVIEW	93203675928	11530448.0	NGN	10-Aug-1979	2016-11-30
424	NXB00000424	timothy	Poole	ycarter@example.org	23302764208	UAE	Gregorystad	Savings	EXPIRED	22156633078	48487733.22	AED	22-Nov-1972	04-Mar-2023
425	NXB00000425	KATHERINE	MYERS	justin38@example.com	25904729277	Nigeria	East Linda	Current	under review	22321924268	46500137.97	NGN	13/12/1994	08/28/2017
426	NXB00000426	 James 	Curtis	jessica91@example.net	66201572018	South Africa	Bookerfurt	Current	pending	84502671901	16388758.34	ZAR	13-Apr-1990	19-Mar-2021
427	NXB00000427	john	Wilson	sburns@example.net	61764750111	Nigeria	North Brenda	Current	UNDER REVIEW	61975130754	6224979.9	NGN	14-Jul-1982	26-Jun-2020
428	NXB00000428	Vanessa	MENDOZA	bauerherbert@example.com		South Africa	Evansberg	Savings	UNDER REVIEW	92929435394	5090933.95	ZAR	08/02/1980	12-Jun-2018
429	NXB00000429	cory	Brown	richardhaynes@example.com	18981312920	Kenya	Davidberg	Current	failed	51799689771	6050681.73	KES	31/05/1995	02-May-2016
430	NXB00000430	 Bailey 	delgado	hartmelissa@example.org	18458260340	South Africa	Taylorfort	Business	failed	38359817541	2314027.7	ZAR	18/05/1970	2020-09-22
431	NXB00000431	 Heather 	MILLS	catherine83@example.net	03032432983	Nigeria	Davidchester	Savings	FAILED	81486766017	45962986.34	NGN	04/03/1968	03/06/2015
432	NXB00000432	CHARLES	Scott	ksantos@example.com	14628314359	Kenya	South Lorraine	Current	EXPIRED	76757986893	10216813.12	KES	17/10/1972	23-Jan-2017
433	NXB00000433	 Leslie 	French	mjohnson@example.org	41818615155	South Africa	West Alejandro	Corporate	UNDER REVIEW	75397002557	40702306.08	ZAR	1995-03-07	2016-02-20
434	NXB00000434	Nicholas	Novak	ylynn@example.org	84971859484	Ghana	East Louisfurt	Corporate	EXPIRED	72187651027	37244184.46	GHS	11/15/2001	23/08/2021
435	NXB00000435	henry	shaffer	iwoods@example.com	82226940539	South Africa	South Valerie	Corporate	 Verified 	94128362419	28991792.11	ZAR	11/11/1999	20/01/2022
436	NXB00000436	LAUREN	SHAW	stephanie83@example.com	46511131290	Nigeria	Stokestown	Savings	VERIFIED	93890443610	27928127.49	NGN	07/08/1981	2021-06-23
437	NXB00000437	Suzanne	coleman	timothyrobertson@example.net	60930685389	Kenya	Oconnellhaven	Savings	verified	93924960540	20775138.14	KES	02-Jun-1983	03/23/2018
438	NXB00000438	Rebecca	 Thompson 	mary85@example.org	76251538144	South Africa	Jasonshire	Business	EXPIRED	83747580191	45586513.8	ZAR	21/08/1976	07-Sep-2018
439	NXB00000439	PHILLIP	LEBLANC	wallspatricia@example.com	50975451052	Germany	North Ryanborough	Current	 Verified 	70436448095	37387024.44	EUR	1980-10-03	03/12/2024
440	NXB00000440	 Christopher 	ROBERTSON	robertgentry@example.org	43765456284	Nigeria	Martinstad	Corporate	VERIFIED	56927801639	37655331.74	NGN	26-Sep-1983	11-Dec-2017
441	NXB00000441	julie	 Smith 	danielmitchell@example.org	65023741678	Germany	Karenfurt	Corporate	 Verified 	25132759206	4608508.76	EUR	07/27/1992	2022-02-27
442	NXB00000442	 Warren 	MCLEAN	ganderson@example.org	25803056906	Nigeria	Toddchester	Savings	pending	92659917040	49310539.11	NGN	1982-01-20	31-Jan-2018
443	NXB00000443	john	HERNANDEZ	johnwang@example.com	63718923923	South Africa	Johnsonborough	Corporate	EXPIRED		29066063.57	ZAR	12-Aug-1976	28/08/2016
444	NXB00000444	Sarah	SIMMONS	christopherwilliams@example.com	33567086041	United States	Sherrychester	Business	PENDING	73230132074	48078647.86	USD	13-Jul-1960	03/10/2017
445	NXB00000445	JOHN	JACOBSON	blakewilliams@example.net	34749162475	South Africa	North Elizabethside	Current	pending	10342825256	12806679.46	ZAR	06/21/1998	25/07/2024
446	NXB00000446	Kaylee	ANDERSON	judith59@example.net	34396112910	Nigeria	Lake Sean	Current	under review	87490927542	3424005.01	NGN	28-Oct-1983	2024-04-07
447	NXB00000447	Corey	Mcmahon	kevin73@example.net	02368485571	UAE	Barneshaven	Savings	 Verified 	37055445792	35874365.53	AED	07/04/1969	13-Oct-2015
448	NXB00000448	 Krystal 	jackson	heather24@example.org	36788127868	United States	Jamietown	Corporate	under review	20479165285	11243131.48	USD	22/08/1975	05/16/2021
449	NXB00000449	ERNEST	ROBINSON	suarezkrystal@example.com	43448123083	Nigeria	West Sara	Business	PENDING	70004960787	4972205.01	NGN	21-May-1988	01/19/2020
450	NXB00000450	 Joseph 	gibbs	veronicaclark@example.org	59551842694	Nigeria	Port Michaelview	Corporate	pending	58043235267	17662509.13	NGN	1999-05-08	19/02/2016
451	NXB00000451	GREGORY	bonilla	sharphailey@example.net	98373543962	Nigeria	Richardsonfort	Current	EXPIRED	33562873706	23118318.82	NGN	05/13/1998	09/02/2021
452	NXB00000452	Clayton	white	lisathompson@example.net	24042269312	Germany	South Regina	Business	 Verified 	20828643420	19196693.96	EUR	08-Jun-1971	09/10/2015
453	NXB00000453	 Tara 	Garcia	jessicamorton@example.net	66010023142	Nigeria	Port Danielmouth	Current	UNDER REVIEW	99413210191	45992782.63	NGN	16-May-1978	25-Jun-2015
454	NXB00000454	MELISSA	miller	timothyhart@example.com	45723084810	Nigeria	Curtischester	Corporate	FAILED	44395268745	7564141.14	NGN	10/29/1978	09/26/2019
455	NXB00000455	Donald	Barr	perezpaul@example.com	36172131451	United States	West Sandraland	Business	EXPIRED	79217947390	37871402.42	USD	24-Apr-1970	11/28/2023
456	NXB00000456	PAULA	 Munoz 	royrogers@example.org	24945147541	United States	West Dylan	Corporate	under review		13376322.56	USD	1993-12-02	05/22/2021
457	NXB00000457	Sean	 Robles 	hbriggs@example.net	42152265576	Nigeria	Devonbury	Business	UNDER REVIEW	24390738892	42856091.85	NGN	21-Aug-1970	11/01/2021
458	NXB00000458	Patrick	dunn	opatel@example.com	96893135030	Nigeria	Rosarioville	Savings	under review	86476377084	48012849.15	NGN	1965-05-17	30/06/2023
459	NXB00000459	BRIAN	bailey	kenneththomas@example.net	33302126065	UAE	South Maryburgh	Business	FAILED	81256288948	38120330.91	AED	2000-06-03	08/09/2020
460	NXB00000460	Anthony	diaz	sanchezalexander@example.com	27284765704	Nigeria	Lake Antonioburgh	Current	FAILED	50392891734	38168556.4	NGN	1980-02-29	20-Apr-2024
461	NXB00000461	WESLEY	SMITH	dfrazier@example.net		Nigeria	Samanthahaven	Business	FAILED	31574445610	27475079.68	NGN	10/04/1977	29-Nov-2018
462	NXB00000462	Kevin	PEREZ	josephdavis@example.com		Germany	Lake Jason	Current	FAILED	22431519487	30755048.61	EUR	25-Jun-1992	19/01/2020
463	NXB00000463	CHRISTINE	ROBINSON	lynndaugherty@example.net	77566205634	Nigeria	West Carriemouth	Savings	EXPIRED		34628618.83	NGN	17-Aug-1997	02/13/2016
464	NXB00000464	anthony	CAMPBELL	jonescarla@example.com	83034199097	Nigeria	Christopherport	Savings	pending	51300945130	5390138.78	NGN	06/14/1988	13-Aug-2016
465	NXB00000465	 Alan 	kelly	susan83@example.com		Kenya	Swansonberg	Corporate	failed	68301330286	10631961.91	KES	17-Dec-1967	17/11/2015
466	NXB00000466	Jacqueline	DAVIS	gmosley@example.org	09679042271	UAE	Port Erin	Business	FAILED	66574990021	5434099.51	AED	1983-12-08	05/26/2015
467	NXB00000467	 Donald 	higgins	seth25@example.com	96063399129	Nigeria	East Katieport	Savings	EXPIRED	27231405395	27534689.53	NGN	02/15/1980	08/18/2015
468	NXB00000468	amy	 Novak 	portershawn@example.org	21495511274	Germany	Santosberg	Corporate	 Verified 	87610395939	18339353.02	EUR	1978-05-11	10-Feb-2015
469	NXB00000469	SHELBY	BONILLA	swilliams@example.com	92758955168	Kenya	New Tiffanyton	Corporate	FAILED	53536200105	47788090.28	KES	1985-04-04	17/04/2015
470	NXB00000470	JOYCE	 Sanchez 	mooredaniel@example.com	96136715778	Nigeria	East Jessicafurt	Current	 Verified 	23286585239	10607595.92	NGN	20/06/1996	2021-05-08
471	NXB00000471	 Kayla 	 Gonzalez 	caleb59@example.com	71470827235	United Kingdom	Brownstad	Current	 Verified 	10515182601	40311116.32	GBP	22-May-1971	04-Oct-2024
472	NXB00000472	 Kristine 	IRWIN	brianparrish@example.net	44212146147	United Kingdom	Lake Patricia	Current	PENDING	22732057075	23961069.22	GBP	13/04/1960	17-Nov-2017
473	NXB00000473	jack	brown	wpeterson@example.com	35677826596	Nigeria	North Jennifer	Business	failed	32040675350	18347022.64	NGN	01/03/1964	03/05/2015
474	NXB00000474	Beth	THOMAS	alexis72@example.com	16480727910	Ghana	Hortonburgh	Current	VERIFIED	46865169060	15602000.03	GHS	05/12/1996	12/12/2023
475	NXB00000475	carolyn	robinson	stephaniebonilla@example.net	55044817766	United States	Millsmouth	Corporate	UNDER REVIEW	24241279507	11620140.45	USD	08/11/1965	2019-08-03
476	NXB00000476	DANIEL	thompson	jbrooks@example.net	86646491111	South Africa	Garciaside	Business	UNDER REVIEW	88851692384	27232469.96	ZAR	08/01/1965	06/01/2015
477	NXB00000477	Cory	WALLACE	contrerasmelissa@example.org	78613715766	Nigeria	New Justin	Current	under review	46136239392	24208990.06	NGN	13/03/1979	06/03/2016
478	NXB00000478	NICHOLE	Baker	anunez@example.com		Kenya	North Anthonystad	Business	EXPIRED	11111614443	25803006.36	KES	08/05/1970	2024-03-16
479	NXB00000479	Mary	stone	matthew96@example.org		South Africa	Leefurt	Savings	under review	15586788407	2992419.34	ZAR	08/16/1985	05/29/2019
480	NXB00000480	maria	Solis	oanderson@example.com	65826312819	UAE	West James	Business	PENDING	46236837811	22727844.88	AED	2002-08-22	08/27/2020
481	NXB00000481	 Christopher 	Kim	anthonyzimmerman@example.org	02752334383	Nigeria	West Christopherberg	Business	under review	27985139717	35863587.02	NGN	06/08/1960	09/28/2015
482	NXB00000482	courtney	LITTLE	rodriguezsara@example.org	24421175361	Nigeria	Jonesland	Business	UNDER REVIEW	10935461091	3517495.41	NGN	24/10/1960	15-Oct-2017
483	NXB00000483	jason	BARNES	cynthia72@example.org	02990155799	United Kingdom	New Judy	Savings	VERIFIED	80936358343	28800995.74	GBP	1994-11-27	11-May-2016
484	NXB00000484	SARA	 Lee 	herreraapril@example.org		Nigeria	Port Michael	Current	FAILED	37893545362	46724030.88	NGN	16/04/1993	2023-04-20
485	NXB00000485	Rachel	Johnson	jeffreyluna@example.org	47315847768	Ghana	Geraldview	Savings	PENDING		21550241.46	GHS	29/07/1971	2017-09-30
486	NXB00000486	Suzanne	garcia	gabriel37@example.com	69459196639	Nigeria	South Garyton	Current	under review		6377664.62	NGN	05/04/1964	2019-12-31
487	NXB00000487	Susan	KING	pcarter@example.net	60125625313	United States	Port Leonard	Business	failed	80135639500	7505320.36	USD	19-Sep-1985	2016-09-06
488	NXB00000488	ALEC	BARKER	jason95@example.org	64938318491	Nigeria	Stewartmouth	Business	FAILED	45386980779	20937210.7	NGN	06/05/1961	10/08/2018
489	NXB00000489	James	 Williams 	rjimenez@example.com	17295963904	South Africa	South Justinfurt	Corporate	EXPIRED	23115406413	3398729.37	ZAR	10-Mar-1966	2024-11-18
490	NXB00000490	BENJAMIN	ferguson	rogersallen@example.com	64455618579	Germany	Heathermouth	Current	FAILED	72334316061	30024943.66	EUR	29-May-1994	01/05/2015
491	NXB00000491	Trevor	DAVIDSON	cameronsharon@example.org		United States	East Brandontown	Corporate	failed	55908163162	45289307.87	USD	12/21/1980	09-Nov-2023
492	NXB00000492	dominic	holder	fperez@example.org	80040104145	South Africa	Hollyberg	Business	EXPIRED	10074718908	15085632.51	ZAR	1967-02-25	08/27/2023
493	NXB00000493	BRANDY	 Wilson 	michelle96@example.net	18839774573	Kenya	Jenniferstad	Savings	 Verified 	99276486363	48740365.33	KES	1975-07-09	20/03/2018
494	NXB00000494	angelica	salas	heatherjones@example.com		Nigeria	East Alexanderborough	Savings	failed	67666251884	1664815.74	NGN	10/28/1963	04/19/2021
495	NXB00000495	TAYLOR	cruz	ngarcia@example.net	47281235679	Kenya	Lopezview	Current	 Verified 	68528149439	3897867.17	KES	01/07/1964	01-May-2015
496	NXB00000496	 Rodney 	 Parks 	thomasnancy@example.net		Kenya	East Allenmouth	Business	FAILED	49765164318	19400865.53	KES	23-Jan-1962	05/07/2022
497	NXB00000497	jacob	Johnson	hbell@example.net	56326868507	United States	North Deborahchester	Corporate	VERIFIED	92064244748	4861573.09	USD	1970-08-12	07/02/2019
498	NXB00000498	james	Lopez	brookemoreno@example.com	10313100943	United Kingdom	West Jeremyfurt	Corporate	 Verified 	41179199041	17811255.33	GBP	1978-12-03	04/07/2020
499	NXB00000499	PHILIP	garcia	tyler23@example.com	94012897432	Kenya	East Martin	Corporate	 Verified 	71822794731	49349848.8	KES	06/11/1982	02/07/2024
500	NXB00000500	 Spencer 	rivers	bpatterson@example.org	12095790737	United Kingdom	New Erinport	Current	failed	22814314460	47841437.05	GBP	16/11/1987	29/11/2024
501	NXB00000501	Mary	Fox	karirowe@example.org	57758474570	UAE	Patriciafort	Corporate	EXPIRED	22154196250	33288377.4	AED	1985-12-07	03/02/2022
502	NXB00000502	DANIEL	Jennings	hernandezrobert@example.org	57039653136	Ghana	Archerhaven	Corporate	failed		48690938.56	GHS	08/19/1965	06-Jul-2018
503	NXB00000503	 Gregory 	 Lozano 	pamela69@example.com		Germany	Kyleton	Current	verified	19237683927	17145781.89	EUR	31/07/1988	16-Jun-2024
504	NXB00000504	Bethany	Miles	hamiltonspencer@example.com	10727284982	South Africa	Calvinport	Current	VERIFIED	65705281567	33166278.11	ZAR	25-May-1972	2022-03-17
505	NXB00000505	 Alexis 	williams	margaret10@example.com	06500425488	Germany	Douglasborough	Savings	PENDING	70759835995	12829342.84	EUR	13/06/1998	14-Aug-2017
506	NXB00000506	Ryan	hull	jeffery75@example.org	66144942965	Nigeria	West Derek	Savings	PENDING	46579451304	29540980.91	NGN	1978-10-30	18/07/2019
507	NXB00000507	ANGELA	TURNER	evanssara@example.com		Nigeria	South Kimberly	Savings	 Verified 	31866142472	40851288.06	NGN	23-Aug-1976	14-Mar-2017
508	NXB00000508	MARTHA	DAVIS	gbenson@example.net	75676670806	Nigeria	Kristinshire	Corporate	VERIFIED	92939921704	37326721.84	NGN	05/09/1983	01/18/2015
509	NXB00000509	 William 	MARTINEZ	brian62@example.com	78701041591	Kenya	Vaughnton	Savings	FAILED	14995715549	49975374.49	KES	1969-01-16	01/09/2021
510	NXB00000510	DAVID	RICHARDS	mileszachary@example.net	23244079311	Kenya	New Collinborough	Savings	failed	35826524553	15241794.28	KES	08/01/2002	2024-02-14
511	NXB00000511	DALE	 Johnson 	hmyers@example.com	72384979162	Nigeria	Port Julie	Corporate	VERIFIED	31162647572	38147701.11	NGN	28-Feb-2002	2022-09-01
512	NXB00000512	John	 Hunt 	thomasroberts@example.net	97546617662	United Kingdom	Wilsonfurt	Business	UNDER REVIEW	13956800913	31619972.7	GBP	06/16/1963	28-Nov-2019
513	NXB00000513	ALEX	TURNER	wwilliams@example.org	74025883586	Nigeria	Lake Edward	Corporate	 Verified 	81116548278	33961787.84	NGN	20/07/1997	2020-11-10
514	NXB00000514	DIANA	hart	yespinoza@example.org	46176792988	Kenya	Briannashire	Corporate	verified	69895438130	5736289.3	KES	1961-03-26	27/09/2023
515	NXB00000515	 Michael 	Williamson	bjones@example.net	31177533126	UAE	New Johnton	Corporate	EXPIRED	26213045988	27005954.71	AED	05-Oct-1981	05/23/2024
516	NXB00000516	MELANIE	JONES	catherine02@example.com	76298334774	Nigeria	South Lisa	Current	failed	12349475467	33849952.48	NGN	18-Feb-1992	18-Oct-2023
517	NXB00000517	LINDSEY	lee	sotoelizabeth@example.org	20569815287	Kenya	Masonstad	Business	failed	30478543100	11057720.27	KES	09/23/1977	2016-10-26
518	NXB00000518	 Christine 	 Hansen 	lauriegonzales@example.net	19128411730	Ghana	Andrewport	Business	EXPIRED	62654502045	33485898.84	GHS	22/11/1960	25/12/2023
519	NXB00000519	SANDRA	king	carlos24@example.org		South Africa	Port April	Business	 Verified 	53333826374	3218476.24	ZAR	06/03/1965	05/06/2018
520	NXB00000520	CHERYL	collins	gardnerpatricia@example.net	40056435023	Ghana	East Trevorshire	Current	UNDER REVIEW	99392744006	26372746.19	GHS	07/29/1971	03/01/2018
521	NXB00000521	rebecca	warner	reedchad@example.com	87240107835	United Kingdom	Kimberlybury	Business	PENDING	52328102967	25417766.26	GBP	1969-11-19	11-Feb-2015
522	NXB00000522	ANDREW	BROWN	amandadalton@example.net	87066266821	United States	Michaelmouth	Business	FAILED	27381091503	5496233.08	USD	2000-11-21	25/03/2019
523	NXB00000523	 Samuel 	Brown	christophersmith@example.com	03010272405	United Kingdom	West David	Corporate	FAILED	41482088148	15837980.51	GBP	1964-01-26	13-Jan-2015
524	NXB00000524	Raymond	 Sandoval 	jonesshawna@example.org	53745843845	Nigeria	North Michaelchester	Corporate	failed	75092239837	25525435.11	NGN	05/04/1996	2024-08-05
525	NXB00000525	Janice	HOWELL	christian28@example.org	83152037710	Ghana	Joshuafurt	Current	PENDING	21898899452	45338725.48	GHS	17/09/2000	2018-09-11
526	NXB00000526	 Kevin 	HANNA	ramirezchelsea@example.com	66703362680	Nigeria	Sharonmouth	Business	UNDER REVIEW	28294831242	19130837.07	NGN	2002-02-11	20/07/2023
527	NXB00000527	sandra	Solomon	katherinepeterson@example.net	60186487699	Nigeria	South Tanner	Business	under review	67037954247	38771623.54	NGN	01/06/1981	31-May-2015
528	NXB00000528	victoria	ALLEN	campbellfelicia@example.com		Nigeria	East Kelseyport	Corporate	verified	63092898794	40372693.8	NGN	07/11/1993	12/17/2020
529	NXB00000529	MATTHEW	 Foster 	michael49@example.org		Kenya	West Ashleymouth	Business	failed	44268256139	26738775.88	KES	10/28/1994	18/12/2024
530	NXB00000530	Mary	 Abbott 	cford@example.org	05783609149	Nigeria	South Hectorview	Current	under review	31688771135	28349813.2	NGN	27-Nov-1974	23/08/2023
531	NXB00000531	 Jordan 	simpson	crystalthomas@example.net	31028795083	South Africa	Allenstad	Business	VERIFIED	67761704682	21716233.67	ZAR	1966-02-07	30/12/2019
532	NXB00000532	AMBER	williams	michaeljones@example.com	81335956164	South Africa	Catherinestad	Business	FAILED	86135292411	48361309.07	ZAR	25/12/1977	09/07/2019
533	NXB00000533	 Matthew 	 Russell 	thomas49@example.org	50429019358	Ghana	Shelbyfurt	Savings	under review	12981062152	39967889.66	GHS	11/03/1983	08/19/2021
534	NXB00000534	Mariah	johnson	patrickcuevas@example.org	39898681809	Nigeria	Stewartborough	Business	VERIFIED	95187428814	38714141.3	NGN	04/10/1981	24/06/2021
535	NXB00000535	 Mary 	 Carter 	marklloyd@example.com	75137651588	United Kingdom	Jacobsmouth	Business	VERIFIED	37119585754	34249667.48	GBP	05-Feb-1993	13/08/2019
536	NXB00000536	 Kristie 	 Hall 	sarasanchez@example.com	94455116682	Nigeria	East Nancy	Business	UNDER REVIEW	32568726225	22098542.49	NGN	1963-06-15	15-Sep-2017
537	NXB00000537	 Alexis 	martinez	kathy71@example.org	60212886652	Nigeria	Lake Kelly	Corporate	FAILED	15069188340	35455244.68	NGN	11/14/1967	2020-05-28
538	NXB00000538	Matthew	 Summers 	brittany91@example.net	15767647229	Nigeria	North Brittney	Corporate	pending	24997251859	21435252.03	NGN	26-Jul-1962	07-Oct-2016
539	NXB00000539	 Mitchell 	banks	lflores@example.net	13475098898	Nigeria	Patrickburgh	Savings	UNDER REVIEW	12485002985	10762851.98	NGN	06/02/1998	2017-02-05
540	NXB00000540	STEPHANIE	WILLIAMS	russellramirez@example.net	15421447732	United States	East Elizabethberg	Business	 Verified 	64454207864	13797562.37	USD	1997-03-06	06/09/2015
541	NXB00000541	 Cody 	ARNOLD	anthonyorr@example.net		Kenya	North Tracy	Current	verified		20303074.61	KES	13/09/1968	2024-12-12
542	NXB00000542	LYNN	Wood	shelly96@example.net		United States	Meyermouth	Current	FAILED	66628068558	41838971.24	USD	26-Mar-1968	19/02/2018
543	NXB00000543	 Kenneth 	rodriguez	wallaceryan@example.com	24151315285	South Africa	Lake Haileyton	Business	EXPIRED	12384596013	27226596.35	ZAR	2002-12-20	25/04/2023
544	NXB00000544	ryan	Randolph	james80@example.net	32963347272	Germany	East Cynthia	Business	verified	94606048870	11339699.44	EUR	02/15/1987	05/06/2016
545	NXB00000545	christopher	BLACK	aaronjones@example.net	20649693578	United Kingdom	West Elizabeth	Current	pending	41729572122	17729053.07	GBP	21-Feb-1962	30/08/2023
546	NXB00000546	 Tracy 	 Mccoy 	amy41@example.org	46753612751	Nigeria	Port Nicole	Corporate	UNDER REVIEW	35014159292	22954055.42	NGN	16-Jun-1967	12/28/2018
547	NXB00000547	Mary	SHIELDS	bmcdaniel@example.com	83608545667	South Africa	Ritaview	Corporate	VERIFIED	68180192108	15416955.0	ZAR	15/02/1960	23/05/2023
548	NXB00000548	TODD	robinson	parkerrobert@example.net	83199529800	Ghana	Rhondaside	Savings	PENDING	87753007323	48011611.18	GHS	11/17/1997	2021-09-03
549	NXB00000549	Bryan	Williams	michaelgonzalez@example.org	34255638300	Nigeria	New Raymondfort	Current	pending	44499644491	13322879.15	NGN	1985-09-04	07/23/2021
550	NXB00000550	bobby	campbell	hallkelsey@example.org	41662411186	Nigeria	North Jill	Current	 Verified 	40785349393	18197283.87	NGN	10/29/1961	30-Jan-2024
551	NXB00000551	LAURA	LEE	kristen68@example.net	44731497646	United States	Hoffmanfort	Current	UNDER REVIEW	54168068890	39912624.21	USD	1990-08-20	14/07/2017
552	NXB00000552	Justin	warner	patrickkaiser@example.net	58173906375	South Africa	Lake Lanceberg	Current	FAILED	49351354556	42565193.3	ZAR	09/05/1977	22/08/2021
553	NXB00000553	Lisa	daugherty	hoffmanjared@example.com	12697893074	Nigeria	Maryton	Savings	 Verified 		41666837.82	NGN	18-May-1995	10-Jun-2023
554	NXB00000554	 Marc 	Cunningham	rsavage@example.net	87875357788	Nigeria	Lyonsfurt	Corporate	UNDER REVIEW	94231732659	30932009.53	NGN	2002-09-04	04/27/2016
555	NXB00000555	DAVID	 Smith 	martinsamuel@example.org	67287286604	Nigeria	Jenniferview	Corporate	failed	59770073073	14253831.85	NGN	1962-12-10	04/22/2019
556	NXB00000556	ALEXANDRA	gilbert	anne22@example.com	95894773522	South Africa	West Robertberg	Corporate	UNDER REVIEW	26307260070	29504864.45	ZAR	10/02/1968	2020-01-03
557	NXB00000557	thomas	 Holder 	collinsjacob@example.net	87510979215	United Kingdom	Courtneyborough	Current	under review	75601628890	16265845.07	GBP	14/12/1989	28/10/2017
558	NXB00000558	JOSHUA	 Hoover 	tsilva@example.com	48831921342	Nigeria	East Laurashire	Savings	EXPIRED	10981694813	723218.67	NGN	08/09/1986	26-May-2022
559	NXB00000559	deanna	reyes	tammy97@example.org	03319222705	Ghana	New Lindsay	Savings	verified	58669989120	991688.16	GHS	21-Mar-1964	05/09/2017
560	NXB00000560	ronald	RUIZ	vincent13@example.net	66754858193	Nigeria	Port Samuel	Corporate	EXPIRED	91249293914	23319276.52	NGN	07-Apr-1966	03/24/2020
561	NXB00000561	scott	neal	gina86@example.net	20575639836	Ghana	East Scotthaven	Savings	PENDING	42406628586	35555701.16	GHS	30-May-1971	2022-11-08
562	NXB00000562	JAMES	Willis	clinton54@example.net	94047604409	South Africa	Henryfort	Corporate	EXPIRED	66012589833	24889110.65	ZAR	02/22/1977	05/05/2017
563	NXB00000563	 Karen 	Holland	johnsonanthony@example.net	22161070518	Germany	West Marymouth	Savings	UNDER REVIEW	95352197498	47166423.36	EUR	11-Jun-1967	28-Mar-2020
564	NXB00000564	Rachael	Jackson	zachary66@example.net	13824127049	Ghana	Thompsontown	Current	PENDING	56277574803	35123801.6	GHS	16/11/1991	06/07/2016
565	NXB00000565	Larry	 Castro 	petersonashley@example.net	97111212590	Germany	Lake Nicholas	Corporate	 Verified 	90137484712	39056472.68	EUR	03-Apr-1976	06-Jun-2017
566	NXB00000566	 Christopher 	ramsey	kylebecker@example.org	40642429563	United Kingdom	East Tiffany	Current	 Verified 	11504797898	37871608.4	GBP	12/03/1983	15/12/2018
567	NXB00000567	 Jordan 	gonzales	burnsbeth@example.com	20962893654	Nigeria	Christopherborough	Corporate	FAILED	96673643042	1129262.56	NGN	03/06/1998	11/22/2023
568	NXB00000568	jonathan	MCDONALD	weekszachary@example.net	72795596905	Nigeria	East Robertmouth	Savings	pending	98915124419	21166519.58	NGN	21/08/1967	06/12/2015
569	NXB00000569	Matthew	LEACH	robintorres@example.com	07979966734	Ghana	Timothyfurt	Business	under review	32308941938	3804288.8	GHS	01-Jul-1997	2022-04-04
570	NXB00000570	KEVIN	ARELLANO	kathrynsantana@example.net	66496902824	Nigeria	New Karen	Current	FAILED	83876839964	31149754.22	NGN	01/12/1966	05/05/2018
571	NXB00000571	 David 	COOK	wallerkyle@example.org	76270232441	Nigeria	South Christopher	Savings	under review	14145032329	46622329.59	NGN	10/06/1966	2020-06-13
572	NXB00000572	 John 	COHEN	adam25@example.org	86376731625	Ghana	Rachaelchester	Corporate	under review	30917815282	19850654.72	GHS	18-Oct-1969	2015-02-12
573	NXB00000573	candice	Ferguson	tracy90@example.org	35558099613	South Africa	North Jason	Corporate	verified	36247937380	49160420.08	ZAR	09/30/1999	27/10/2023
574	NXB00000574	Ryan	Morgan	ronaldmitchell@example.com	04622681715	Nigeria	East Luisshire	Savings	under review		15333678.86	NGN	02/08/2002	2023-01-09
575	NXB00000575	William	PARKS	tuckersusan@example.com	04641978575	Ghana	Port Haroldchester	Current	EXPIRED	70896954522	23758483.79	GHS	19/02/2000	13-Nov-2020
576	NXB00000576	AMANDA	 Reyes 	hernandezmatthew@example.net	38976074017	Kenya	New Ginaview	Current	failed	51250606081	9413007.07	KES	07-Jan-1962	13/11/2024
577	NXB00000577	Ronald	LEONARD	danielsguy@example.com	07540915086	Germany	New Codyberg	Corporate	VERIFIED	22876335196	41876725.46	EUR	03/06/1982	07-Dec-2016
578	NXB00000578	Cynthia	jordan	michael79@example.org	01550291681	United Kingdom	Moralesburgh	Corporate	failed	19738061344	38544830.64	GBP	07/19/1967	05-Jan-2018
579	NXB00000579	 Stephanie 	Scott	copelandryan@example.org	94498830597	Ghana	Julieburgh	Corporate	pending	31521137377	18267303.03	GHS	28-Feb-1973	05/11/2023
580	NXB00000580	JOSHUA	Powers	rbrowning@example.com	06306244795	Ghana	North Jenna	Corporate	 Verified 	79569278961	21976735.42	GHS	03-Sep-1991	2015-09-16
581	NXB00000581	Jeffrey	Carr	omatthews@example.net	86780555572	Nigeria	New Heidi	Corporate	failed	19338895629	19845334.15	NGN	06/29/1972	2018-08-08
582	NXB00000582	emily	 Scott 	guerreroashley@example.org	85138544577	UAE	New Michael	Savings	failed	68720628060	2970592.02	AED	03/12/1981	2023-04-07
583	NXB00000583	Ryan	Forbes	potterjustin@example.net	36826911633	Nigeria	Gregoryburgh	Current	EXPIRED	61759635900	36523201.55	NGN	11/09/1963	15-Jun-2024
584	NXB00000584	 Katie 	joyce	wpierce@example.org	94551588863	United States	Mitchellmouth	Corporate	FAILED	84750178441	46268506.76	USD	2000-06-06	15-Feb-2019
585	NXB00000585	ERIC	MARKS	iroberts@example.com	21696663093	United States	New Ashleychester	Current	EXPIRED	34463180043	29054801.34	USD	1964-12-07	18-Sep-2023
586	NXB00000586	 Sonia 	NGUYEN	garrettgarrett@example.net	50968832753	Ghana	West David	Business	FAILED	67395112231	37768488.95	GHS	1979-03-20	2018-10-14
587	NXB00000587	 Calvin 	johnson	rstevens@example.net	32781952371	Nigeria	Camachofort	Current	VERIFIED	76126854289	32408299.66	NGN	11/13/1989	02/04/2015
588	NXB00000588	MICHELLE	jones	trosario@example.net	98077046056	Kenya	Cobbville	Current	 Verified 	67641165632	44448701.89	KES	28-Apr-1981	2023-09-14
589	NXB00000589	 Dustin 	Baker	bowenmichael@example.net	23734151773	South Africa	Hannahmouth	Current	PENDING		38116411.56	ZAR	1990-05-02	06/05/2019
590	NXB00000590	Kristin	lyons	brooke22@example.net	03595442947	Germany	Lake Linda	Corporate	under review	56573915063	40041588.35	EUR	08-Aug-1988	2024-07-06
591	NXB00000591	david	lawson	oscott@example.org	94290458867	UAE	Dawnshire	Savings	EXPIRED	44611778668	32571628.98	AED	01/03/1985	2023-07-31
592	NXB00000592	 Melissa 	EDWARDS	nicholas72@example.net	27601534332	Kenya	Lake Jamesfort	Corporate	under review	32359310886	42027326.91	KES	1994-03-16	07/06/2019
593	NXB00000593	STEPHEN	 Durham 	larsenmegan@example.net	35061581488	South Africa	South Ashleybury	Current	pending	33971734288	38453515.7	ZAR	1982-10-30	07/19/2022
594	NXB00000594	John	robles	hannahcurtis@example.org	72094841312	Kenya	East Jeremyshire	Current	EXPIRED	70517966200	37008117.81	KES	2001-05-11	26/12/2020
595	NXB00000595	kathleen	 Woods 	herrerakimberly@example.com	37171731893	UAE	Ashleyshire	Business	 Verified 	35899541983	36039183.27	AED	07/11/1986	2024-11-30
596	NXB00000596	Russell	STEIN	mwaters@example.net	04694725878	South Africa	Michellebury	Savings	failed	94033529640	48930541.23	ZAR	1980-03-02	04/08/2019
597	NXB00000597	 Matthew 	byrd	connie12@example.com	58772216417	Nigeria	East Kimberly	Savings	UNDER REVIEW	81327630748	8539100.92	NGN	03/07/1972	18-Apr-2021
598	NXB00000598	kathryn	LEWIS	luke87@example.org	93925236229	South Africa	Valdezchester	Corporate	PENDING	66314090950	23838060.88	ZAR	1998-07-30	02/05/2019
599	NXB00000599	KIMBERLY	Adams	thomas45@example.org	55574696606	South Africa	Debbieberg	Savings	verified	97529774214	42620246.85	ZAR	08/02/1999	2024-07-13
600	NXB00000600	THERESA	WANG	cardenasjames@example.net	45056658833	Ghana	Gatesville	Corporate	VERIFIED		46877329.74	GHS	01/01/1967	27-Jan-2022
601	NXB00000601	CHARLES	MARTIN	ldavid@example.com		Nigeria	Port Donnafort	Savings	EXPIRED	62223941999	7936020.71	NGN	06/06/1967	03/03/2021
602	NXB00000602	John	Benitez	dbrown@example.net	48574172156	South Africa	Audreyside	Savings	VERIFIED	29145432108	26058836.95	ZAR	05-Aug-1989	05/03/2021
603	NXB00000603	CHRISTOPHER	SANCHEZ	angela40@example.org	55732573755	South Africa	Cassandratown	Corporate	PENDING	65843947466	46884431.42	ZAR	1990-09-29	24/01/2023
604	NXB00000604	 Donald 	 May 	ffoster@example.org	85096085874	UAE	Lake Charlesland	Current	VERIFIED	16689279773	26753996.82	AED	1997-09-16	2017-09-10
605	NXB00000605	terri	 Norman 	laurenmathis@example.org	93164772512	Kenya	Rosechester	Current	failed	45564953583	11307930.53	KES	09/01/1996	01/25/2022
606	NXB00000606	 Pamela 	MORALES	adam60@example.org	56243958739	South Africa	East Kendra	Savings	 Verified 	51860377644	40620069.43	ZAR	09/26/2001	05/06/2018
607	NXB00000607	JAMIE	WHITE	fergusonshirley@example.org	85155333426	South Africa	Port Michael	Current	FAILED	59214008831	12807878.83	ZAR	11-Mar-1968	23/05/2021
608	NXB00000608	DERRICK	nolan	ymartinez@example.org	36077633691	Ghana	East Katherineville	Corporate	EXPIRED	27183172707	45955394.94	GHS	03/04/1973	18-Mar-2019
609	NXB00000609	Shelia	YANG	kara56@example.org	18574817006	Nigeria	West Michaelport	Business	UNDER REVIEW	69116351992	13164188.42	NGN	1993-10-25	06/11/2022
610	NXB00000610	MARY	hamilton	jerome16@example.com	45023290282	Germany	North Caitlynborough	Corporate	failed	82580057187	27565825.32	EUR	01-May-1965	21/10/2024
611	NXB00000611	 Michelle 	 Guerrero 	christina26@example.org	82251207346	Kenya	Anthonytown	Current	FAILED	31306174047	11925643.64	KES	21/09/1961	10/07/2019
612	NXB00000612	 Martin 	Oneal	mossdrew@example.com	86982210531	South Africa	South Stevenchester	Savings	 Verified 	88910717772	15865391.12	ZAR	18/08/1996	08/04/2024
613	NXB00000613	melissa	 Herrera 	melodypacheco@example.org	77425859177	Nigeria	East Zachary	Current	 Verified 	69963095025	28401939.35	NGN	1965-10-11	22/04/2019
614	NXB00000614	 Linda 	thomas	pauljennifer@example.com	33424579889	Ghana	Robertberg	Current	UNDER REVIEW	93223389486	49270702.99	GHS	10/04/2000	08/05/2021
615	NXB00000615	 Beth 	 Michael 	adkinslauren@example.net	32020326509	Nigeria	Jacobshire	Corporate	EXPIRED	93541150367	9770907.41	NGN	07/02/2001	20-Feb-2015
616	NXB00000616	RICHARD	Haney	ihowell@example.com	48552457871	Nigeria	Bryanstad	Current	verified	37175849910	30354565.55	NGN	06/19/1993	2023-07-29
617	NXB00000617	RONALD	JOHNSON	codyhester@example.org	84254768182	Nigeria	East Mary	Savings	failed	15572680745	32792386.46	NGN	11/07/1989	06/22/2019
618	NXB00000618	JEFFREY	Smith	alicia29@example.net	85838252129	UAE	Garrisonview	Current	VERIFIED	52394398955	36688914.86	AED	1985-04-19	10-Jun-2017
619	NXB00000619	 Brandon 	Costa	hphillips@example.com	75240148439	Nigeria	Port Robertberg	Current	PENDING		23768827.07	NGN	27/06/1961	24-Mar-2022
620	NXB00000620	timothy	Martin	petermoore@example.com	93351342619	UAE	Thomasview	Savings	UNDER REVIEW	98946285703	7990917.35	AED	04/06/1983	14-Aug-2017
621	NXB00000621	 Kathleen 	 Smith 	meyeralexandria@example.net	37418972154	UAE	Danielmouth	Corporate	pending	92043774837	47192221.99	AED	22/01/1985	2016-05-27
622	NXB00000622	ronald	JACKSON	oblake@example.net	19953766014	South Africa	Robertview	Savings	EXPIRED	60074515841	12677242.5	ZAR	2001-12-14	12/01/2020
623	NXB00000623	Tonya	 Miller 	marqueztodd@example.net	39641789969	Ghana	New Danielville	Current	failed	48683600326	12771486.3	GHS	19-Feb-2002	03-Jul-2020
624	NXB00000624	BARBARA	wilson	michaelchambers@example.net	60577980660	Nigeria	North Crystal	Corporate	pending	24623093159	1130270.12	NGN	04/04/1982	07/24/2020
625	NXB00000625	Mark	CARTER	upham@example.com	55534705742	South Africa	Joystad	Current	under review	34323434487	48316909.94	ZAR	30-Jul-1966	2024-05-06
626	NXB00000626	kimberly	 Jackson 	vgates@example.com	54116597263	South Africa	Matthewmouth	Savings	FAILED	52933809431	14115552.83	ZAR	14-Feb-1980	2021-03-02
627	NXB00000627	 Paula 	 Fischer 	marcusrodriguez@example.net	88488269131	Germany	Phelpsberg	Current	FAILED	78019142319	20970173.24	EUR	1963-06-02	27/10/2023
628	NXB00000628	Jennifer	PATEL	yanderson@example.org	99153703824	South Africa	Port Heather	Corporate	FAILED	89621018142	17682107.46	ZAR	08-Jan-1972	04/20/2019
629	NXB00000629	Jeffery	GOLDEN	nwong@example.org	43097768893	Nigeria	Burtonfurt	Business	UNDER REVIEW	53359568256	44812278.2	NGN	08-Apr-1980	16/01/2018
630	NXB00000630	JULIE	 Mann 	linda46@example.com	35851253892	South Africa	Nicholsville	Savings	EXPIRED	77951786384	633295.65	ZAR	1972-10-14	08/04/2021
631	NXB00000631	Lindsay	Munoz	jennifer83@example.com		United States	Audreyton	Business	verified	46677200677	49243246.08	USD	02/21/1994	10/10/2021
632	NXB00000632	steve	 Kim 	kbrown@example.org	80572151494	Nigeria	Jordanberg	Corporate	 Verified 	40236164252	25930205.16	NGN	21/01/2001	04-Sep-2022
633	NXB00000633	 Valerie 	LEWIS	scollins@example.net	53986289509	South Africa	Port Tiffanyland	Current	under review	32856510077	30599984.58	ZAR	1975-02-27	15-Apr-2019
634	NXB00000634	alyssa	cross	johnguzman@example.org	07151169666	United Kingdom	Isaacport	Business	under review	36337388640	3246941.69	GBP	07/07/1968	13-May-2018
635	NXB00000635	MICHAEL	 Mann 	victor24@example.com	35157184090	UAE	Codytown	Corporate	VERIFIED		25526661.71	AED	22/02/1987	06/24/2015
636	NXB00000636	TAMARA	Rice	murphykevin@example.net	12397283512	Nigeria	South Jasmine	Current	verified	36164406092	34197098.27	NGN	11/03/2000	03/02/2024
637	NXB00000637	Nichole	Thompson	lisawallace@example.net	81441529821	Ghana	New Samantha	Savings	UNDER REVIEW	41779926315	9730300.74	GHS	1965-05-08	30/08/2021
638	NXB00000638	sharon	mcfarland	hbowers@example.net	53523736050	Nigeria	Port Aprilmouth	Savings	UNDER REVIEW	92574570034	45296699.56	NGN	1990-06-02	03/05/2020
639	NXB00000639	 Rhonda 	HART	psherman@example.org	52734666617	Nigeria	West Annafurt	Current	FAILED	70472831396	37660393.75	NGN	22/12/1972	2023-05-14
640	NXB00000640	kevin	Gay	kelli08@example.org	14998250800	UAE	West Tamara	Corporate	EXPIRED	64992359660	49891207.47	AED	07/12/1965	01/06/2017
641	NXB00000641	BRIAN	Bryan	hrodgers@example.org	03172351373	Ghana	North Sandraborough	Current	VERIFIED	20240779613	37123225.01	GHS	1973-07-05	15-Jun-2016
642	NXB00000642	RACHEL	wilson	adam35@example.org	35602293946	Kenya	Lake Jill	Corporate	PENDING	16018472261	16866882.97	KES	1996-06-13	05/31/2019
643	NXB00000643	JOSEPH	Vaughn	ycolon@example.com	74906072311	Nigeria	Jonesside	Savings	 Verified 	81858814522	44411421.65	NGN	08/12/1963	2017-12-25
644	NXB00000644	mark	HARDING	stephanie64@example.net	49411631873	South Africa	South Timothyville	Savings	 Verified 	43246396643	32135179.69	ZAR	03-Jun-1966	2016-07-08
645	NXB00000645	jeremy	 Whitaker 	christophersteele@example.org	69572790833	South Africa	East Matthewview	Business	pending	59810693438	11947628.19	ZAR	01/10/1965	2019-05-27
646	NXB00000646	SANDRA	bell	rachelbrown@example.com	48132357071	Nigeria	Angelaberg	Corporate	UNDER REVIEW	78494086982	46755015.5	NGN	04-Sep-1989	21-Nov-2017
647	NXB00000647	Amy	Stewart	cohenrobert@example.net	92550213060	South Africa	Mackville	Business	failed	56925648170	11643888.31	ZAR	1964-01-23	2021-04-02
648	NXB00000648	 Melody 	Gill	elliottcharles@example.net	96496737945	South Africa	South Amanda	Business	PENDING	49562495846	44372593.7	ZAR	30-Nov-1997	19-Jul-2023
649	NXB00000649	michael	Thomas	sylviaprice@example.com	50642076836	Ghana	South Robert	Current	verified	93723186718	25004557.44	GHS	15/02/1974	2019-04-06
650	NXB00000650	 Robert 	quinn	dfarley@example.com	56283333939	Nigeria	Brooksport	Business	PENDING	11817016800	22658424.98	NGN	17/04/1973	09/07/2024
651	NXB00000651	JASON	thomas	danielsshaun@example.net	03358268627	Germany	Bradleyburgh	Current	UNDER REVIEW	57514741420	25446409.89	EUR	1961-03-21	03/14/2019
652	NXB00000652	JOSHUA	 Reese 	danielleandrews@example.org	65732759980	South Africa	North Alanton	Corporate	verified		16143652.75	ZAR	03-Jun-1962	26/11/2020
653	NXB00000653	Martin	Davis	james23@example.com	59597752441	South Africa	East Robert	Savings	FAILED	88362945139	16656664.24	ZAR	04-Nov-1979	20/08/2015
654	NXB00000654	AMANDA	Montgomery	annafuller@example.net	31271026767	Nigeria	Sarahshire	Corporate	pending	53183380321	36272755.44	NGN	1965-07-10	04/07/2023
655	NXB00000655	 Ashley 	west	wallerstacey@example.net	51512294621	Ghana	Jenniferland	Corporate	UNDER REVIEW	83542962716	12135047.37	GHS	11-Jul-1999	01/01/2023
656	NXB00000656	 Michael 	TERRELL	lsmith@example.com	54384807520	Nigeria	Shanechester	Business	EXPIRED	21729712765	27332013.75	NGN	1970-12-17	2024-01-14
657	NXB00000657	Matthew	 Nelson 	vhopkins@example.net		South Africa	East Monicatown	Corporate	FAILED	36701871277	42590288.77	ZAR	11/06/1966	05/21/2017
658	NXB00000658	Jessica	Smith	egonzalez@example.com	04655866525	Nigeria	South Juan	Savings	 Verified 	86744954615	46117189.29	NGN	06/14/1974	07/23/2023
659	NXB00000659	 Christopher 	 Cole 	trujillorobin@example.net	02131251293	UAE	Lake Alexandermouth	Current	failed	70839663022	23933189.17	AED	08/15/1970	05-Jul-2017
660	NXB00000660	molly	WILLIAMSON	brandisheppard@example.com	19102312110	South Africa	North Jennifer	Savings	failed	18590505800	21452351.78	ZAR	06/21/1968	07/15/2023
661	NXB00000661	Paul	 Garrett 	thomasgonzalez@example.com	74907280123	Kenya	Lake David	Savings	pending	81257757913	7892864.54	KES	1987-04-12	20/12/2023
662	NXB00000662	Kathleen	Lopez	katelyn32@example.com	96843645380	Ghana	North Bryan	Business	 Verified 	65390901104	3350158.05	GHS	15/07/2001	18/08/2018
663	NXB00000663	troy	orr	harveylisa@example.org	01595919457	South Africa	Victorfort	Savings	VERIFIED	65114473221	39535819.86	ZAR	01/11/1971	07/21/2022
664	NXB00000664	lawrence	duarte	jeremyjackson@example.net	67756777226	Nigeria	Port Levi	Corporate	EXPIRED	72137179162	11308024.53	NGN	2002-02-17	2019-08-24
665	NXB00000665	 Veronica 	CHEN	bdiaz@example.net	29231067245	Ghana	Myersport	Corporate	VERIFIED	83904942675	18394558.09	GHS	05/09/1970	2023-12-11
666	NXB00000666	Maria	nash	jeremy79@example.net	66270511579	Ghana	New Sherry	Business	verified	96060809047	23909379.52	GHS	05-Oct-1991	2023-03-01
667	NXB00000667	 Linda 	 Butler 	fryecrystal@example.com	96919284552	Nigeria	Brownmouth	Business	PENDING	66551853611	22945433.73	NGN	06-Mar-1966	2021-05-20
668	NXB00000668	MITCHELL	SANCHEZ	haley57@example.com	95325939933	UAE	Zamoramouth	Current	under review	61462778729	31897490.78	AED	11/08/1995	25-Nov-2024
669	NXB00000669	 William 	Davis	cindymiller@example.com	94176342507	Ghana	West Michaelfort	Business	pending	97985416731	29516797.86	GHS	09/07/1964	01/08/2021
670	NXB00000670	Anna	BOWERS	todd59@example.net	39914038843	United Kingdom	West Joseberg	Business	pending	68008198111	2201894.12	GBP	13-Mar-1993	16-Feb-2024
671	NXB00000671	kenneth	johnson	dmiller@example.org	68297514743	Nigeria	Frankberg	Corporate	under review	37043686148	6814169.75	NGN	06/07/1993	15-Aug-2021
672	NXB00000672	marcus	SMITH	parrishangela@example.com	56806562590	United States	New Brianberg	Savings	UNDER REVIEW	51300052674	28338051.59	USD	03/24/1975	2017-10-27
673	NXB00000673	 Tyler 	 Mcintosh 	edwardmills@example.net	15551651768	Nigeria	Mayfurt	Current	 Verified 	39676587945	40922711.23	NGN	27-Oct-1983	31-Jul-2020
674	NXB00000674	heather	Kelley	olsenshane@example.org	33080037003	Nigeria	New Luis	Corporate	EXPIRED	81925769640	34956122.78	NGN	11/18/1962	06/11/2016
675	NXB00000675	 Paul 	WALTERS	wsmith@example.com	06810390339	Kenya	Jacquelineshire	Business	PENDING	19836003839	19702675.62	KES	21/03/1962	2022-10-28
676	NXB00000676	Nicole	 Hicks 	randyhernandez@example.org	48586239453	United Kingdom	Wilsonport	Business	EXPIRED	94073788966	27055767.47	GBP	07-Jan-1999	2019-05-23
677	NXB00000677	 Shannon 	Griffin	hharris@example.org	13394394570	Germany	Jaytown	Corporate	FAILED	42390825022	48567728.18	EUR	30/05/1998	09/23/2016
678	NXB00000678	KYLE	robinson	michelleclark@example.net		Ghana	Cortezmouth	Corporate	verified	63189695686	7054219.26	GHS	09/06/1964	14-Aug-2018
679	NXB00000679	 Tracey 	Guzman	samanthacastillo@example.net	31910090040	United States	Danielburgh	Business	EXPIRED	54661634969	16725024.39	USD	11-Jan-1994	18/12/2024
680	NXB00000680	Colton	 Richardson 	tashaharmon@example.com	46040142473	Ghana	Thompsonville	Corporate	failed	10024570953	3089004.24	GHS	30/06/1983	14/10/2018
681	NXB00000681	CHRISTOPHER	Young	joseph97@example.org	31660076762	Germany	Lake Bryanview	Savings	under review	58887957114	13140022.86	EUR	10/11/1964	18-Dec-2016
682	NXB00000682	 Jennifer 	Higgins	lauriejohnson@example.com		UAE	East Hannah	Savings	 Verified 	39348318917	10478750.64	AED	27/03/1978	03/11/2015
683	NXB00000683	LISA	FORBES	russomary@example.com	30451957782	UAE	West Jill	Corporate	VERIFIED	44180773453	20706358.28	AED	16-Jan-1962	31-Jan-2024
684	NXB00000684	 Michael 	THOMPSON	wwatson@example.com	78656194255	Nigeria	North Matthew	Current	VERIFIED	83222798659	30767444.36	NGN	12/26/1983	05-May-2015
685	NXB00000685	SAMANTHA	 Mcgrath 	carolfernandez@example.net	92361618808	United Kingdom	West Sarahburgh	Savings	pending	93647195604	24497151.29	GBP	20/11/1997	06-Jul-2016
686	NXB00000686	JODI	sutton	tracy55@example.net	86395613723	Ghana	South Drewland	Business	under review	46977060899	26568024.91	GHS	27-May-1973	23/06/2015
687	NXB00000687	 Heather 	Parker	nturner@example.net	30004132114	Nigeria	Duffyfurt	Savings	pending	75806922279	32190880.71	NGN	10/06/2002	05-Jun-2021
688	NXB00000688	ALEX	harper	paul34@example.com	99070755047	South Africa	South Haleystad	Corporate	VERIFIED		8844996.24	ZAR	04-Sep-1987	01/12/2018
689	NXB00000689	stacy	COHEN	jamessydney@example.org	48113176539	South Africa	Kylemouth	Business	PENDING	30455667823	16940115.44	ZAR	1972-07-29	04/03/2020
690	NXB00000690	JAY	 Jenkins 	suttonbrittney@example.net		UAE	New Seanhaven	Corporate	EXPIRED	84241528009	22120925.41	AED	06-Apr-1976	10-Apr-2016
691	NXB00000691	Howard	hill	isolis@example.net	49187274204	Nigeria	Rodriguezberg	Current	VERIFIED	80870655148	37853423.29	NGN	16-Oct-1965	28/10/2023
692	NXB00000692	TANYA	 Jones 	atucker@example.com	60423597371	United Kingdom	East Joy	Current	FAILED	32418797696	48568165.17	GBP	1979-04-05	07-Apr-2023
693	NXB00000693	Stacey	hart	ycrawford@example.net	08581670468	United Kingdom	North Josestad	Corporate	under review	78026456449	14980509.74	GBP	02/28/1983	09/02/2016
694	NXB00000694	thomas	hunter	rebeccahutchinson@example.org	21923785847	Nigeria	Wilsonton	Savings	UNDER REVIEW	82206833996	46204485.41	NGN	1995-10-22	04/03/2020
695	NXB00000695	Jesse	Hernandez	juliemyers@example.com	80184980425	Nigeria	East Elizabeth	Business	under review	85689596820	29889130.18	NGN	18/01/1961	09/17/2016
696	NXB00000696	 Timothy 	LEWIS	paulschultz@example.net	22821781923	Nigeria	Port Jose	Corporate	pending	12487952241	49044453.17	NGN	08/25/1999	22/07/2017
697	NXB00000697	 Brian 	Reynolds	kimberly03@example.net		South Africa	Peterbury	Business	PENDING	98595242698	22677039.26	ZAR	07-Feb-1990	31/01/2024
698	NXB00000698	KAITLYN	 Anderson 	wlucas@example.net	39847169061	Kenya	Port Darlene	Corporate	EXPIRED	54298121731	10524989.8	KES	1983-07-17	2024-03-06
699	NXB00000699	MIKE	Long	vsantos@example.com	47876989992	UAE	Lake Tracymouth	Savings	UNDER REVIEW	93726575652	3374867.77	AED	23-Jan-1986	22/02/2019
700	NXB00000700	Amanda	 Jensen 	kingjoseph@example.com	98355393543	Nigeria	Ramirezchester	Corporate	FAILED	12255388805	43131605.37	NGN	03/10/1960	2019-06-21
701	NXB00000701	ELIZABETH	lopez	leahbarker@example.org	88537982143	Nigeria	Isaacfort	Savings	pending	96018992147	42561367.74	NGN	1993-02-11	2021-02-19
702	NXB00000702	 Nicholas 	MYERS	sarah78@example.com	49141686013	Nigeria	Donovanside	Current	VERIFIED	12097895374	45812714.61	NGN	1977-05-28	2024-10-16
703	NXB00000703	 Brandy 	hill	dgonzalez@example.com	91766512215	Nigeria	West Danielside	Current	under review	93980694942	44726545.85	NGN	16-Jan-1970	03/12/2022
704	NXB00000704	JOSEPH	bowers	qharris@example.net	01594463339	South Africa	Sarahstad	Business	VERIFIED	76231501511	16731229.77	ZAR	03/12/1982	09/01/2024
705	NXB00000705	MARY	 Hernandez 	kathryn26@example.org	21994711363	Nigeria	East Samantha	Corporate	FAILED	26062039858	38414136.8	NGN	09/03/1997	15-Feb-2016
706	NXB00000706	Joshua	 Smith 	ryan96@example.com		Ghana	East Craig	Savings	UNDER REVIEW	96444713856	5133900.43	GHS	06/17/1981	16-Oct-2020
707	NXB00000707	Christopher	Marquez	yhernandez@example.net	08437685507	United Kingdom	Masseyborough	Current	verified	22764035438	15912484.22	GBP	03/11/1973	2015-07-30
708	NXB00000708	Nathan	WARNER	zjackson@example.org	55643436970	Germany	South Jennifertown	Current	under review	24791736758	16552817.71	EUR	23/08/1993	2024-03-09
709	NXB00000709	 Paul 	 Reed 	bsmith@example.net	61645345472	United Kingdom	Port Barry	Savings	 Verified 	96896297016	48689375.26	GBP	29-Jan-1996	02/01/2019
710	NXB00000710	 Patrick 	Williams	christophermoon@example.org	41847242642	Kenya	Garrettland	Savings	FAILED	69512032272	47712052.72	KES	1996-07-13	29/09/2015
711	NXB00000711	 Jesse 	davis	armstrongkrista@example.net	48762303911	Nigeria	New David	Corporate	PENDING	38612664857	43495900.1	NGN	05/12/1975	08/02/2019
712	NXB00000712	steven	 Hodges 	ericfrederick@example.org	52480880622	United Kingdom	Port David	Current	verified	63725934704	48105729.79	GBP	09/20/1994	2022-12-20
713	NXB00000713	Michelle	Flowers	steven72@example.net	32901620478	Nigeria	Onealmouth	Current	FAILED	32448244206	15354252.19	NGN	10-Nov-1976	10-Oct-2015
714	NXB00000714	 Suzanne 	 Harding 	kristin96@example.com	28720319541	South Africa	Bennettstad	Savings	EXPIRED	39679864787	15344609.89	ZAR	25/08/1995	29/06/2024
715	NXB00000715	ANDREW	Freeman	lewiskimberly@example.org	92463203747	United Kingdom	Watsonborough	Business	PENDING	97116691878	4575388.61	GBP	17/02/1988	2018-01-01
716	NXB00000716	STEVEN	perry	sanchezdustin@example.net		Ghana	West Nathanielstad	Current	verified	61943520604	28444931.14	GHS	22-Mar-1963	2024-12-29
717	NXB00000717	Steven	 Hughes 	smiller@example.com	07155348201	Nigeria	Brianhaven	Corporate	VERIFIED	90338365716	13129704.28	NGN	03/25/1985	13/10/2022
718	NXB00000718	jeffery	meyer	westmatthew@example.net		Germany	Reedmouth	Corporate	failed	98753085053	49847574.98	EUR	1969-01-10	02/08/2024
719	NXB00000719	JUSTIN	 Williams 	stephensonkatherine@example.com	89812657422	Ghana	Hillbury	Current	verified	66644638378	19167023.2	GHS	1980-08-14	22/09/2021
720	NXB00000720	BOBBY	turner	jameshudson@example.com	68943012047	Ghana	Hermanburgh	Business	under review	43995828407	14255299.69	GHS	1996-05-23	07/04/2016
721	NXB00000721	Sandy	SNYDER	caldwelllisa@example.com	74988558298	Nigeria	East Lisa	Savings	FAILED	73244243951	48611489.11	NGN	11/02/1984	28/12/2024
722	NXB00000722	RYAN	 Nelson 	victor60@example.net	41283337218	Kenya	Newtonchester	Corporate	pending	53259627078	7911136.83	KES	27-Aug-1973	18/02/2024
723	NXB00000723	ashley	evans	franciscoolson@example.net		Nigeria	Port Leeton	Current	UNDER REVIEW	70398695337	15550249.9	NGN	27-Sep-1977	14-Nov-2019
724	NXB00000724	RYAN	BRIGGS	robertgood@example.com	14377693663	Nigeria	West Erik	Corporate	FAILED	62090397114	11300171.55	NGN	17-Jun-1985	30/03/2023
725	NXB00000725	mark	bennett	garciachristopher@example.net	28671200720	United States	Erikastad	Corporate	EXPIRED	48142739763	40688694.0	USD	1973-05-24	04/18/2015
726	NXB00000726	Elizabeth	MILLER	patriciarivera@example.org	09032671494	United States	Port Cheyenneberg	Current	UNDER REVIEW	20064289786	36566064.42	USD	05-May-1969	28-Sep-2023
727	NXB00000727	 Calvin 	 Obrien 	eric81@example.com	40652775844	United States	Port Tracey	Current	 Verified 	42366631646	28846814.16	USD	27/06/1973	06/20/2023
728	NXB00000728	Kyle	 Nguyen 	stevenwarner@example.org	09121722145	Nigeria	Lake Timothy	Savings	UNDER REVIEW	77373596077	14974330.31	NGN	03/16/1997	01-Sep-2016
729	NXB00000729	 Robert 	 Spears 	sharon37@example.net	52635100462	Nigeria	Bowersmouth	Business	FAILED	27452718425	43805004.32	NGN	12-May-1960	27-Feb-2015
730	NXB00000730	 Shannon 	 Cabrera 	wbarrett@example.net	02461752023	Nigeria	Kruegerborough	Savings	PENDING	15129561811	35069070.79	NGN	31-Jan-1996	2020-08-18
731	NXB00000731	 Jennifer 	butler	welchjennifer@example.net	50178332584	Nigeria	South Kayla	Savings	failed	88194734765	4673232.76	NGN	1964-02-17	10/21/2017
732	NXB00000732	JESSICA	WILLIAMS	amber70@example.com	06917679935	Ghana	Bakerton	Corporate	PENDING	83347803258	23077326.31	GHS	12/01/1962	28-Jan-2022
733	NXB00000733	 Lisa 	BARNETT	ralph08@example.org	37360601488	Ghana	Kaylaton	Corporate	PENDING	27189745878	43254379.87	GHS	11/14/1996	2017-09-28
734	NXB00000734	tyler	CARPENTER	kimberly36@example.net	28306153701	Ghana	Lake Kelly	Corporate	VERIFIED	31701584273	10164264.87	GHS	19/04/1968	21-Oct-2024
735	NXB00000735	JONATHAN	Martin	kharris@example.com	44881121031	South Africa	Port Shannonville	Current	 Verified 	23295399554	14819166.91	ZAR	1966-11-18	12/07/2019
736	NXB00000736	Vincent	Conley	edixon@example.net	15152638409	Kenya	East Matthew	Current	VERIFIED	65232919849	21508536.92	KES	03/17/1971	07/08/2024
737	NXB00000737	ALEXA	NORRIS	timothymiddleton@example.net	05661863239	Nigeria	Lake Jeremyfort	Business	FAILED	29701471138	9617366.77	NGN	1967-11-25	06/03/2019
738	NXB00000738	ANGELA	ELLIS	dawn30@example.org	30950556057	Nigeria	New Abigailville	Savings	FAILED	84114067246	15683990.81	NGN	1970-01-11	02/27/2017
739	NXB00000739	 Brittany 	KENNEDY	david05@example.org	86401042462	South Africa	Zavalahaven	Current	 Verified 	46926861221	17108985.62	ZAR	28/07/1998	14-Aug-2022
740	NXB00000740	 Michael 	Jimenez	richard04@example.com	12899151145	Ghana	New Jason	Business	pending	67736036063	39756038.37	GHS	09-Oct-1967	18/07/2021
741	NXB00000741	LAUREN	Hall	larry88@example.org	84160461540	Ghana	New Adamfort	Current	under review	73352288891	32014541.27	GHS	03/29/1981	07-Feb-2018
742	NXB00000742	Brad	 Pacheco 	qweaver@example.org	15229107322	Nigeria	Smithhaven	Savings	UNDER REVIEW	34431310997	49865301.21	NGN	18-Feb-1978	17-Feb-2024
743	NXB00000743	 Nancy 	ray	travisyoung@example.com	96384526969	South Africa	New Melissa	Business	FAILED	99646006716	25789402.05	ZAR	17/10/1987	02-Sep-2019
744	NXB00000744	David	fisher	hsmith@example.com	42929132033	Nigeria	Andersonborough	Current	under review	90955821462	35049475.08	NGN	22-Feb-1967	05/11/2024
745	NXB00000745	 Joshua 	 Rodriguez 	pearsonjennifer@example.net	61537221556	Germany	Scottborough	Business	FAILED	37221777037	28279054.29	EUR	06/05/1991	05-Jun-2016
746	NXB00000746	 Michaela 	 Thomas 	qgomez@example.net	77460406720	United Kingdom	Jamesville	Current	failed	53393161643	24003642.91	GBP	10/01/1967	06/09/2024
747	NXB00000747	nicole	Taylor	gregory07@example.net	97543734764	Nigeria	South Rebecca	Business	FAILED	67065594930	27652173.77	NGN	09/06/1982	2017-10-06
748	NXB00000748	andre	Young	jcruz@example.net	14584148460	Ghana	East Rachelview	Corporate	pending	42808892179	30987600.23	GHS	1993-09-25	2019-08-28
749	NXB00000749	LISA	TODD	courtneymadden@example.org	05869507321	Ghana	Heatherview	Corporate	PENDING	38586351799	34884591.08	GHS	1963-12-19	2017-09-29
750	NXB00000750	 Brenda 	FULLER	cody79@example.org	50557385736	Kenya	North Annetteberg	Corporate	 Verified 	13321155158	47177750.07	KES	14/04/1972	19/02/2024
751	NXB00000751	jesse	 Delacruz 	stuartnichols@example.net		Kenya	North Erinside	Business	pending	23778282691	7024838.13	KES	29-Jun-1965	06/20/2019
752	NXB00000752	 Scott 	 Taylor 	jefferydavis@example.com	96149731539	South Africa	Kylieside	Current	UNDER REVIEW	47119015544	41997266.86	ZAR	08/01/1993	11-May-2019
753	NXB00000753	julie	MAYS	bradleybarker@example.net	07365118939	Ghana	Hortonstad	Corporate	 Verified 	90773413059	31715153.86	GHS	1973-06-25	31/05/2017
754	NXB00000754	KAREN	HAWKINS	anthonydavis@example.net	43223023332	UAE	Lake Shannonberg	Current	under review	88564107152	23278146.95	AED	30/10/1987	2020-01-24
755	NXB00000755	anthony	Swanson	michaelsherman@example.com	21276025082	Ghana	Port Ericland	Current	pending	14771440456	5691523.36	GHS	1977-06-23	26-Nov-2016
756	NXB00000756	 Eric 	rodriguez	hollymartin@example.net		Germany	Oliviaburgh	Business	pending	21829845760	10137027.31	EUR	22-May-1970	01/18/2018
757	NXB00000757	 Maria 	wheeler	stephaniecoleman@example.net	45493036468	Kenya	Port Heatherton	Business	PENDING	26297536506	14431618.81	KES	11-Jan-1997	2015-12-29
758	NXB00000758	jerry	GRAVES	castroralph@example.net	08283230898	Nigeria	West Alicialand	Savings	failed	86917322545	5011474.39	NGN	1977-12-18	2018-03-04
759	NXB00000759	jordan	RIVERA	mariawilliams@example.com	23182971681	Germany	Lake Joshua	Current	PENDING		28310151.55	EUR	20/07/1999	26/07/2024
760	NXB00000760	MELANIE	JOHNSON	deleonkimberly@example.net	01529113717	United States	Port Crystaltown	Savings	FAILED	28433905453	6538698.0	USD	12/06/1997	22-Nov-2017
761	NXB00000761	JENNIFER	mcneil	nicholas18@example.net	44218299874	Nigeria	East Gregoryport	Business	FAILED	66155353656	3538478.75	NGN	1981-06-11	2020-06-12
762	NXB00000762	WALTER	Kramer	nicolas08@example.com	00900436551	Nigeria	Alyssafurt	Corporate	verified	22385653488	39640426.69	NGN	03/15/1965	10/31/2024
763	NXB00000763	Nicholas	MARTINEZ	rhernandez@example.net	55054296080	Germany	Clarkchester	Current	failed	74021694000	33615841.82	EUR	03/11/1960	2020-11-03
764	NXB00000764	 Carrie 	Mendez	ymontgomery@example.org	21040164818	Nigeria	Connieview	Business	 Verified 	78327083978	46727387.82	NGN	05/15/1963	22/11/2019
765	NXB00000765	Suzanne	 Schneider 	pjimenez@example.net	63816432126	UAE	New Ashley	Current	pending	40372924649	27928333.08	AED	1963-07-29	22/02/2022
766	NXB00000766	 Elizabeth 	CROSS	bevans@example.org	25863144170	Nigeria	Moorestad	Business	 Verified 	96970955682	8011712.0	NGN	17-Aug-1975	2024-11-01
767	NXB00000767	Katherine	cline	lopezkristina@example.net	58243017646	Nigeria	Port Jeremiahville	Business	VERIFIED	93369458313	33341242.57	NGN	09/09/1989	2019-05-11
768	NXB00000768	Micheal	hawkins	mariahill@example.net	79050404333	Ghana	Port Alicia	Business	 Verified 	99153470503	25093981.54	GHS	1973-12-27	01/09/2015
769	NXB00000769	BRENDA	 Stephenson 	fosterjeffrey@example.org	11978718093	South Africa	Lake Erikafort	Business	PENDING	61152295429	21582981.98	ZAR	12-Feb-1987	09/06/2020
770	NXB00000770	Jay	 Sullivan 	yvonne06@example.org	19875617868	Nigeria	East Jasontown	Corporate	UNDER REVIEW	65478154995	10806257.15	NGN	30-Apr-1976	12/10/2024
771	NXB00000771	WENDY	 Johnson 	cookrobert@example.net	98036577449	UAE	New Erinfurt	Current	under review	28915926479	38140871.48	AED	21/03/1976	2019-02-12
772	NXB00000772	MICHEAL	CONNER	normajones@example.net		Nigeria	Port Davidhaven	Savings	failed	24063674496	42022195.07	NGN	24/03/1960	16/09/2020
773	NXB00000773	 Danielle 	ANDREWS	ryanjeremiah@example.com		UAE	Coopertown	Savings	VERIFIED	67603457377	27304021.3	AED	24-Aug-1962	2024-01-08
774	NXB00000774	 Brenda 	 Avila 	ulee@example.org	99821374556	Kenya	Sarahport	Current	FAILED	23363020565	17883130.5	KES	07/24/1995	07/27/2016
775	NXB00000775	david	Herrera	gallegoscrystal@example.com	76660811260	Nigeria	New Nicolestad	Savings	PENDING	75617299161	16673736.74	NGN	12/23/1966	06-Jan-2019
776	NXB00000776	Peter	 Wilkerson 	meyerskathryn@example.com	71531234550	Nigeria	South Ashley	Savings	FAILED		18964772.87	NGN	1995-01-25	2022-11-25
777	NXB00000777	Todd	boone	phines@example.org	84401348087	United States	Johnside	Business	EXPIRED	31164076670	8654233.26	USD	11/06/1988	2024-04-04
778	NXB00000778	Jill	 Rice 	owilliams@example.net	91015709085	Germany	Port Keithshire	Savings	pending	73390156223	26447447.19	EUR	04/23/1961	2021-01-22
779	NXB00000779	HUNTER	Smith	lbraun@example.org	99969964899	UAE	Dustinstad	Business	FAILED	19883932175	30856589.24	AED	02/05/1999	2023-10-28
780	NXB00000780	 Beth 	 Walsh 	dylancunningham@example.com	84993231234	United States	Elliottton	Business	 Verified 	16659787804	9176665.64	USD	10/11/1988	03/04/2015
781	NXB00000781	RICKY	lyons	omoore@example.org	60723483893	Nigeria	Debrahaven	Corporate	PENDING	23511576149	11484972.0	NGN	20/08/1989	10/23/2017
782	NXB00000782	DILLON	Prince	hufftina@example.org	61299650826	UAE	South Donna	Business	PENDING	88907489209	28822170.81	AED	1991-04-21	09-Feb-2021
783	NXB00000783	 Clayton 	 Pierce 	ocooper@example.org	08761238595	Nigeria	Port Joseph	Savings	failed	79377578227	30582976.13	NGN	14/05/1984	02/03/2015
784	NXB00000784	 Amber 	 Allen 	melissa40@example.org	73008696610	Nigeria	North Christopher	Current	FAILED	58418748700	22480582.61	NGN	1961-12-09	23-Jun-2019
785	NXB00000785	james	 Salazar 	williamscarl@example.net	94149150762	Nigeria	Mayberg	Savings	failed	16665089408	7430664.01	NGN	1969-11-12	28-Sep-2020
786	NXB00000786	brent	 Richardson 	joseph77@example.com	62072662925	Nigeria	Lake Moniquefort	Business	failed	71423589948	38806664.09	NGN	05/18/1982	2018-08-16
787	NXB00000787	sandra	Leblanc	arianarandolph@example.org	06884133373	Kenya	Michaelburgh	Current	FAILED	80014330059	735987.47	KES	06-Jun-1961	24/11/2015
788	NXB00000788	James	Moon	irodriguez@example.org	03211920613	United Kingdom	Davidfort	Current	under review	25463396639	16717594.02	GBP	01-Mar-1975	22-Feb-2020
789	NXB00000789	 Amy 	bray	nmartinez@example.com	84449029502	UAE	Port Codyview	Corporate	pending	65014204939	1239842.12	AED	06/13/1972	20/02/2019
790	NXB00000790	justin	brown	qharris@example.org	78127782210	Nigeria	Shannonshire	Business	pending	58494976771	9473515.34	NGN	1969-12-20	08/12/2018
791	NXB00000791	AMANDA	white	josearias@example.com		Kenya	New Amy	Corporate	under review	94255389758	4986970.83	KES	1967-01-31	11-Jun-2020
792	NXB00000792	JESSICA	Henry	bhall@example.org	18285605397	Nigeria	Powellville	Savings	under review	85007354917	46416753.68	NGN	1967-12-07	01/11/2019
793	NXB00000793	shawn	 Graves 	fvalencia@example.org	82050682122	South Africa	Emilyland	Savings	under review	23810247589	42030575.4	ZAR	04/21/1986	2020-08-10
794	NXB00000794	Victoria	SHELTON	alexis58@example.com	46921821925	Nigeria	Fischerton	Current	 Verified 	66028206001	5213373.63	NGN	1986-03-30	03/11/2016
795	NXB00000795	angela	 Ferguson 	joe99@example.net	80220509386	South Africa	Deborahport	Corporate	verified	16887851154	602052.44	ZAR	1988-12-25	22-Jan-2017
796	NXB00000796	Nicole	 Morgan 	hollandjustin@example.com	07152386767	Ghana	North Sarah	Business	EXPIRED	78994313146	37128116.39	GHS	16-Nov-1975	11/01/2015
797	NXB00000797	shannon	james	stuartbryan@example.net	79876829968	South Africa	West Zachary	Savings	failed	28112715518	37273541.92	ZAR	19/09/1963	20/04/2022
798	NXB00000798	JAMES	Gamble	gibbsamanda@example.net	62350405669	Kenya	North Emilyburgh	Business	under review	71373473347	36828885.97	KES	08/01/1997	2019-12-24
799	NXB00000799	Joshua	weaver	melissa44@example.org	79632594232	Germany	Kristinebury	Savings	verified	73007513859	48714729.48	EUR	12/03/1979	24/12/2022
800	NXB00000800	 Michelle 	 Lee 	petersonfrank@example.org	28572562926	Ghana	West Alyssa	Savings	 Verified 	33946584337	27911828.85	GHS	04-Nov-1996	2020-05-06
801	NXB00000801	KIMBERLY	wood	michelleayers@example.org	55078468509	Ghana	Mallorybury	Current	FAILED	62028706347	24183791.2	GHS	16/07/1984	09/04/2015
802	NXB00000802	adrian	Parker	richpatricia@example.net	17972038593	South Africa	Port Michaelfurt	Current	 Verified 	36419068058	34355789.96	ZAR	09-Jul-1965	07/27/2021
803	NXB00000803	Kyle	Nguyen	urodriguez@example.org	32593678136	Nigeria	North Susanview	Corporate	FAILED	78339865360	4647508.25	NGN	10/30/1972	19-Oct-2021
804	NXB00000804	stephanie	 Hernandez 	campbellkayla@example.org		Nigeria	Port Michaelmouth	Business	FAILED		28704980.63	NGN	02/16/1984	10/18/2024
805	NXB00000805	Patrick	 Moreno 	hortonalexandra@example.net	92704523888	United Kingdom	East Savannah	Business	pending	98728464885	25359140.04	GBP	18/01/1977	11/14/2021
806	NXB00000806	Angela	DURHAM	ubutler@example.net	78744227585	Nigeria	Jessicachester	Corporate	PENDING	77358020497	20930359.77	NGN	1985-07-28	23-Nov-2024
807	NXB00000807	TAMARA	HOGAN	kristin94@example.org	49116502000	United States	Danielleshire	Savings	failed	32991386088	35166302.54	USD	16-Aug-1977	23/01/2017
808	NXB00000808	Deborah	HALL	davidwiley@example.org	51305570836	Kenya	West Kevinhaven	Current	EXPIRED	54150759980	47181822.49	KES	11/23/1969	25-Jun-2020
809	NXB00000809	 Alicia 	 Reyes 	sthomas@example.org	77462025825	South Africa	New Jefferyburgh	Corporate	failed	72401300010	25809809.52	ZAR	28/05/1986	10/16/2016
810	NXB00000810	Jasmine	MORTON	mclaughlinjames@example.org	39204910601	Nigeria	Bakerburgh	Savings	failed	97646521449	7335444.77	NGN	05/04/1960	06/27/2021
811	NXB00000811	James	TRAN	andrew27@example.com	72257754584	South Africa	Mooreshire	Current	VERIFIED	69555597125	38412824.95	ZAR	03/09/1993	27/10/2024
812	NXB00000812	sheri	Nguyen	dixonkimberly@example.net	68316082717	United Kingdom	Mcdanielborough	Savings	pending	89202846201	38992495.21	GBP	19-Jul-1971	09/19/2024
813	NXB00000813	 Scott 	Love	sararios@example.org	52229993621	Nigeria	Lake Kevinside	Savings	 Verified 	49496019300	44702489.25	NGN	1980-09-12	21-Mar-2018
814	NXB00000814	andrea	Young	markcox@example.org	58446177732	Kenya	North Ashley	Savings	PENDING	17110057451	23218295.61	KES	02/17/1969	04/15/2022
815	NXB00000815	jose	king	ucarr@example.org	79970292712	Nigeria	Lake Rachel	Current	EXPIRED	30963009231	34824068.02	NGN	23-Jul-2001	2018-07-21
816	NXB00000816	 Taylor 	ROSE	nhiggins@example.com	29883220125	United Kingdom	East Benjamin	Corporate	FAILED	97647381051	11375630.12	GBP	22/04/1966	2017-04-01
817	NXB00000817	bradley	JUAREZ	robrien@example.com	53585238600	Nigeria	Tiffanybury	Savings	PENDING	79974371362	45946239.95	NGN	03/09/1965	29-Feb-2024
818	NXB00000818	sandra	brewer	daniel15@example.org	91029295014	Germany	Desireehaven	Corporate	EXPIRED	90211499632	19360770.4	EUR	06/24/2002	02/10/2022
819	NXB00000819	james	 Salazar 	rhondaray@example.com	39719126022	Kenya	North Michelle	Savings	UNDER REVIEW	92691841045	45909048.31	KES	14/12/1999	10/30/2024
820	NXB00000820	 Sandra 	Choi	qowens@example.org	19111661220	Nigeria	South Derekmouth	Savings	verified	39493913914	7705781.24	NGN	19-Nov-1987	2023-07-25
821	NXB00000821	DOROTHY	SCHAEFER	mrandolph@example.net	04936653802	United States	East Kathyport	Savings	verified	56810513505	14942789.04	USD	02/12/1964	2018-11-14
822	NXB00000822	GREGORY	Davis	clarkefelicia@example.net	50952294620	Kenya	Virginiastad	Business	verified	48917777237	3541073.86	KES	1970-11-08	28/11/2018
823	NXB00000823	jennifer	Franco	cochranjill@example.org	99529701371	Ghana	South Savannah	Current	PENDING	98623666908	5599877.22	GHS	02/07/1983	09-May-2020
824	NXB00000824	andrea	FERNANDEZ	iparker@example.org	41202706159	Kenya	New Troy	Savings	verified	65500316423	26057821.42	KES	03/04/1974	28/02/2018
825	NXB00000825	Bruce	GEORGE	ramosjennifer@example.org	69063224815	Nigeria	Port Natalie	Savings	pending	27339649537	44484574.18	NGN	1995-06-14	07/17/2019
826	NXB00000826	CRYSTAL	Smith	antonio01@example.org	67975649157	Kenya	Justinburgh	Corporate	under review	24699075195	4716778.99	KES	16/08/1985	08/04/2024
827	NXB00000827	sonya	king	taylorlisa@example.com	01080181030	Kenya	North Shannon	Current	under review	74706572351	43554363.95	KES	08-Apr-1992	2024-09-12
828	NXB00000828	Joshua	harding	hmartin@example.org	81571290150	Ghana	New Brad	Business	UNDER REVIEW	85778787285	3815205.43	GHS	07/08/1975	02/09/2018
829	NXB00000829	Shawn	wright	vmarquez@example.org	45847436213	United Kingdom	Whiteside	Current	pending	90127483650	38637954.42	GBP	11/03/1982	03/02/2018
830	NXB00000830	 Michele 	 Rhodes 	bsimmons@example.net	70318053396	Ghana	Maryfurt	Business	PENDING	18775968349	34225312.67	GHS	12-Mar-1984	09/10/2019
831	NXB00000831	SAMUEL	hernandez	brenda83@example.org	00046661459	Kenya	North Sergiofort	Savings	 Verified 	82106887859	17378133.2	KES	25/01/1967	02/01/2017
832	NXB00000832	elizabeth	Martinez	benjamin49@example.org	94905315204	Germany	Port Brittanyfort	Business	verified	59984706305	40644803.28	EUR	1991-11-08	05-Nov-2016
833	NXB00000833	Sarah	 Foster 	pfowler@example.org	79716698416	Nigeria	East Todd	Savings	FAILED	72467587069	41000129.62	NGN	2002-03-24	01/01/2021
834	NXB00000834	 Stephanie 	washington	john25@example.com	38994991970	Nigeria	South Melanie	Current	EXPIRED	77831956688	23722564.08	NGN	2001-04-05	10-May-2016
835	NXB00000835	 Stephanie 	 Taylor 	tannerrobertson@example.net	11602041813	Nigeria	Lesterville	Current	VERIFIED	94955452821	3543186.64	NGN	1979-11-08	2016-08-22
836	NXB00000836	Christopher	wallace	simonamanda@example.net	80186448221	Nigeria	New Tonya	Current	failed	51554391352	24698561.04	NGN	1999-11-08	29/11/2018
837	NXB00000837	 Teresa 	BROOKS	ryanbryan@example.org	80675712369	UAE	Davisland	Corporate	verified	90220779479	29336928.75	AED	1981-04-18	21-Mar-2019
838	NXB00000838	 Sarah 	 Dixon 	lcraig@example.com	96882769704	United Kingdom	Jeromeville	Corporate	under review	15566258853	30559155.03	GBP	13/06/1992	11/16/2020
839	NXB00000839	JONATHAN	Tyler	brodriguez@example.org	83274883565	Nigeria	Whiteton	Current	 Verified 	52260871954	47276333.17	NGN	03/04/1990	26-Aug-2022
840	NXB00000840	nicole	howe	mary66@example.net	49604784217	Nigeria	Curtisberg	Savings	pending	41174473486	49211679.29	NGN	1991-07-21	2020-02-22
841	NXB00000841	ernest	 Mahoney 	margaretrussell@example.net	08934868839	Ghana	West Randall	Savings	verified	75861497839	39535246.13	GHS	1986-04-27	05-Dec-2015
842	NXB00000842	EDWARD	 Archer 	eguzman@example.com	91141319359	Nigeria	Rodriguezborough	Current	under review	10038282607	25444008.48	NGN	13/01/1966	11/29/2018
843	NXB00000843	Thomas	 Russell 	petersontina@example.org	58816502544	South Africa	Davidville	Current	FAILED	50023273383	25626204.71	ZAR	01/06/1992	07/01/2019
844	NXB00000844	Roy	 Santos 	heidihill@example.net	61771824989	United States	Port Richardside	Corporate	pending	62622579725	12502066.02	USD	15/03/2000	08/02/2022
845	NXB00000845	dustin	NELSON	hnelson@example.org	59266486989	UAE	Hortonside	Current	verified	78503476558	34787327.08	AED	29/08/1996	30-Sep-2019
846	NXB00000846	 Scott 	Conrad	sbradley@example.org	59450119292	Nigeria	Johnfurt	Business	pending	35347358174	49430813.28	NGN	05/05/1982	2018-04-03
847	NXB00000847	pamela	WILLIAMS	joneschristian@example.net	39886365362	Nigeria	Markton	Corporate	VERIFIED	49025622019	33493715.0	NGN	1976-11-28	2018-08-02
848	NXB00000848	Nicholas	smith	wheelerdenise@example.com	48942046648	South Africa	Jimenezton	Current	EXPIRED		43931875.91	ZAR	12/21/1977	2023-03-08
849	NXB00000849	mark	Graham	alexisgibbs@example.com	65775809745	United States	South Davidstad	Corporate	FAILED	93242433706	35782033.78	USD	05/07/1997	2024-02-08
850	NXB00000850	JONATHAN	SULLIVAN	ologan@example.org		Nigeria	Rogersport	Current	verified	72504849546	26291536.1	NGN	1992-08-13	29-Jan-2024
851	NXB00000851	brian	sanders	cassandra53@example.org	62212242767	UAE	Taylormouth	Business	failed	53226565045	27415879.21	AED	04/25/2002	2022-01-03
852	NXB00000852	Christina	price	millerjuan@example.org		South Africa	West Reneehaven	Corporate	under review	20413996644	12500854.42	ZAR	23/09/1978	2016-11-28
853	NXB00000853	lisa	 King 	aholder@example.net	17986778231	Kenya	Scotttown	Savings	UNDER REVIEW	51111764445	39100585.04	KES	09-Feb-2000	17/08/2023
854	NXB00000854	sarah	NELSON	virginiaortiz@example.com	61212038437	UAE	Reedshire	Savings	VERIFIED		48984169.32	AED	07/17/1990	07/25/2022
855	NXB00000855	jessica	 Delacruz 	murraymichael@example.net	54824218385	Nigeria	Brandonchester	Business	 Verified 	83421024923	29434212.67	NGN	06-Aug-1965	27/07/2016
856	NXB00000856	Jonathan	DELGADO	denise52@example.org	12327489791	South Africa	Duranbury	Savings	under review	77913287649	21643469.51	ZAR	1990-12-15	16/09/2020
857	NXB00000857	elizabeth	 Newman 	tracyjohnson@example.net	21750801963	Kenya	Jenniferborough	Current	under review	81059147062	45349577.24	KES	28-Nov-1989	2015-04-11
858	NXB00000858	arthur	 Lynch 	markgardner@example.org	93534001816	United Kingdom	Willieland	Corporate	 Verified 	34017992029	9611734.68	GBP	23/05/1979	2019-12-24
859	NXB00000859	 Megan 	REED	joshuaking@example.net	44608385179	South Africa	Bushside	Corporate	UNDER REVIEW	32200720658	27739698.49	ZAR	1988-09-29	14-Mar-2020
860	NXB00000860	DANIEL	may	john91@example.org	88486999698	South Africa	West Victoriamouth	Business	UNDER REVIEW	77098070253	24273476.47	ZAR	31/10/1966	14/08/2018
861	NXB00000861	timothy	Warner	cgarcia@example.net	46301986424	Ghana	New Shannon	Savings	UNDER REVIEW	52670791622	6677523.41	GHS	1979-10-10	03/10/2023
862	NXB00000862	ADRIENNE	allen	hernandezdaniel@example.net	06293288098	Ghana	North Bradley	Business	under review	83413070920	26877403.46	GHS	1963-08-08	08-Jun-2024
863	NXB00000863	Daryl	LOPEZ	pamelasmith@example.net		Kenya	Murrayfurt	Savings	pending	45148447581	13853600.66	KES	07/31/1991	11/11/2020
864	NXB00000864	 Danny 	KENT	hespinoza@example.org	43561403845	Kenya	Port Timothychester	Current	VERIFIED	30503922318	29687704.46	KES	1960-10-22	02/21/2016
865	NXB00000865	 Krista 	MIRANDA	jamesparker@example.net		Ghana	Marilynville	Corporate	failed	88043487223	37834647.95	GHS	11/01/1961	02-Jun-2022
866	NXB00000866	austin	 Gonzalez 	bryantkaren@example.org	54596715006	Nigeria	Adamsland	Current	verified	85737401421	1276025.91	NGN	1967-07-17	25/02/2015
867	NXB00000867	Alexander	holland	kerry11@example.net	40785169949	South Africa	West Kendraborough	Corporate	under review	44956278500	35236576.38	ZAR	03/10/1985	01/28/2019
868	NXB00000868	Russell	KELLEY	angela68@example.net	26970838688	Kenya	South Allisonfort	Business	EXPIRED	21555092197	40434600.97	KES	18-Mar-1994	03/06/2018
869	NXB00000869	 Kimberly 	 Jones 	watsonbrittany@example.org	71976093201	South Africa	Shawnhaven	Business	VERIFIED	64633534922	27366132.76	ZAR	02/10/1982	22-Jan-2019
870	NXB00000870	Barbara	GUERRA	omarturner@example.org	95217558517	Nigeria	Janiceberg	Business	under review	68649137286	44868010.6	NGN	24/01/1984	12/20/2018
871	NXB00000871	tracy	Cruz	kristendavis@example.net	41996264222	South Africa	Williamland	Current	UNDER REVIEW	85827278821	47262648.45	ZAR	04/04/1988	01/08/2024
872	NXB00000872	 Shannon 	Shepherd	jennifer54@example.org	85457056820	UAE	Port Molly	Business	FAILED	10662530809	43103495.71	AED	25/05/1996	20-Apr-2020
873	NXB00000873	Tyler	smith	hurleybrandon@example.net	35640723247	Kenya	New Cheryl	Current	under review	85634734944	11312931.63	KES	11-Mar-1997	05/16/2018
874	NXB00000874	Paige	MCCLURE	adam17@example.net	24731261685	UAE	North Kristieside	Business	VERIFIED	52049643542	16296799.75	AED	03-Sep-1962	2023-01-31
875	NXB00000875	 Darlene 	mullins	davisautumn@example.org	71152610537	South Africa	East Bradley	Savings	VERIFIED	37736407631	14378021.72	ZAR	03/02/2001	2021-05-12
876	NXB00000876	 Steven 	pacheco	erin07@example.com	89485432987	United Kingdom	Port Meredith	Business	failed	61204968959	33514238.15	GBP	1990-10-03	2017-09-16
877	NXB00000877	Melvin	LARSON	sue16@example.net	98273481310	Nigeria	East Michaelside	Business	VERIFIED	30085775530	34611819.12	NGN	1988-07-12	13-May-2018
878	NXB00000878	ELIZABETH	Powell	caseystafford@example.org	74835268064	Nigeria	Lake Rubenborough	Current	UNDER REVIEW	27457883230	45488358.01	NGN	06-Oct-1986	08/28/2023
879	NXB00000879	Brianna	robinson	patricia88@example.org	25364628055	UAE	Mcintoshton	Savings	verified	27659511082	12330530.12	AED	1975-10-25	01/30/2018
880	NXB00000880	Phillip	cole	michael56@example.org	92090855107	Ghana	East Coryland	Corporate	under review	35366552258	40403155.67	GHS	1975-06-06	2022-10-05
881	NXB00000881	wendy	Ford	rdavis@example.org	54760220695	Kenya	Hollyland	Business	failed	44704396702	31780076.91	KES	1979-05-08	2023-12-14
882	NXB00000882	 Felicia 	Bolton	estradaian@example.com	00260151532	South Africa	Scottmouth	Business	UNDER REVIEW	43003658844	34587569.45	ZAR	1991-05-02	30/07/2023
883	NXB00000883	ANTONIO	 Campbell 	cgarcia@example.net	27980595031	Nigeria	Robertsborough	Corporate	FAILED	71192334953	12883899.75	NGN	04/13/1964	2024-06-26
884	NXB00000884	 Tara 	mejia	harrisphyllis@example.org	45203608941	South Africa	Courtneyville	Corporate	failed	26677229954	9103091.75	ZAR	1979-01-12	05-Oct-2020
885	NXB00000885	 Stephanie 	 Mooney 	nicole92@example.net	53595205610	Kenya	Hudsonshire	Current	VERIFIED	94134781992	46679011.23	KES	01/06/1979	10/12/2015
886	NXB00000886	Alexander	SMITH	jhahn@example.org	86774037842	Nigeria	Kristopherstad	Corporate	EXPIRED		47080733.28	NGN	09-Dec-1973	14-May-2015
887	NXB00000887	michelle	smith	yhenry@example.org	50325017365	United Kingdom	Whiteville	Corporate	EXPIRED	26337321218	47408320.67	GBP	09/18/2002	02/22/2018
888	NXB00000888	STEPHEN	Scott	burtondoris@example.net	33451100906	UAE	North Dana	Business	verified	51478950276	32685538.18	AED	07/25/1962	02/21/2019
889	NXB00000889	susan	peters	pdixon@example.org		Ghana	North Christopher	Current	verified	45417659686	7059473.78	GHS	24-Mar-1976	14/12/2019
890	NXB00000890	PHILIP	Robinson	christinasmith@example.net	75988759212	Kenya	Collinsfurt	Business	pending	97124431943	13308659.42	KES	2000-02-28	11/05/2020
891	NXB00000891	Brandon	ashley	robertbrock@example.org	27558214770	South Africa	South Dannystad	Savings	VERIFIED	98844301849	42859809.56	ZAR	21/10/1989	2020-06-04
892	NXB00000892	 Meagan 	perez	whiteryan@example.org	92158189705	South Africa	Rodriguezville	Savings	EXPIRED	29778138188	19796429.36	ZAR	02-Feb-1995	2024-01-27
893	NXB00000893	WESLEY	 Lewis 	martin81@example.net	97721688005	United States	North Amy	Current	pending	76586680725	11815106.67	USD	09/30/1987	2016-10-03
894	NXB00000894	NICHOLAS	Bender	znolan@example.net	54018227200	South Africa	New Kelly	Corporate	FAILED	73047531731	22039898.98	ZAR	1981-09-17	2023-09-01
895	NXB00000895	 David 	 House 	derekdougherty@example.org	14474328116	Ghana	Lake Alejandro	Savings	EXPIRED	51418385367	17639726.3	GHS	1986-09-07	03/09/2019
896	NXB00000896	DAVID	burton	andersoncynthia@example.org	23227752135	Nigeria	New Clayton	Savings	 Verified 	99232729000	19175544.52	NGN	03/12/1996	14/04/2021
897	NXB00000897	Matthew	Williams	randy00@example.com	77756919832	Kenya	New Christopher	Savings	 Verified 	55502796234	25398446.6	KES	20/04/1980	07/13/2015
898	NXB00000898	felicia	Hess	harrisonnicholas@example.net	29831043841	South Africa	Martinshire	Corporate	EXPIRED	60162726893	15231073.42	ZAR	02/01/1963	10/09/2017
899	NXB00000899	christopher	melton	barnesalexis@example.org		Kenya	Richardstad	Corporate	 Verified 	14602791733	43631703.46	KES	1974-01-24	09/25/2017
900	NXB00000900	Tanya	butler	wstevens@example.org	36219865504	Nigeria	Kevinton	Current	VERIFIED	40487997420	27003151.23	NGN	07/13/1984	01/21/2019
901	NXB00000901	scott	REYNOLDS	gailjacobs@example.org	96504962732	Nigeria	South Nicole	Corporate	PENDING	99248282963	20848194.68	NGN	1978-08-18	2017-08-31
902	NXB00000902	david	 Phillips 	jonathanfloyd@example.net	58542188087	South Africa	Lake Cindychester	Savings	EXPIRED	81936777355	29829292.83	ZAR	26/09/1973	21/10/2019
903	NXB00000903	dylan	ALLEN	rebecca19@example.net		Nigeria	Bakerborough	Business	verified	17647375387	48342918.13	NGN	2000-12-19	2020-02-14
904	NXB00000904	ANITA	Ballard	jenniferrivers@example.com	25058333430	Ghana	Lake Maryhaven	Savings	 Verified 	71060225411	817778.09	GHS	1976-08-27	2023-07-30
905	NXB00000905	Victor	Johnson	mitchell76@example.net	75769453536	United States	Ritterview	Business	failed	61259318537	21305628.74	USD	03/14/1981	01/12/2021
906	NXB00000906	phillip	 Velazquez 	erivers@example.com	42125450809	Ghana	Williammouth	Corporate	EXPIRED	40400840859	22239944.64	GHS	1992-12-09	19/09/2022
907	NXB00000907	Jacob	 Ross 	marcuscase@example.net	64721307423	Germany	West Hunterville	Savings	 Verified 	64727268806	38363163.94	EUR	13/02/1977	02/05/2021
908	NXB00000908	 Sarah 	MITCHELL	debra93@example.org	61454307963	Nigeria	Lake Rebeccatown	Current	PENDING	76678306019	37498265.86	NGN	1996-12-03	11/10/2016
909	NXB00000909	Amanda	 Parks 	simpsonalyssa@example.com	21158718452	Nigeria	Jocelynburgh	Savings	failed	33112349645	24964834.1	NGN	03/09/1969	04-Jan-2015
910	NXB00000910	 Ryan 	BULLOCK	rgreen@example.net	01732086523	South Africa	Andersonchester	Business	 Verified 	57683869805	9685656.92	ZAR	12/09/1982	06/04/2016
911	NXB00000911	 Richard 	Nguyen	jamessmith@example.com	05278105580	Kenya	South Melissa	Corporate	VERIFIED	47974893593	19720757.99	KES	30/11/1976	26/08/2021
912	NXB00000912	gregory	ANDERSON	jacob73@example.org	09439136817	United States	North James	Savings	failed		27293543.08	USD	10/26/1981	07/03/2019
913	NXB00000913	cindy	bell	aprilmyers@example.net	92973525953	United Kingdom	East Danielle	Savings	 Verified 	61787217109	16826612.43	GBP	02-Jan-1970	2015-09-21
914	NXB00000914	kelli	RAMOS	patriciamorrison@example.org	45735323661	United States	South Randyton	Savings	PENDING	33414712650	6849982.58	USD	14-Jan-1967	2020-05-19
915	NXB00000915	ANDREA	 Stevens 	pauljimenez@example.org	36010712615	Kenya	Lake Christopher	Corporate	VERIFIED	55013226368	34018686.73	KES	03-Aug-1983	03/05/2024
916	NXB00000916	MICHELE	Wade	wleblanc@example.com	67357422332	United States	Lake Danielport	Current	 Verified 	74881732580	6649821.58	USD	09/07/1972	13-Nov-2023
917	NXB00000917	JON	MOORE	jenniferortega@example.net	25606295350	Ghana	Linbury	Corporate	verified	37885143945	31776206.7	GHS	18-Sep-1990	07/23/2019
918	NXB00000918	CARL	holland	nelsongabriela@example.com	13075384185	Nigeria	East Kimburgh	Corporate	UNDER REVIEW	60821502088	22707251.2	NGN	26/12/1967	28/02/2016
919	NXB00000919	 Richard 	BROWN	elizabeth39@example.net	56154705549	South Africa	West Christopherview	Savings	pending	79626827876	42720807.26	ZAR	1991-11-15	05/25/2019
920	NXB00000920	CHARLES	 Knight 	mark40@example.net	96939578752	United Kingdom	Port Derrickview	Savings	under review	78681286536	17728921.24	GBP	09/04/1995	15/04/2016
921	NXB00000921	 Gary 	BRAY	jonesmichelle@example.com	21241393696	Nigeria	Sullivanshire	Current	verified	93623899923	43118650.17	NGN	11-Oct-1974	2021-06-27
922	NXB00000922	STEPHANIE	wells	martintracy@example.com	19227607598	Germany	Wongchester	Corporate	 Verified 	59827533085	37611886.55	EUR	31-Aug-1976	08/24/2020
923	NXB00000923	michael	PITTMAN	sheliacohen@example.net	31916543089	Ghana	North Duane	Current	EXPIRED	48013086509	49959930.85	GHS	10/08/1969	18-Aug-2016
924	NXB00000924	 Eric 	Willis	megan57@example.com	49747000268	Germany	Kylechester	Savings	pending	53741046970	28103747.6	EUR	1999-05-23	21-Jan-2022
925	NXB00000925	tyler	EVANS	twatkins@example.org	36560450063	UAE	South James	Current	FAILED	23045201479	34962568.39	AED	09/22/1977	29-May-2021
926	NXB00000926	Brianna	Hughes	annette92@example.com	11952963530	Ghana	Ballburgh	Current	verified	62888017997	11272588.61	GHS	05/13/1962	05/02/2015
927	NXB00000927	Micheal	RODRIGUEZ	stevencraig@example.com	31594898959	South Africa	Robertchester	Corporate	failed	90694961925	27149776.83	ZAR	30-Jan-1966	2023-03-07
928	NXB00000928	john	COMPTON	nancy43@example.com	14916999393	Kenya	Mitchellshire	Corporate	EXPIRED	39601066297	16766791.01	KES	2002-06-03	11/09/2019
929	NXB00000929	nicole	 Wiley 	andre82@example.org	09586297398	Kenya	Coryburgh	Current	under review	11944852529	24171843.09	KES	1966-02-07	05/15/2020
930	NXB00000930	dale	Smith	sanderson@example.org		United Kingdom	Port Timothyton	Current	 Verified 	34250842736	36881276.59	GBP	24-May-2002	01/21/2016
931	NXB00000931	timothy	turner	james65@example.com	92203004496	Germany	East Jenniferbury	Current	under review	49997618483	45138477.06	EUR	1964-03-22	11-Apr-2022
932	NXB00000932	Ashley	morrow	phyllisbaxter@example.org	13756589635	Nigeria	Maynardside	Savings	 Verified 	47336697273	12610211.01	NGN	14-Jul-1997	30-Jan-2015
933	NXB00000933	SHELBY	ARELLANO	livingstonchelsea@example.org	58434566311	Kenya	Brandonborough	Corporate	verified	57158202853	21118157.46	KES	1972-04-15	14-Nov-2021
934	NXB00000934	KENNETH	white	qmoore@example.net	03347424631	Nigeria	Lake Shannon	Corporate	VERIFIED	50028747280	41625492.22	NGN	08-Jan-1966	28-May-2024
935	NXB00000935	bethany	 Gordon 	iharrington@example.org	85294690217	Nigeria	South Josephton	Savings	verified	96016003102	10381883.15	NGN	12-Mar-1977	30-Nov-2021
936	NXB00000936	kevin	SKINNER	mooreamanda@example.com	22894665275	Nigeria	East Abigail	Current	FAILED	63602415512	35700686.97	NGN	31/05/1979	09/23/2021
937	NXB00000937	eric	 Mcguire 	taylordennis@example.com	33030334677	Germany	Loganstad	Savings	pending	19663884051	41820834.44	EUR	01/15/1988	2021-10-29
938	NXB00000938	Sarah	smith	ethomas@example.net	53024530123	UAE	Lisaburgh	Business	 Verified 	11262961404	19238061.8	AED	03/16/1990	09/29/2020
939	NXB00000939	Jimmy	robinson	brandonfernandez@example.com	90172224050	Nigeria	Donnaside	Current	failed	75320813062	18860887.2	NGN	14/02/2002	22-Nov-2019
940	NXB00000940	Steven	Parsons	deckerthomas@example.net	54619924065	United Kingdom	Moorefort	Current	failed	33888694007	19494092.19	GBP	10/27/1987	21-Mar-2021
941	NXB00000941	Cristina	MORGAN	whitelevi@example.org	66844823733	Ghana	Port Jacobberg	Business	 Verified 		48717020.21	GHS	30-Mar-1998	29-Oct-2021
942	NXB00000942	CHRISTOPHER	krause	schmidttammy@example.org	58690170740	United States	West Dale	Corporate	pending	50466964692	16674578.48	USD	1974-06-23	31/05/2024
943	NXB00000943	TERESA	williamson	gregory51@example.com	22276433872	Ghana	Mercedesberg	Savings	VERIFIED	90582271422	40009400.48	GHS	06-Apr-1975	12/07/2016
944	NXB00000944	 Drew 	 Bennett 	rshelton@example.com	33083344470	Nigeria	Romeroshire	Corporate	under review	89242034431	27175248.32	NGN	27-Dec-1985	2020-02-15
945	NXB00000945	SANDRA	 Smith 	ksmith@example.org	96851953774	Ghana	Simmonsborough	Savings	verified	47994480425	31250661.24	GHS	2000-09-26	2015-11-27
946	NXB00000946	 Ernest 	RICH	robert42@example.com	75225920616	Germany	East Lisaberg	Business	under review	67374305956	21890688.34	EUR	1974-08-12	27-Apr-2022
947	NXB00000947	ANTHONY	WOOD	edwardmitchell@example.org	63029559636	Nigeria	Lake Ricky	Corporate	EXPIRED	51498774489	13407592.64	NGN	10/12/1999	17-Apr-2017
948	NXB00000948	 Margaret 	Sharp	bradbennett@example.com	98085133138	United Kingdom	Audreybury	Savings	failed	13905547300	32462794.07	GBP	21/01/1995	08/01/2019
949	NXB00000949	Janet	moore	thompsonedwin@example.org		Kenya	West Karahaven	Corporate	verified	86033840024	29597455.22	KES	07-May-2000	28/12/2023
950	NXB00000950	elizabeth	Stephenson	amanda68@example.com		Nigeria	Esparzaport	Savings	FAILED	55264305119	43629017.82	NGN	01/01/1982	05/08/2023
951	NXB00000951	PATRICIA	 Garcia 	schmidtjose@example.net	64420062987	Germany	Sanchezmouth	Current	PENDING	51432798019	28862026.67	EUR	13/01/1994	2024-08-21
952	NXB00000952	Abigail	parsons	slittle@example.com	19623421926	South Africa	East Isaacport	Savings	verified	30461770508	22244109.95	ZAR	06/12/1985	28-Sep-2021
953	NXB00000953	hannah	WILLIAMS	cherylpatel@example.org	78911797269	Nigeria	Barbarahaven	Business	PENDING	60936827716	7797772.19	NGN	12/12/1998	26-Feb-2020
954	NXB00000954	colin	 Martin 	danieldunn@example.org	66602000532	Kenya	New Randy	Business	under review	14924957375	47295046.66	KES	10/07/1993	02-Jun-2017
955	NXB00000955	Monique	 Smith 	nguyenharry@example.org	80582692990	Nigeria	Fergusonchester	Corporate	FAILED	23884036491	27092239.62	NGN	03/31/1990	03/14/2017
956	NXB00000956	 Frank 	ELLIS	omahoney@example.org	89633761851	Ghana	South Spencer	Corporate	FAILED	26484936927	44352486.0	GHS	10-Jul-1973	18-Sep-2024
957	NXB00000957	 John 	arnold	smithcharles@example.org	33921883527	Kenya	Nguyentown	Corporate	FAILED	65590624805	22502561.34	KES	1974-01-17	17/09/2020
958	NXB00000958	Richard	Huang	pcruz@example.org	59208814319	UAE	Huberville	Business	FAILED	52696050873	42045884.91	AED	23-Dec-1991	20-Jul-2016
959	NXB00000959	Steven	GORDON	gomezbrittney@example.net	84572026656	UAE	New Molly	Current	EXPIRED	71801544548	21284632.72	AED	27-Apr-1981	13-Apr-2015
960	NXB00000960	 Bailey 	 Davis 	shane49@example.net	55394607429	UAE	Adamsfort	Corporate	UNDER REVIEW	49000523944	30040254.37	AED	09/25/1975	2018-05-05
961	NXB00000961	douglas	williamson	tgarza@example.org	99670808974	Nigeria	Ginashire	Savings	pending	16821956643	39543934.55	NGN	1988-11-09	27-May-2021
962	NXB00000962	 Justin 	Hill	leahpham@example.com	67347853698	United Kingdom	Cartershire	Current	FAILED	51853877335	36256398.56	GBP	05/28/1975	21-Nov-2020
963	NXB00000963	Amanda	baker	alejandro92@example.net	05210262706	South Africa	North Maryburgh	Current	 Verified 	69878228985	21776946.41	ZAR	1961-06-06	2024-08-30
964	NXB00000964	JOSEPH	BASS	abigail30@example.net	05748839974	Nigeria	Robertbury	Savings	FAILED	52154815168	29453258.43	NGN	18-Oct-1993	31/03/2024
965	NXB00000965	 Alexis 	Schaefer	akramer@example.org	30566199530	Nigeria	Coltonview	Savings	verified	25236905730	34300940.51	NGN	04/11/1974	26/05/2023
966	NXB00000966	KATRINA	Lee	qirwin@example.com	79087018726	Germany	Lake Karenchester	Business	EXPIRED	67761629165	46204182.33	EUR	28/11/1982	24/09/2020
967	NXB00000967	 Nathan 	 Watts 	hallsamantha@example.com	29906745686	South Africa	Shelbyfurt	Corporate	PENDING		44329187.82	ZAR	1991-10-07	21-Apr-2023
968	NXB00000968	Donald	STRICKLAND	morrismax@example.net	72562221905	United Kingdom	Scotttown	Savings	failed	34560036331	35218490.04	GBP	01/10/1991	01/15/2015
969	NXB00000969	Jonathan	PARKER	storres@example.net	59396521383	South Africa	Rivasberg	Business	failed	78024447525	34180250.72	ZAR	14/12/1987	12/16/2016
970	NXB00000970	karl	CHANDLER	craigmiles@example.net	03622117327	Nigeria	Bartonside	Corporate	under review	48793138997	24485397.31	NGN	03/26/1980	2017-05-23
971	NXB00000971	Dawn	dennis	angela58@example.com	29425251618	Nigeria	Christinamouth	Business	EXPIRED	10550624593	9804891.18	NGN	03-Mar-1987	2018-03-01
972	NXB00000972	carl	rogers	ricedana@example.com	91477447353	Nigeria	Samuelhaven	Corporate	FAILED	60845122960	49609553.41	NGN	06/02/1984	22-Aug-2019
973	NXB00000973	Jessica	CASTANEDA	daniel71@example.com	97344930537	United States	East Jameshaven	Current	verified	39933235632	45974325.87	USD	06/04/1963	02/05/2015
974	NXB00000974	 Jeff 	Miller	barkerjohn@example.net	60878828152	Ghana	Gonzalezport	Savings	UNDER REVIEW	59555179538	32065925.04	GHS	1991-02-13	25-Jun-2020
975	NXB00000975	MARGARET	Graham	gabrielle52@example.org	46535378018	Ghana	Rogerfort	Savings	 Verified 	54560750079	18369793.94	GHS	1983-04-10	24/03/2019
976	NXB00000976	jacob	RAMIREZ	vcrawford@example.com	62969143362	Ghana	Pamelachester	Current	failed	91409360934	5039142.95	GHS	1999-12-28	2023-03-19
977	NXB00000977	Jose	 Escobar 	lynchbarbara@example.org		Nigeria	North Brandonside	Current	failed	34981377692	15931958.85	NGN	1967-01-16	23-Sep-2022
978	NXB00000978	MATTHEW	PEREZ	schmidtjesus@example.net	21189684424	South Africa	Christinemouth	Current	verified	55161625864	8159513.18	ZAR	07/30/2000	2018-04-24
979	NXB00000979	brandi	kim	madison75@example.net	82819022179	Nigeria	Port Devinhaven	Savings	UNDER REVIEW	99690315246	18139743.96	NGN	1968-10-12	15-Sep-2015
980	NXB00000980	Amber	Fowler	droach@example.org		Nigeria	Karenhaven	Savings	EXPIRED	84908314480	4853569.44	NGN	1991-12-12	14/07/2015
981	NXB00000981	Kevin	Sheppard	lisa43@example.com	28681123038	Ghana	Sweeneyville	Corporate	under review	68875069891	12250353.33	GHS	23-Nov-1995	26-Aug-2018
982	NXB00000982	kimberly	LANE	fflowers@example.com	90099217790	Nigeria	New Michelle	Current	under review	95636320255	42955506.29	NGN	27-Oct-1986	10/29/2018
983	NXB00000983	SANDY	RICHARDS	madelinebrooks@example.net	88070532601	Nigeria	Port Breanna	Corporate	verified	64753158133	49119016.62	NGN	1977-01-25	2015-03-12
984	NXB00000984	alex	mullen	melissarollins@example.com	55136090858	United States	North Justinton	Business	 Verified 	62070026981	27009587.77	USD	09/21/1978	2016-09-14
985	NXB00000985	 Natasha 	evans	eclark@example.com	36627135896	South Africa	West John	Corporate	pending	10627110756	26689367.67	ZAR	28-Apr-1988	2020-07-26
986	NXB00000986	christine	bush	amy61@example.com	73156639792	United Kingdom	North Noahbury	Business	EXPIRED		6910559.42	GBP	13/12/1965	07/21/2015
987	NXB00000987	 Philip 	Shelton	kellermary@example.org		Nigeria	Tuckermouth	Business	pending	44913006944	40350542.69	NGN	17/12/1984	05/15/2016
988	NXB00000988	anthony	MOORE	pbarajas@example.com	05342816441	South Africa	North Cindymouth	Business	PENDING	99347524962	1641867.53	ZAR	09/14/2001	31/01/2022
989	NXB00000989	SUSAN	morris	matthewbrennan@example.net		Nigeria	Robertview	Current	failed	65889523462	39267195.04	NGN	01-Jan-1998	09/12/2024
990	NXB00000990	Brad	BROOKS	johnsonelizabeth@example.net	27304276362	Nigeria	Cynthiaview	Savings	failed	22329239059	31910933.91	NGN	07-Sep-1992	20/11/2019
991	NXB00000991	 Shawn 	Rice	brittanybauer@example.org		United Kingdom	Andrewston	Business	under review	30638430867	11417600.3	GBP	25/01/1985	14/12/2020
992	NXB00000992	robert	MORALES	hudsonglen@example.net	98745513587	United Kingdom	South Josephborough	Current	under review	66059918100	32534139.07	GBP	09/13/1999	2024-06-16
993	NXB00000993	andrew	 Faulkner 	mccormickkatherine@example.com	34398818738	United States	Suzannebury	Savings	failed	46889996856	33437752.72	USD	1980-01-23	2023-06-15
994	NXB00000994	JESSICA	Lewis	kathleen70@example.com	30909153860	Nigeria	South Dean	Business	FAILED	33880531378	47561551.81	NGN	19-Jul-1985	2018-06-15
995	NXB00000995	 Joseph 	JACKSON	bradshawcarlos@example.org	19057720441	South Africa	Norrisview	Business	FAILED	71450783535	6843217.63	ZAR	26-Sep-1970	2024-11-24
996	NXB00000996	CORY	Lewis	nathan38@example.net	09794122487	United Kingdom	Hernandezfurt	Current	 Verified 	76116053098	887413.51	GBP	19-Dec-1984	11/09/2024
997	NXB00000997	 Tonya 	Glenn	lharris@example.com	74224043261	UAE	North Jamesfurt	Corporate	 Verified 	57961036569	38827769.19	AED	02/17/2002	10/14/2024
998	NXB00000998	ALICIA	GARCIA	elewis@example.org	86720200953	Kenya	North Ashley	Current	 Verified 	58298923058	10878594.56	KES	05-Aug-1979	16-Oct-2019
999	NXB00000999	 James 	 Mullen 	smithsteven@example.net	00173259007	South Africa	Daviston	Savings	pending	65615918356	14287823.07	ZAR	12/18/1995	18-May-2020
1000	NXB00001000	 Destiny 	Jackson	rodriguezamber@example.com	87167221045	United Kingdom	South Danielburgh	Current	verified	58236996798	31990829.23	GBP	22/08/1963	13-Aug-2018
1001	NXB00001001	amy	 Haney 	wellsadam@example.com	36023442252	South Africa	East Matthewborough	Business	PENDING	73172687662	48285714.39	ZAR	1963-11-26	30-Nov-2022
1002	NXB00001002	rhonda	 Nelson 	thomasjessica@example.net	94477269032	Kenya	Codyberg	Corporate	UNDER REVIEW	26151709617	42032008.02	KES	1989-03-29	10/11/2023
1003	NXB00001003	 Thomas 	Miller	tmorrison@example.net	24559851602	Ghana	West Stephanieside	Business	verified	60541041120	39043161.63	GHS	20-Jul-1979	2024-12-11
1004	NXB00001004	 Bonnie 	skinner	lindafernandez@example.com	98647868623	South Africa	North Vincentview	Savings	VERIFIED	58131743860	36951699.54	ZAR	09/13/1996	2015-09-07
1005	NXB00001005	LARRY	Green	samuelsandoval@example.org	90749921640	Ghana	South Cathy	Corporate	 Verified 	28385818085	6749508.64	GHS	08/05/1972	06/04/2018
1006	NXB00001006	Jessica	 Anderson 	kristenpetty@example.com	86470821398	Kenya	Ryanberg	Savings	verified	99354494113	43775112.34	KES	04-Jul-1961	02/03/2015
1007	NXB00001007	JENNIFER	Smith	cuevasjames@example.net	20550330000	Nigeria	Wrightport	Current	EXPIRED	43276337241	19049033.79	NGN	11/07/1999	28/06/2019
1008	NXB00001008	Julia	 Mcknight 	hallen@example.net	08899114160	Nigeria	South Ashleyberg	Savings	UNDER REVIEW	88361886206	8134932.56	NGN	1977-08-17	24/11/2021
1009	NXB00001009	 Lori 	taylor	dharris@example.net	90608548186	Kenya	Sanchezton	Corporate	 Verified 	96105838580	16971518.42	KES	01/04/1969	24-Oct-2022
1010	NXB00001010	andrew	Carlson	gabrielle36@example.org	37118151985	South Africa	Port Ashley	Corporate	EXPIRED	99072836568	46311594.42	ZAR	20-Nov-1966	2023-04-11
1011	NXB00001011	Linda	Hernandez	lopezjordan@example.net	15353466075	Nigeria	Justinview	Current	PENDING	72264688166	17339113.27	NGN	05/10/1974	01/01/2016
1012	NXB00001012	Michelle	 Reynolds 	jenniferdavis@example.net	40281822387	Ghana	East Susanfurt	Corporate	PENDING	49801440189	37545220.52	GHS	11/02/1960	2021-04-17
1013	NXB00001013	DONALD	SCHMIDT	crawfordhaley@example.org	35364235700	UAE	New Cody	Corporate	EXPIRED	58853725253	3891823.14	AED	07-Sep-1985	2018-05-09
1014	NXB00001014	Kelsey	clements	daniel16@example.org	55904610079	Germany	West Ronaldtown	Savings	under review	48301027417	31185669.2	EUR	12/23/1967	20-Oct-2020
1015	NXB00001015	 Brian 	 Anderson 	alexandraellis@example.org	23296151204	South Africa	South Jillchester	Business	under review	56300314226	29326271.52	ZAR	24/08/1961	18-Mar-2015
1016	NXB00001016	karen	Walker	larry04@example.net	27634601915	Ghana	Victorborough	Current	under review	76731093545	33033514.22	GHS	26-Jul-1964	22/08/2024
1017	NXB00001017	TAMARA	Parker	jordanbailey@example.com	76822512726	Germany	Boonefurt	Savings	EXPIRED	49689754025	43323882.29	EUR	07/06/1975	14/01/2019
1018	NXB00001018	SARAH	FREDERICK	icisneros@example.com		Kenya	New Natashachester	Savings	UNDER REVIEW	47123330801	23386011.12	KES	07/10/1998	06-Aug-2023
1019	NXB00001019	MELISSA	Ramos	kristy47@example.com	29035006184	South Africa	Holderberg	Corporate	 Verified 	57987449615	47157921.81	ZAR	02-Jan-1981	02-Jul-2019
1020	NXB00001020	 David 	Edwards	lisa40@example.com	68212156495	Nigeria	Baileyburgh	Savings	under review	55243044787	43839042.68	NGN	12/10/1976	26-May-2017
1021	NXB00001021	Andre	Ross	laurie11@example.org	38818273063	Nigeria	Ericaport	Business	PENDING	90530107228	39394939.66	NGN	13-Jul-1997	13-Jun-2020
1022	NXB00001022	VINCENT	 Shields 	jenniferrice@example.com	80664051102	UAE	Larryview	Corporate	VERIFIED	48264221539	31589456.97	AED	04/10/1965	08/09/2019
1023	NXB00001023	Christopher	 Barber 	michellewilson@example.com	49860372186	Nigeria	East Bryan	Savings	failed	70207894756	5537218.56	NGN	17/12/1977	2022-02-08
1024	NXB00001024	 Holly 	garcia	lpierce@example.net	11400347131	Nigeria	Gillside	Business	verified	59632517543	35825399.4	NGN	27-Aug-1985	06/20/2015
1025	NXB00001025	 Robert 	NORMAN	wilkersonkatherine@example.org	90841947855	Kenya	East Susanmouth	Savings	EXPIRED	35878888606	30619914.41	KES	1977-06-01	2015-03-21
1026	NXB00001026	JEFFREY	MORENO	johnsonsandra@example.net	80727903716	Kenya	New Hannahville	Corporate	VERIFIED	65577380233	23270589.97	KES	18-Jun-1995	2021-06-11
1027	NXB00001027	kimberly	Harrison	davidharris@example.net	47718375307	Kenya	North Ianport	Business	verified	30201961152	5937177.18	KES	20-Oct-1995	06/26/2021
1028	NXB00001028	 Amy 	 Nunez 	kristen78@example.org	24432362216	South Africa	Morrisonfurt	Corporate	FAILED	76264629250	49992930.49	ZAR	04-Jul-1976	20/11/2022
1029	NXB00001029	andrea	bradford	raymond70@example.com	51691395215	Nigeria	Klineberg	Business	verified	39923203171	11908954.67	NGN	1975-06-30	06/13/2023
1030	NXB00001030	PAUL	 Smith 	robinsonmichael@example.net	24319839248	South Africa	East Andrewport	Business	 Verified 		24878695.64	ZAR	11/23/1973	06/11/2019
1031	NXB00001031	 Roberta 	 Rodgers 	cervantesleslie@example.org	21516758646	UAE	Jesseside	Corporate	verified	79870657359	48181642.67	AED	1968-10-16	2022-06-13
1032	NXB00001032	Christopher	 Smith 	wilkinsnicole@example.com	64278961573	United States	Julieville	Business	PENDING	30674938238	19796679.38	USD	02/16/1961	12-Jul-2024
1033	NXB00001033	derrick	 Townsend 	vvelez@example.org	39597815542	Nigeria	Martinfurt	Business	verified	81999059298	19821840.87	NGN	2002-02-13	12/29/2015
1034	NXB00001034	andrew	PHILLIPS	ryan54@example.com	72051710730	South Africa	West Patrickview	Business	 Verified 	20211760601	46202008.6	ZAR	08/04/1986	11/09/2023
1035	NXB00001035	Karen	 Castillo 	timothysharp@example.org	75438027414	UAE	Powersfurt	Business	EXPIRED	48499060448	31644259.35	AED	28/03/1972	03/05/2019
1036	NXB00001036	Brendan	Hart	jordan68@example.com	72884076642	Nigeria	Vegaberg	Savings	verified	25121600214	39965983.87	NGN	03-Nov-1990	12/16/2015
1037	NXB00001037	TIMOTHY	Jones	sherryclark@example.net	76259238687	Ghana	Huangtown	Current	VERIFIED	83899540293	41363709.06	GHS	1988-11-11	09/27/2022
1038	NXB00001038	Laura	HOLMES	ogarza@example.org	55340508927	Kenya	Harmonmouth	Business	EXPIRED	22623336788	13378453.76	KES	02/01/1990	2016-11-10
1039	NXB00001039	caitlyn	cole	kimberly53@example.net	67078977554	Nigeria	New Janettown	Business	failed	18481605087	45020309.42	NGN	12/28/1964	12/20/2019
1040	NXB00001040	john	HARRINGTON	dylan27@example.org	27320222711	Kenya	Denisefort	Corporate	under review	52606652238	23701285.0	KES	1981-08-29	2023-03-19
1041	NXB00001041	RONALD	martinez	krodriguez@example.org	29851448698	Ghana	Gregoryville	Corporate	under review	59837512545	627890.62	GHS	20/11/1978	2022-09-23
1042	NXB00001042	 Mary 	moses	clarkmelissa@example.org	02698014264	South Africa	South Amyland	Savings	failed	81062811548	42354995.56	ZAR	1977-09-15	14-May-2022
1043	NXB00001043	shannon	STEPHENSON	dorseylinda@example.org	37050049332	Nigeria	West Sabrina	Current	 Verified 	97176553321	16761070.54	NGN	20-Dec-1977	23/11/2021
1044	NXB00001044	NICHOLAS	 Walker 	royscott@example.net	76380839065	Kenya	West Christina	Savings	UNDER REVIEW	92595188878	34245673.1	KES	10-May-1977	2023-12-05
1045	NXB00001045	CHEYENNE	hatfield	daniel93@example.net	27272812916	South Africa	West Theresashire	Business	 Verified 	95733251310	22806114.16	ZAR	1962-05-19	2021-03-12
1046	NXB00001046	LISA	brown	chiggins@example.com	27284539749	United Kingdom	South Jenniferhaven	Corporate	PENDING	87920162172	19867362.33	GBP	2002-10-25	08-Mar-2020
1047	NXB00001047	michele	GRAHAM	barnestyler@example.com	02080192902	Nigeria	Kimberlyport	Current	under review	30309291816	39157463.21	NGN	04/17/1975	2019-07-03
1048	NXB00001048	NICOLE	 Allen 	ramirezamy@example.org	22533320235	Nigeria	Port Nicholas	Business	failed	12209327125	7507445.45	NGN	10/25/1997	26-Mar-2017
1049	NXB00001049	Denise	rivera	wilsonnicole@example.org	45036988843	Kenya	East Nancy	Savings	VERIFIED	58998076247	22707408.84	KES	19-Sep-1999	2024-07-18
1050	NXB00001050	 Kelly 	sanchez	brittanyanderson@example.net	59831244129	Kenya	Karenfurt	Business	verified	49004691660	2830702.77	KES	1996-03-27	09/08/2016
1051	NXB00001051	 Lawrence 	BAXTER	stephaniewilson@example.org	63177495421	Nigeria	New Kimberly	Current	UNDER REVIEW	95308027110	22962891.68	NGN	07/02/1982	30/11/2015
1052	NXB00001052	 Joseph 	 Davis 	rachelpeterson@example.org		United Kingdom	East Randall	Savings	pending		15521506.53	GBP	23-Oct-1965	01/11/2022
1053	NXB00001053	Charles	perez	uwatson@example.com	64752864612	Nigeria	Martinezbury	Business	FAILED	71156330521	19566650.49	NGN	1971-08-12	24/06/2023
1054	NXB00001054	 Anthony 	DUNCAN	donnasuarez@example.com	24032115355	Germany	West Jasonberg	Savings	under review	41266568707	15853118.35	EUR	30/03/2002	08/02/2022
1055	NXB00001055	craig	BOWMAN	john08@example.com	97247925422	UAE	Lake Lori	Current	FAILED	45120149764	29217133.97	AED	06/11/1978	27/09/2018
1056	NXB00001056	Courtney	LEONARD	garzajill@example.org	87706769333	United States	Gomezstad	Savings	failed	46691240532	44896799.42	USD	1998-07-10	30-Jul-2021
1057	NXB00001057	monique	BENDER	matthewmoran@example.net	64085858838	United Kingdom	Pagefort	Savings	UNDER REVIEW	11662224154	42894064.85	GBP	28-Nov-1997	26/10/2016
1058	NXB00001058	Derek	Kramer	singhjoseph@example.com	92543551962	Nigeria	East Molly	Corporate	under review	26458121951	5706715.55	NGN	19/04/1962	17/06/2021
1059	NXB00001059	Alan	Rodriguez	michaelflynn@example.net	24728639420	Ghana	East Sandra	Corporate	UNDER REVIEW	29161286688	25830935.43	GHS	13/06/1995	09/13/2016
1060	NXB00001060	Christopher	Hudson	brookefrench@example.net	62702660450	Ghana	Leeland	Savings	FAILED	12490952236	30638326.09	GHS	26/07/1971	04-Dec-2020
1061	NXB00001061	 Thomas 	mitchell	smithjesse@example.org	19335389222	United Kingdom	North Stefaniebury	Corporate	verified	79657857794	7044730.65	GBP	19/05/1978	19/05/2015
1062	NXB00001062	Patrick	 Smith 	barnesandrew@example.net	77056461607	United States	Campbellhaven	Savings	FAILED	89755408404	44707465.64	USD	03/23/1978	03/22/2019
1063	NXB00001063	 Jennifer 	GOMEZ	armstrongjeremy@example.org	46176231336	Kenya	Justinland	Savings	VERIFIED	74194095130	38084824.59	KES	1976-01-15	16/06/2016
1064	NXB00001064	 Tammie 	evans	jenniferprice@example.com	13727768576	Nigeria	Port John	Business	FAILED	40768988740	10033322.08	NGN	03/28/2002	08/01/2015
1065	NXB00001065	Kelly	Hanson	fuentesnichole@example.org	55188701799	Nigeria	West Heidi	Corporate	VERIFIED	64921886118	40812569.51	NGN	1999-11-27	11/05/2024
1066	NXB00001066	blake	JACKSON	seanadams@example.com	72345653869	South Africa	East Michaelport	Corporate	pending	97375912030	6960479.75	ZAR	19/04/1975	11/01/2021
1067	NXB00001067	KENDRA	wood	nicholasjuarez@example.com	47238641009	Ghana	Conniemouth	Business	FAILED	17879737302	2133810.44	GHS	27-Feb-1977	05-Nov-2017
1068	NXB00001068	Timothy	acevedo	christopherbarber@example.org	99009378146	Nigeria	Mathischester	Savings	verified	91440510911	31771683.3	NGN	1994-04-20	11/14/2017
1069	NXB00001069	jillian	CARTER	hwagner@example.com	37066187564	Ghana	Lake Natalie	Business	FAILED	74314672234	20804755.7	GHS	07/30/1973	04-Feb-2019
1070	NXB00001070	 Kari 	 Powell 	richardsonkenneth@example.net	85899002772	Germany	Port Zacharymouth	Corporate	VERIFIED		34097410.0	EUR	11/19/1961	02/05/2023
1071	NXB00001071	 Blake 	GIBSON	psmith@example.com	60503374698	Nigeria	South Timothymouth	Savings	pending	56830463604	28229041.49	NGN	08/08/1978	08/21/2021
1072	NXB00001072	 Elizabeth 	johnson	yruiz@example.org	22667941908	Kenya	Murphyhaven	Corporate	FAILED	21594984994	12954116.07	KES	24-Jan-1967	13-May-2021
1073	NXB00001073	KATHLEEN	 Lowe 	hugheskaren@example.net	34289876055	Germany	East Maria	Corporate	failed	24175183345	21641959.46	EUR	07/08/1970	07/11/2023
1074	NXB00001074	HEATHER	BROWN	whubbard@example.org		Kenya	Vegamouth	Business	verified	17308246877	9350473.41	KES	15-Nov-1981	2018-10-18
1075	NXB00001075	anthony	MYERS	maryfarmer@example.com	90739928919	Nigeria	Wilsonberg	Savings	EXPIRED	50204554544	18645414.3	NGN	1972-03-07	20-Jun-2019
1076	NXB00001076	ROBERT	MORRIS	kendrahall@example.org	08649426942	Kenya	North Emily	Business	under review	28962505780	43785084.41	KES	1974-05-02	2023-09-30
1077	NXB00001077	 John 	Murphy	rodriguezmichael@example.net	70692195873	Ghana	Wendyhaven	Business	 Verified 	17839331719	11875683.81	GHS	09/05/1992	15/08/2015
1078	NXB00001078	francisco	kidd	annahunt@example.com	02178167806	Kenya	Lake Daniel	Savings	pending	61400430581	25630586.26	KES	02/18/1982	09/01/2017
1079	NXB00001079	 Nicole 	ROSE	garciadebra@example.com	81503701709	Ghana	Bradton	Savings	failed	71570817129	48902250.73	GHS	11/20/1966	05/07/2016
1080	NXB00001080	James	PALMER	holmesrachel@example.org	26282968244	Kenya	Lake Melissamouth	Corporate	VERIFIED	57655470120	2692098.15	KES	16/10/1964	26/07/2020
1081	NXB00001081	Dylan	ROMERO	stephanie27@example.net	11680691961	South Africa	Myerstown	Current	VERIFIED	29595148670	27710580.26	ZAR	02-May-1992	06/01/2016
1082	NXB00001082	 Angela 	MORENO	allendavid@example.org	63444359624	Nigeria	Yoderland	Business	pending	89356466692	17353059.45	NGN	1967-03-31	08-Nov-2018
1083	NXB00001083	 Gregory 	fitzgerald	lisa24@example.org	36909123753	United States	Ashleyfurt	Corporate	verified	92817373646	8661247.25	USD	13/11/1960	01/10/2018
1084	NXB00001084	Mackenzie	mcintosh	wrightnicholas@example.com	24365240553	Nigeria	Lake Amandamouth	Business	PENDING	73611483660	41422929.56	NGN	21/02/1986	11/10/2016
1085	NXB00001085	kristine	MAXWELL	erin36@example.net	88215977385	Nigeria	Hernandezborough	Current	failed	90114606054	47647248.62	NGN	07/07/1995	28/02/2023
1086	NXB00001086	 Susan 	 Hall 	jameslindsay@example.net	49125949722	Nigeria	New Alice	Current	failed	37045696749	31950141.0	NGN	10-Nov-1968	23-Aug-2024
1087	NXB00001087	jack	 Ali 	alexbutler@example.org	99623569992	South Africa	East Malik	Business	EXPIRED	53423483645	45248177.13	ZAR	05-Oct-1993	2017-07-01
1088	NXB00001088	ANGELA	woods	dhawkins@example.net	79256041348	UAE	Paulabury	Business	PENDING	12780021013	32215016.95	AED	15-Aug-1965	12/04/2020
1089	NXB00001089	Cody	GONZALEZ	theresagreene@example.org	60001440762	Nigeria	Joycebury	Savings	under review	60246829787	24404996.59	NGN	08/06/1981	06-Jun-2016
1090	NXB00001090	melissa	harrell	robinsondavid@example.org	52872099865	United States	Lake Kristi	Business	failed	29730647525	46180715.69	USD	26/11/1969	10/08/2023
1091	NXB00001091	Shelby	TAYLOR	riveratara@example.net	08235309766	Nigeria	Angelicafurt	Savings	UNDER REVIEW	70766522223	12465477.05	NGN	2002-05-10	08/06/2023
1092	NXB00001092	DAVID	Pace	banksmeredith@example.com	01753079661	Nigeria	Tiffanyberg	Corporate	UNDER REVIEW	89118039971	48498091.69	NGN	1960-07-27	2022-02-10
1093	NXB00001093	katherine	pearson	melissa04@example.org	74125313795	Kenya	North Tylerfort	Business	pending	47524964938	22694568.4	KES	09/25/1973	10/08/2016
1094	NXB00001094	James	 Jackson 	wewing@example.org	61920259991	UAE	Leemouth	Corporate	EXPIRED	77806867599	39963893.18	AED	12-Sep-1963	2017-10-17
1095	NXB00001095	billy	Evans	lisachristian@example.com	74890476078	Germany	West Valerie	Corporate	FAILED	54679187767	1024589.77	EUR	04/13/1992	2016-08-09
1096	NXB00001096	SANDRA	 Dyer 	egutierrez@example.net	70851732895	South Africa	Patrickview	Business	EXPIRED	20336179133	43300931.17	ZAR	05-Dec-1988	05/18/2018
1097	NXB00001097	Benjamin	Cervantes	william55@example.net	15744965391	Kenya	Nicholsontown	Business	VERIFIED	32695209334	32244233.19	KES	09/08/1965	11/12/2021
1098	NXB00001098	BRENT	 Smith 	patriciaowen@example.net	54184039822	South Africa	Lake Jasonfurt	Corporate	UNDER REVIEW	42516786544	31287654.01	ZAR	09/18/1973	02/09/2022
1099	NXB00001099	phillip	martin	allennathan@example.net	40788026529	South Africa	Campbellchester	Business	 Verified 		25912515.89	ZAR	01/10/1985	01/10/2018
1100	NXB00001100	JENNA	clark	jennifercooper@example.com	30397440880	Nigeria	New Jenniferside	Current	VERIFIED	78437098773	12005950.97	NGN	04/08/1975	01/20/2022
1101	NXB00001101	Timothy	NOVAK	blakeshelton@example.org	84311326611	Nigeria	Angelaside	Current	 Verified 	11088766007	31860281.33	NGN	01-Mar-1984	20/02/2017
1102	NXB00001102	BRANDON	Martin	qallen@example.org	96047220539	Nigeria	Woodsview	Savings	under review	27386876968	12802636.58	NGN	03-Dec-1965	2016-01-28
1103	NXB00001103	Michael	Ramirez	ybarber@example.org	31714619953	Kenya	Walterfort	Corporate	VERIFIED	90762443984	47823097.56	KES	1971-12-19	01/24/2018
1104	NXB00001104	Linda	Cuevas	moniquewhite@example.com	05302618402	Nigeria	Smithfurt	Corporate	failed	18895763847	29889697.69	NGN	04-Jan-1967	13-Feb-2024
1105	NXB00001105	ZACHARY	 Williams 	longbob@example.com	60502816409	UAE	North Micheleshire	Savings	pending	57336215492	35917093.02	AED	05-Jan-1970	08-Nov-2021
1106	NXB00001106	 Bradley 	WILSON	brianyang@example.net		United States	East Michaeltown	Business	EXPIRED	58593513220	25060793.71	USD	09/06/1965	11/06/2019
1107	NXB00001107	charlene	Morgan	katrinastevens@example.com	95319260098	Nigeria	Port Tammy	Corporate	FAILED	69201116190	6456068.18	NGN	05/31/1978	2024-06-24
1108	NXB00001108	Michael	 Briggs 	qmichael@example.com	49205489445	South Africa	North Angelaside	Current	UNDER REVIEW	10564458789	43763039.65	ZAR	13/01/1960	2019-11-21
1109	NXB00001109	David	 Kelley 	wbailey@example.net	44566229521	Ghana	Williamschester	Business	under review	72687824087	23298667.48	GHS	21-Jun-1963	02/16/2017
1110	NXB00001110	NOAH	YOUNG	agarcia@example.org		United Kingdom	Ambertown	Savings	VERIFIED	69074312933	36770341.26	GBP	1998-02-09	03/21/2023
1111	NXB00001111	SETH	phillips	katherinewinters@example.com	23515850153	South Africa	Hallland	Savings	failed	65387173336	32993959.51	ZAR	04/23/1977	2021-03-22
1112	NXB00001112	Rodney	LAMB	rodney58@example.com	52244133954	Ghana	Brianfurt	Business	under review	95602837231	2764423.61	GHS	1975-09-21	30/05/2022
1113	NXB00001113	tanya	 Dennis 	jason57@example.net	57191898664	Ghana	South Mark	Corporate	 Verified 	16545553376	1095560.31	GHS	07/31/2002	05/01/2023
1114	NXB00001114	NICOLE	Spencer	nicolereeves@example.com	87680570237	Nigeria	Johntown	Corporate	 Verified 	38485398310	23176018.97	NGN	11/10/1975	2018-03-04
1115	NXB00001115	LINDA	garcia	frankmorrison@example.com	33329732396	Kenya	East Mistyberg	Savings	under review	72722244029	47638849.45	KES	06-May-1983	27-Feb-2016
1116	NXB00001116	marco	 Hines 	ddonovan@example.com	42773923852	Ghana	Lake Ian	Corporate	verified	62657210882	24299895.65	GHS	1985-04-24	16/11/2019
1117	NXB00001117	Barbara	KING	brownchristina@example.org	84423471998	Kenya	Port Emilymouth	Business	EXPIRED	26721232935	4658053.58	KES	26-Aug-1973	2019-11-01
1118	NXB00001118	 Lori 	atkins	megan52@example.com	75699913831	Ghana	Kramerbury	Business	FAILED	79103467549	2916319.09	GHS	27/01/1988	05/08/2017
1119	NXB00001119	Jason	 Moore 	uhaney@example.org	77773316806	Nigeria	Johnsonmouth	Business	FAILED	76472425573	39832793.52	NGN	10/28/1960	12/02/2016
1120	NXB00001120	adam	 Hansen 	younglauren@example.com	29842410740	Kenya	Andrewchester	Savings	UNDER REVIEW	84230655531	24284082.6	KES	1966-11-23	2024-07-22
1121	NXB00001121	Thomas	Blake	ronniefisher@example.com		Nigeria	Port Saraburgh	Business	UNDER REVIEW	50124020494	29697772.36	NGN	1961-05-28	06/20/2022
1122	NXB00001122	 Alexander 	williams	glee@example.net	64614974597	South Africa	New Sarashire	Corporate	 Verified 	62870430497	5321137.61	ZAR	1969-08-16	08-Apr-2017
1123	NXB00001123	HOLLY	DUNCAN	igoodman@example.net	91498609955	Nigeria	East Madison	Savings	pending	48996017613	11558380.72	NGN	22-Jan-1967	12/08/2021
1124	NXB00001124	Kimberly	KIM	davidmcgee@example.net	61212898115	Nigeria	Jeremytown	Corporate	pending	68599752072	16047549.34	NGN	05/03/1972	18/06/2023
1125	NXB00001125	adam	Jones	skim@example.org	39847422567	Nigeria	Port Williamhaven	Savings	PENDING	33096582258	7690970.47	NGN	17/12/1966	22-Sep-2023
1126	NXB00001126	alicia	stout	jamiefox@example.net		South Africa	Brownside	Savings	 Verified 	52751773213	2428171.73	ZAR	22/02/1977	2020-01-24
1127	NXB00001127	TERESA	Roberts	yboyd@example.net	34956479984	Nigeria	Zacharymouth	Savings	PENDING	99553678498	8717087.75	NGN	1998-09-01	2018-10-11
1128	NXB00001128	CINDY	bradley	rlee@example.net		Ghana	North Melissa	Current	pending	74970355664	26596617.72	GHS	08-Mar-1973	2020-06-13
1129	NXB00001129	 Michele 	WALLACE	randallwilson@example.net	92616620165	South Africa	Cohenchester	Business	 Verified 	63573855870	30769196.03	ZAR	11-Mar-1997	25-May-2018
1130	NXB00001130	Stephanie	rivera	wmorris@example.com	51247640006	Nigeria	Abigailchester	Business	PENDING		27438881.85	NGN	08/16/1977	2023-02-14
1131	NXB00001131	LINDSEY	Foley	felicia51@example.com	54512244418	Nigeria	Fitzpatricktown	Business	VERIFIED	16584243155	34924780.98	NGN	21/01/1977	2022-01-29
1132	NXB00001132	douglas	 Charles 	jamesrussell@example.net	08357017036	United States	Lisaview	Savings	under review	10366230899	13552866.97	USD	2001-09-30	2024-10-17
1133	NXB00001133	eric	Lewis	cbrown@example.net	08983094134	UAE	Littlefort	Corporate	pending	67922796525	28229845.91	AED	01/05/1990	2018-03-31
1134	NXB00001134	CANDACE	parrish	rtaylor@example.com	84135694804	Nigeria	Harrisfurt	Savings	PENDING	23330052076	47221476.46	NGN	1998-05-07	2018-07-02
1135	NXB00001135	karen	vasquez	berrytyrone@example.net	94059802602	Ghana	Dylanton	Business	verified	48664268209	15935047.04	GHS	23-Sep-1961	2019-08-24
1136	NXB00001136	 Laurie 	 Montes 	rhonda92@example.com	90734203197	South Africa	Amandamouth	Savings	failed	72291321862	26565070.5	ZAR	1963-02-07	2017-03-21
1137	NXB00001137	 Michael 	Diaz	douglascarl@example.com	82308829586	Nigeria	New Robertbury	Business	EXPIRED	30463674488	23157369.72	NGN	01/09/1989	22-Sep-2021
1138	NXB00001138	DEBORAH	robinson	pjohnson@example.com	94276748317	Germany	Powellshire	Current	EXPIRED	45500158041	31102725.64	EUR	16/01/1986	01/16/2015
1139	NXB00001139	 Jason 	Levy	watsontina@example.net	78824265594	Nigeria	South Sarahbury	Savings	 Verified 	99403267621	20523764.21	NGN	1973-06-23	18/01/2015
1140	NXB00001140	 Dennis 	Hardy	desireewilson@example.net	22379006548	Nigeria	Lisamouth	Current	verified	98917948032	28047800.14	NGN	06/08/1975	06/13/2019
1141	NXB00001141	BEVERLY	 Warner 	burtonsean@example.com		Nigeria	Leeshire	Business	failed	31881230982	16444898.58	NGN	1977-10-08	11-May-2019
1142	NXB00001142	 Alicia 	 Zhang 	cameronkaitlyn@example.com	59157908945	Nigeria	Jacksonside	Business	PENDING	98629130980	29401970.67	NGN	10-Apr-1983	14-Sep-2020
1143	NXB00001143	jason	 Baker 	hjenkins@example.org		Kenya	North Gina	Savings	VERIFIED	18539373380	46106982.18	KES	15/06/1980	2015-01-17
1144	NXB00001144	raymond	 Hernandez 	lmaldonado@example.org	51881298861	Kenya	Lake Mariatown	Business	pending	52552187214	29978157.32	KES	04/14/1996	2024-02-24
1145	NXB00001145	ROSE	 Hughes 	marksbrandon@example.net	37298268933	Kenya	Stanleymouth	Savings	pending	44516563381	30996326.28	KES	1967-08-20	02-Jan-2018
1146	NXB00001146	Samantha	Sanchez	bradley75@example.com	83355707731	Nigeria	West Markton	Corporate	EXPIRED	41264424445	12001924.72	NGN	08-Nov-1989	11/06/2022
1147	NXB00001147	erin	saunders	clowe@example.com	18799384440	United Kingdom	North Teresa	Savings	EXPIRED	58250256580	12568253.36	GBP	1960-01-21	06/28/2018
1148	NXB00001148	larry	 Parker 	ptapia@example.net	23503687156	Ghana	Lake Benjaminmouth	Savings	pending	97950719041	41657850.25	GHS	1970-07-23	02/05/2020
1149	NXB00001149	natalie	Cole	jmedina@example.org	45684467940	South Africa	Mckaytown	Corporate	 Verified 	63798984268	42962219.78	ZAR	08/29/1989	05/15/2024
1150	NXB00001150	 Carl 	ROBINSON	christiecastillo@example.com	15975729273	UAE	Nixonborough	Business	verified	44183468132	14037239.1	AED	1969-01-02	31/07/2023
1151	NXB00001151	JENNIFER	 Taylor 	riveramicheal@example.net	23324165185	United States	New Ryan	Savings	UNDER REVIEW	84577114283	32233653.27	USD	06/05/1981	01-Apr-2024
1152	NXB00001152	PAUL	 Arroyo 	kevinnorton@example.com	62159584174	Kenya	Browntown	Current	UNDER REVIEW	61644824008	35025555.37	KES	05/08/1986	31-Oct-2024
1153	NXB00001153	matthew	 Vaughan 	chasebeck@example.com	41344760948	Germany	Robertsberg	Savings	verified	52686269115	33299771.89	EUR	09-Mar-1988	17/01/2019
1154	NXB00001154	brittany	Ball	amandaroberts@example.net	30265099621	Nigeria	Bennettmouth	Current	EXPIRED	27103370582	36352780.72	NGN	21/09/1977	05/20/2023
1155	NXB00001155	DAVID	Francis	egutierrez@example.org	56342022234	Ghana	North Rachelborough	Savings	pending	35443027841	19776792.07	GHS	1962-05-28	2015-07-16
1156	NXB00001156	JESSICA	STANTON	patriciafreeman@example.net	17791524461	Germany	New Frankbury	Business	under review	66151541632	3985453.08	EUR	05/04/1986	27-Feb-2017
1157	NXB00001157	KIMBERLY	bell	ztorres@example.com	42601863726	Germany	Jillfurt	Savings	FAILED	14300152708	33793004.39	EUR	12/10/1984	05/07/2022
1158	NXB00001158	 Patricia 	SCHULTZ	brandi22@example.com	64149003850	Kenya	Bryanborough	Corporate	EXPIRED	36318944173	33855762.69	KES	1969-10-12	09-Sep-2015
1159	NXB00001159	 Marie 	casey	kimberly48@example.com	22883904733	South Africa	Joshualand	Corporate	UNDER REVIEW	57113330672	36369647.18	ZAR	02/24/1963	2016-06-01
1160	NXB00001160	nathaniel	OLSON	eduardodavis@example.com	88795312040	Germany	Johnfort	Corporate	FAILED	21813964267	26550329.6	EUR	01-Nov-1977	12/05/2016
1161	NXB00001161	debra	COLEMAN	brettrice@example.com	01873143915	Ghana	Jeremyfort	Current	FAILED	46135535531	38346564.19	GHS	18/12/1990	10/24/2021
1162	NXB00001162	AMANDA	 Jackson 	landryalexis@example.net	87109685642	Ghana	South Dawntown	Corporate	under review	11176456198	41911756.8	GHS	08/11/1966	2023-10-07
1163	NXB00001163	douglas	Patterson	johnstokes@example.org	42306002302	United Kingdom	Tiffanymouth	Current	PENDING	99708428324	40349543.31	GBP	10/02/1996	02/21/2016
1164	NXB00001164	Renee	Smith	ruth22@example.com	14206670151	Ghana	North Cody	Current	 Verified 	32819252803	45396373.99	GHS	04-Aug-1978	23-Nov-2017
1165	NXB00001165	michelle	 Coleman 	jamiesingh@example.org	22400539222	South Africa	Taylortown	Corporate	PENDING	19088781251	15800957.13	ZAR	12/25/1969	09/07/2015
1166	NXB00001166	CODY	Alvarado	jeffersondaniel@example.org	84339133252	Nigeria	Port Jasonbury	Corporate	EXPIRED		4716058.45	NGN	24-Dec-1974	17-Nov-2022
1167	NXB00001167	JESSICA	 King 	vshelton@example.org	42864497602	South Africa	Jordanview	Current	EXPIRED	76703619444	46489029.19	ZAR	05/04/1962	2018-12-30
1168	NXB00001168	Gordon	 Brown 	john77@example.net	49852973561	United Kingdom	Holdenfurt	Current	EXPIRED	23607739948	20916587.11	GBP	04/10/1999	2019-06-08
1169	NXB00001169	Nathan	COOK	adamskathryn@example.com	53809664147	Nigeria	South Melinda	Savings	 Verified 	55623241840	17562676.49	NGN	11/10/1987	04/02/2020
1170	NXB00001170	helen	Moore	rwaters@example.com	53538962985	United Kingdom	Jamesfurt	Corporate	pending	20077095851	28434089.2	GBP	11/12/1988	09/11/2017
1171	NXB00001171	 Troy 	vargas	dakota71@example.org		Nigeria	Boyerchester	Corporate	EXPIRED	35820696802	35668958.1	NGN	02/04/1979	25/12/2018
1172	NXB00001172	STEPHANIE	mcgee	mariolewis@example.net	68586390616	South Africa	Arianashire	Business	PENDING	35126255821	10661671.64	ZAR	1961-05-16	2021-02-02
1173	NXB00001173	danielle	gilbert	perrymichael@example.org	16837103073	Ghana	Brownburgh	Business	PENDING	79317831766	23583713.44	GHS	10/11/2000	2023-12-19
1174	NXB00001174	kimberly	MEJIA	hillchristina@example.com	82649312146	Nigeria	Kristamouth	Current	EXPIRED	52604593213	27466044.07	NGN	09/12/1966	11/01/2015
1175	NXB00001175	RANDY	Morris	mary92@example.com	56339172994	Nigeria	Hooverview	Current	PENDING		23763034.31	NGN	1997-03-19	11/25/2019
1176	NXB00001176	william	 Ortega 	whiterobert@example.com	97196706833	Kenya	North Danielfurt	Business	verified	92278732118	36702761.89	KES	05-Sep-1974	2018-09-21
1177	NXB00001177	Daniel	BELL	wilsonkimberly@example.org		South Africa	Jessicaton	Savings	PENDING	92097541573	15526941.81	ZAR	14-Feb-1984	12/18/2022
1178	NXB00001178	KATHLEEN	MILLER	jessestanton@example.org	67348140984	Nigeria	Port Ryanborough	Current	under review	29120321689	6885595.27	NGN	1974-06-15	09/20/2016
1179	NXB00001179	Benjamin	mcknight	garciaalex@example.com	00420288661	Nigeria	Lake Tammieton	Business	FAILED	74406318617	16879254.44	NGN	1969-03-07	11/16/2019
1180	NXB00001180	JOHN	 Thomas 	jonathanwoodard@example.com		UAE	Angelaberg	Corporate	FAILED	66367012830	42091573.94	AED	12/03/1995	12/11/2021
1181	NXB00001181	Wendy	CLARK	charlesbrown@example.com	79138601571	UAE	East Natalieville	Current	FAILED	13685631940	13084838.03	AED	28-Jun-1972	2015-09-21
1182	NXB00001182	 Brandi 	PARKER	davieskevin@example.com	28814112874	Ghana	Peckland	Savings	PENDING	49889054761	39544558.09	GHS	1974-11-10	13-Feb-2016
1183	NXB00001183	Kendra	lawson	galvarez@example.com	64639138107	United Kingdom	Lake Valerieville	Corporate	 Verified 	12215019150	29524252.46	GBP	1973-04-07	02-May-2016
1184	NXB00001184	 Kimberly 	 Lutz 	johnhernandez@example.com		Nigeria	Natalieland	Savings	FAILED	53474384992	41904634.43	NGN	10-Oct-1991	03/06/2019
1185	NXB00001185	JENNIFER	Miller	jeff06@example.net	26168455252	United Kingdom	North Donstad	Current	EXPIRED	72912344408	31980070.53	GBP	17-Jul-1970	2018-01-15
1186	NXB00001186	 Justin 	le	villasteven@example.net	88566948993	United Kingdom	Danielmouth	Business	FAILED	59803643559	2812781.44	GBP	1964-10-11	19-Apr-2016
1187	NXB00001187	 Ryan 	bailey	xclark@example.net	22717266256	Germany	Patricktown	Corporate	EXPIRED	86038635026	27832082.59	EUR	12/12/1967	06/15/2015
1188	NXB00001188	THOMAS	alvarado	carteryolanda@example.com	30686240871	Nigeria	Ortizton	Savings	failed	86890263510	44599254.93	NGN	1982-10-06	04/12/2022
1189	NXB00001189	Emily	mcneil	tuckeramanda@example.org	62381152232	Nigeria	East Angela	Current	pending	58190328917	47885277.77	NGN	25-Sep-1974	30-May-2022
1190	NXB00001190	Justin	 Herrera 	jmurphy@example.net		South Africa	West Zoe	Corporate	UNDER REVIEW	76335414838	30179426.21	ZAR	1998-03-30	03/14/2016
1191	NXB00001191	brittany	PHILLIPS	nelsonbenjamin@example.net	79135113505	Germany	Penningtonburgh	Business	UNDER REVIEW	67843485208	48592510.74	EUR	01-Nov-1979	2018-08-24
1192	NXB00001192	Katie	 Schmidt 	sandrasmith@example.com		Nigeria	Davidstad	Savings	verified	61016457072	33135228.98	NGN	07/13/1967	04/21/2016
1193	NXB00001193	 Sue 	HAWKINS	georgesteven@example.org	28010419453	Nigeria	Monicaberg	Savings	PENDING	45200510586	23196066.49	NGN	1990-07-15	06/16/2016
1194	NXB00001194	Kristin	 Dixon 	spearsjose@example.com	74280218893	Nigeria	Port Maxwell	Savings	verified	43276122758	36660869.88	NGN	01/09/1985	06/22/2021
1195	NXB00001195	Tina	 Hansen 	nunezjeremy@example.net	21397436990	Kenya	Susanfort	Savings	FAILED	79626761384	33999568.69	KES	23-Jul-1993	11/23/2024
1196	NXB00001196	 Kristen 	VARGAS	heidi08@example.com	90696904528	Kenya	Smithland	Business	FAILED	91471898140	23636875.82	KES	04/02/1991	2015-07-29
1197	NXB00001197	Jessica	Price	ostevens@example.com	57016527613	South Africa	West Brianaside	Business	UNDER REVIEW		23396462.73	ZAR	26-May-2000	01-Oct-2024
1198	NXB00001198	 Brian 	 Howard 	huntjames@example.net	99296444772	Nigeria	Emmabury	Current	under review	62121308141	32192351.18	NGN	19-Jul-2001	03/12/2018
1199	NXB00001199	JULIE	 Santana 	jasonhunt@example.org	17241553691	Nigeria	Leslieport	Savings	failed	54021205667	29197084.28	NGN	04/01/2001	08-Nov-2021
1200	NXB00001200	MEGHAN	 Richards 	cruzmary@example.net	02425703332	South Africa	Michaelbury	Corporate	UNDER REVIEW	71479131427	25615465.61	ZAR	01/01/1970	13/09/2018
1201	NXB00001201	 Melinda 	 Morris 	aliciaperez@example.com	29662991721	South Africa	New Dominic	Business	FAILED	52910943247	34020929.64	ZAR	12/04/1981	21/08/2015
1202	NXB00001202	 David 	 Turner 	xmarshall@example.org	53926693706	South Africa	Karenborough	Corporate	verified	98846046524	43064094.02	ZAR	1974-03-10	2022-03-14
1203	NXB00001203	david	hall	vincentturner@example.com	22061901933	Kenya	South Cassandra	Current	FAILED	55101663469	14484799.19	KES	08/07/1970	02-Aug-2019
1204	NXB00001204	CHRISTOPHER	brown	lucasivan@example.net	61622564718	Nigeria	Aaronmouth	Current	verified	31311650486	46519983.71	NGN	27/08/1990	07/14/2018
1205	NXB00001205	Beth	HOWELL	jeremymitchell@example.com	23167781456	Nigeria	Marymouth	Business	pending	29114710353	13492844.22	NGN	1990-12-13	02/10/2017
1206	NXB00001206	ALEXANDER	Singh	sierra53@example.net	17766650527	Nigeria	North Kristen	Corporate	pending	87452776601	12529769.72	NGN	05-Jan-1976	16-Feb-2019
1207	NXB00001207	ethan	MILLER	thomas06@example.net	90223116787	United Kingdom	Chenborough	Savings	under review	74912186386	12948084.39	GBP	22/09/1968	20-Jun-2018
1208	NXB00001208	Matthew	 Taylor 	gabriellamartinez@example.com	12684856371	United States	New Larry	Corporate	verified	34764658296	5834790.92	USD	04/14/1985	2022-06-07
1209	NXB00001209	ANDREW	 Johnson 	shawnrogers@example.org	31324659866	South Africa	South Kari	Business	VERIFIED	24625313497	45353273.2	ZAR	07/29/1967	01/25/2021
1210	NXB00001210	 Amanda 	Scott	mhopkins@example.net		South Africa	Gutierrezshire	Business	under review	41579610979	33724235.13	ZAR	08-Jan-2002	28-Feb-2019
1211	NXB00001211	Charles	DUKE	samanthataylor@example.org	40652664267	Ghana	Port Drewburgh	Current	under review	67264070067	827539.21	GHS	11/05/1982	13-Aug-2023
1212	NXB00001212	victoria	 Stewart 	jeffrey37@example.com	56976487849	United States	West Lisa	Corporate	FAILED	16874550540	13511221.0	USD	08/12/1996	2015-05-25
1213	NXB00001213	becky	 Erickson 	smithrichard@example.org	06929656851	Kenya	Cannonmouth	Corporate	 Verified 	91299998474	1359914.3	KES	06/23/2002	2016-09-05
1214	NXB00001214	NANCY	 Dawson 	carlahall@example.com	97934421291	South Africa	Rachelburgh	Savings	EXPIRED	94925500433	2337747.72	ZAR	09/11/1988	2015-04-08
1215	NXB00001215	DYLAN	gonzalez	smurray@example.net	45797251840	Ghana	East Debra	Current	failed	92932978280	2141647.77	GHS	30/07/1979	2016-11-01
1216	NXB00001216	alyssa	davis	jpeters@example.org		Ghana	South Deanna	Current	pending	99054822885	42830832.9	GHS	04/03/1963	25/06/2021
1217	NXB00001217	NICOLE	Steele	levi67@example.com	06363286301	Germany	North Lorraine	Current	VERIFIED	20653167905	8400962.98	EUR	02/04/2001	2015-06-22
1218	NXB00001218	mary	 Vance 	wesley42@example.com	83336796082	United States	Jimenezland	Corporate	failed	70910500669	39080488.4	USD	26-Feb-1974	16-Dec-2021
1219	NXB00001219	 Heidi 	james	danielle49@example.com	92085649013	Kenya	Kathrynland	Current	VERIFIED	37488775772	7960931.8	KES	1991-01-31	11/21/2015
1220	NXB00001220	Rebecca	Arias	brendan01@example.org	46175808038	Ghana	West Jonathanland	Corporate	under review	80290038202	29189698.12	GHS	28-Feb-1966	04/07/2020
1221	NXB00001221	BRUCE	 Brown 	calebsullivan@example.net	13538148374	Nigeria	Williamborough	Business	EXPIRED	47055376593	45882385.47	NGN	05/15/1975	21/01/2019
1222	NXB00001222	Bobby	 Fowler 	weekszachary@example.com	47177840190	Nigeria	South Phyllishaven	Corporate	PENDING	86906286586	13413125.6	NGN	1979-10-21	02-Feb-2024
1223	NXB00001223	HEATHER	 Brewer 	timothygarcia@example.org	58668611997	Ghana	Bethhaven	Savings	 Verified 	95490816691	25940480.45	GHS	19/03/1987	19-Sep-2016
1224	NXB00001224	james	gonzalez	cjones@example.net		Nigeria	Michellemouth	Corporate	verified	98937793735	37916527.69	NGN	1971-07-15	2019-11-28
1225	NXB00001225	TARA	 Herrera 	jake58@example.org	65728535339	Nigeria	West Erik	Savings	UNDER REVIEW	64620109859	27366062.91	NGN	06/22/1960	01/11/2015
1226	NXB00001226	Ricardo	THOMAS	swhitehead@example.com	80158466879	Ghana	North Edward	Current	EXPIRED	81221867738	9949954.07	GHS	07/11/1965	14-Jul-2023
1227	NXB00001227	Zachary	Harris	wwhite@example.com	98345150252	Nigeria	Ronaldbury	Savings	under review	13400769113	4694670.68	NGN	1987-02-02	01-Dec-2021
1228	NXB00001228	ADAM	 Stephens 	shellysmith@example.net	20738277771	Kenya	Donaldberg	Savings	PENDING		39082501.21	KES	25/09/1990	2020-06-13
1229	NXB00001229	HEATHER	CASTILLO	xgonzalez@example.net	07121024234	Ghana	Lake Tamara	Corporate	failed	48904737886	11691398.61	GHS	18-Jan-1979	18/03/2023
1230	NXB00001230	Michael	 Hopkins 	gduke@example.net	19971659656	South Africa	Phillipsfurt	Savings	VERIFIED	18879302150	2231893.85	ZAR	1997-03-04	29/07/2015
1231	NXB00001231	Alexandria	YOUNG	kimberly00@example.net	22426537932	Nigeria	Port Jonathantown	Current	VERIFIED	15893657222	7855564.64	NGN	01-Nov-1989	04/05/2021
1232	NXB00001232	stephen	cox	timothy36@example.org	57911501016	Nigeria	North Williamberg	Savings	verified	34372140955	31195150.54	NGN	24/09/1999	01/02/2019
1233	NXB00001233	Richard	castro	elizabethkirk@example.com	83354883571	Nigeria	West Ashleyfort	Corporate	UNDER REVIEW	45687880064	41655119.74	NGN	29-Jun-1967	11/09/2016
1234	NXB00001234	Ashley	meyers	tsanchez@example.net	64320317266	South Africa	West Philip	Savings	failed	61897724515	14568565.62	ZAR	08/31/1975	11-Dec-2019
1235	NXB00001235	Mason	GARRISON	vanessajimenez@example.org	00020860146	Nigeria	New Andrewmouth	Current	FAILED	64767680170	37207150.74	NGN	09/08/1994	2019-04-03
1236	NXB00001236	JOSHUA	Holloway	zrich@example.net	03356369301	United Kingdom	New Brianshire	Business	EXPIRED	21883409034	40512557.65	GBP	14-Jul-1980	2021-09-18
1237	NXB00001237	 Jimmy 	TRAN	acostalisa@example.com	28354158929	Germany	North Sandra	Business	failed	94130810523	2225575.35	EUR	08/13/1962	10-Mar-2024
1238	NXB00001238	JASMIN	Schultz	pcoleman@example.com	28081226815	Kenya	Shannonview	Corporate	failed	54090129819	1827054.9	KES	08/09/1987	05/06/2017
1239	NXB00001239	kayla	 Bradford 	rhonda31@example.org	58330967397	Nigeria	Tiffanyville	Savings	verified	26756223075	4981193.98	NGN	18-Jul-1962	2023-12-24
1240	NXB00001240	Angela	archer	donald69@example.org	65016767187	Kenya	Lake Alyssa	Current	verified	58287298828	41424263.28	KES	1978-06-26	08/10/2020
1241	NXB00001241	lisa	Robinson	ryanfox@example.net	01627629226	Nigeria	Robertsonhaven	Savings	VERIFIED	30979840406	7815937.16	NGN	04/07/1998	12/20/2017
1242	NXB00001242	alex	LYONS	sethsanders@example.com	22898907499	Ghana	East Marcusfort	Business	UNDER REVIEW	84287930626	41398601.03	GHS	25/11/1996	2023-11-17
1243	NXB00001243	Timothy	 Hernandez 	terri76@example.com	83858050141	United Kingdom	Riveraside	Business	pending	86144804805	14362022.37	GBP	06/09/1973	21-Jan-2015
1244	NXB00001244	BRANDI	 Armstrong 	brittanyrush@example.com	51887114860	Nigeria	North Jenniferburgh	Business	EXPIRED	35252599604	4489901.14	NGN	1979-04-12	02/20/2020
1245	NXB00001245	Jose	Wheeler	alexandrawest@example.com		Kenya	Danielleton	Current	pending	66611659833	22577704.48	KES	15/04/2002	13/12/2021
1246	NXB00001246	 Courtney 	Day	brittanysmith@example.org	50186074290	South Africa	Edwardburgh	Business	failed	80134193511	13270130.38	ZAR	09-Apr-1980	10/11/2015
1247	NXB00001247	fernando	rosales	hjacobs@example.net	62007302426	Nigeria	Jacquelineshire	Corporate	VERIFIED		34717162.98	NGN	03/01/1987	15/01/2017
1248	NXB00001248	shannon	Allen	virginia57@example.net		Ghana	Port Dawnview	Corporate	FAILED	93820291783	1847160.44	GHS	14-Nov-1966	08-Jun-2024
1249	NXB00001249	 Kevin 	Shah	rachel74@example.org	87354453451	Germany	Kempside	Corporate	verified	67381370209	27942028.24	EUR	01/13/1978	11/28/2022
1250	NXB00001250	ELAINE	 Barnes 	elizabethbrennan@example.net	48358626736	United Kingdom	Johntown	Savings	under review	93044429065	12989997.99	GBP	10-May-1961	2017-08-08
1251	NXB00001251	 Michelle 	Shepherd	ediaz@example.org	32698344369	Ghana	West Andrewport	Current	FAILED	35996825159	41931336.29	GHS	04/15/1990	25/01/2024
1252	NXB00001252	luis	Brown	carlsonamanda@example.com	20073429390	Nigeria	Lake Tracy	Business	EXPIRED	67347021442	9808624.41	NGN	1962-10-23	2016-06-16
1253	NXB00001253	donald	 Stanton 	joseph50@example.org		Nigeria	North Robertmouth	Savings	under review	20377484608	16288022.55	NGN	25-Jul-1999	21-Nov-2018
1254	NXB00001254	 Angie 	Bell	benjamin20@example.com	02814353127	Kenya	Port Jeffrey	Business	verified	31598197944	31609698.84	KES	09/18/1984	10/18/2018
1255	NXB00001255	 Travis 	 Garrison 	jacob11@example.org	59042652742	Nigeria	Escobarstad	Savings	UNDER REVIEW	46994497905	19810607.17	NGN	16-May-2001	12/20/2016
1256	NXB00001256	 Daniel 	WILLIAMS	tyler83@example.net	54514609193	United Kingdom	South Elizabethport	Business	 Verified 	40255708221	4422502.04	GBP	11/17/1969	19/02/2024
1257	NXB00001257	maurice	howard	haleyhale@example.com	72816733746	Nigeria	Lake Loganfort	Current	VERIFIED	80358587794	22105700.28	NGN	02/21/1973	01/11/2023
1258	NXB00001258	 Nicholas 	henderson	kathleenscott@example.org	60848187620	United States	South Ashleyland	Corporate	PENDING	56290281247	9714553.86	USD	17/06/1966	15/04/2023
1259	NXB00001259	 Carrie 	 Reynolds 	tylerjimmy@example.net	16704505998	Nigeria	Alexanderville	Current	failed	13192791245	20631644.91	NGN	11/13/1989	03/28/2024
1260	NXB00001260	Stacey	 Farley 	juanperez@example.net	48514202593	Nigeria	Brandonberg	Current	UNDER REVIEW	69660134243	9087470.86	NGN	10/17/2002	18/08/2024
1261	NXB00001261	ANGELA	Floyd	danielscott@example.com	57672991154	Kenya	Courtneyborough	Business	FAILED	80178291958	18144416.83	KES	13/03/1986	2017-06-13
1262	NXB00001262	paula	boyd	deborahwright@example.net	31029771150	Nigeria	Lake Sharonberg	Business	EXPIRED	48751966036	35604696.49	NGN	18-May-1995	06/21/2015
1263	NXB00001263	 Peter 	casey	lisa73@example.org	62910873922	Ghana	South Ashley	Corporate	EXPIRED	17083427671	15011998.27	GHS	30/08/1964	2020-05-06
1264	NXB00001264	Charles	 Morris 	eringraham@example.com	05298770745	Ghana	West Michelleton	Corporate	FAILED	63805818837	42149740.15	GHS	12-Mar-1999	2019-04-06
1265	NXB00001265	Jonathan	 Stewart 	lambgregory@example.org	83878903450	Nigeria	Wesleymouth	Corporate	FAILED	32364878656	35727937.06	NGN	1987-12-22	09/26/2022
1266	NXB00001266	 Kathleen 	 Williams 	nelsoncassandra@example.net	46754182368	Nigeria	North Pamelaside	Savings	VERIFIED	40759185184	34030815.27	NGN	28-Sep-1971	14-Jul-2021
1267	NXB00001267	 Elizabeth 	GRIFFIN	williamskaren@example.org		Nigeria	East Juan	Business	FAILED	18844011523	6874289.48	NGN	1992-03-23	07/12/2017
1268	NXB00001268	brian	 Gardner 	eduardogarcia@example.net	53208316816	South Africa	East Amandaland	Savings	under review	83631977633	11580359.56	ZAR	18/12/1975	2021-03-01
1269	NXB00001269	DEBORAH	MILES	joannaburke@example.com	76720005214	Ghana	Gentrymouth	Savings	verified	36708080918	23123197.45	GHS	07/29/1997	28/08/2018
1270	NXB00001270	 Danny 	 Allen 	monica08@example.net	12370851191	Kenya	Michaelstad	Current	PENDING		38463856.45	KES	07-Mar-1963	10-Apr-2019
1271	NXB00001271	 Robert 	Kennedy	ycooper@example.org	76713771886	South Africa	New Michael	Business	EXPIRED	88772391454	17491355.36	ZAR	27-Jul-1985	2019-02-15
1272	NXB00001272	daniel	 Harmon 	cmclean@example.net	05573713887	United States	Lake Donald	Current	pending	98949088772	4607452.97	USD	22-Feb-1965	06-Oct-2020
1273	NXB00001273	GRACE	pennington	elizabeth14@example.com	62763304117	United States	Grantville	Business	 Verified 	55911820869	6983582.18	USD	10-Apr-1998	2016-08-10
1274	NXB00001274	nicholas	PHILLIPS	danielsanders@example.net	36470465689	Kenya	Mcintoshborough	Corporate	UNDER REVIEW	91892575563	31643040.86	KES	1968-04-18	11-May-2018
1275	NXB00001275	nicholas	HANSEN	aaronramirez@example.org	93631592291	Kenya	South Markbury	Current	VERIFIED	30035210976	23942422.06	KES	20-Apr-1977	03/12/2020
1276	NXB00001276	joshua	Williams	brendan29@example.org	87228247183	Nigeria	South Heatherfurt	Savings	FAILED	43750896889	9028992.06	NGN	2002-01-14	10/24/2023
1277	NXB00001277	Denise	CHARLES	ccook@example.net	97499799052	United Kingdom	Martinezview	Current	pending	69154171037	12060803.52	GBP	1988-11-20	16-Jun-2021
1278	NXB00001278	AMY	Ortiz	vanessa58@example.net	89810617356	Nigeria	Gonzalezville	Current	UNDER REVIEW	89363244095	16190732.45	NGN	1985-06-27	2022-12-07
1279	NXB00001279	Gary	MURRAY	marissa72@example.net	16949637881	Nigeria	New Melissa	Current	FAILED	31063539960	16583415.76	NGN	1978-03-29	2015-12-20
1280	NXB00001280	jennifer	Wong	myerstiffany@example.org	13071675321	Germany	South Samantha	Business	EXPIRED	36064684878	11109784.19	EUR	30/05/1994	10/05/2022
1281	NXB00001281	LEAH	allen	haustin@example.com	90049037295	United States	Wesleymouth	Corporate	FAILED	23436470845	38516162.28	USD	1966-10-05	09/03/2023
1282	NXB00001282	heather	MCKEE	erinstark@example.net	27439225517	South Africa	West Angela	Current	VERIFIED	49050989145	29807119.67	ZAR	1973-09-11	2016-10-28
1283	NXB00001283	NATALIE	 Soto 	marilyn62@example.org	36018639945	Kenya	Lake Kendra	Corporate	failed	60721714794	8310272.67	KES	1965-04-01	2022-08-01
1284	NXB00001284	johnathan	Hall	peter09@example.org	79685909645	Kenya	Taylorview	Corporate	PENDING	38759918481	5157958.94	KES	10/19/1966	12/07/2023
1285	NXB00001285	ROBIN	Johnson	jacquelinemurray@example.net	51668113397	United States	Johnsonberg	Savings	EXPIRED	10365399243	42983749.93	USD	1969-10-06	2021-12-07
1286	NXB00001286	David	SANDOVAL	theresa24@example.org	24198306323	United States	Rachelville	Business	VERIFIED	40545869739	36247759.68	USD	01/24/1995	04/04/2015
1287	NXB00001287	Patricia	 Garcia 	kelly24@example.net	20243509476	Nigeria	Lake Jillchester	Savings	EXPIRED	44688789427	44771110.73	NGN	18/04/1981	2018-11-13
1288	NXB00001288	diane	Whitney	afritz@example.net	14753989137	UAE	Mariahberg	Corporate	 Verified 	19560999425	41362724.25	AED	11/27/1993	26/04/2016
1289	NXB00001289	KEVIN	NGUYEN	cohencindy@example.net	61103565942	Nigeria	North Cynthia	Savings	UNDER REVIEW	90989767029	30796549.85	NGN	07/25/1998	05/09/2015
1290	NXB00001290	Greg	Castillo	qreynolds@example.com		Ghana	Port Gary	Corporate	pending	65696483352	20162049.14	GHS	02/13/1987	08/28/2024
1291	NXB00001291	MICHAEL	HALL	qdavis@example.org	83909342424	Germany	Nunezhaven	Corporate	verified	80086459937	41030213.98	EUR	1995-01-18	03/07/2021
1292	NXB00001292	JULIE	 Nelson 	jamesevans@example.net	34375186694	UAE	Parsonsstad	Current	FAILED	36554089247	15263102.39	AED	1997-11-16	18/12/2023
1293	NXB00001293	Lisa	Thompson	jessicathompson@example.net	85507435095	Ghana	Chelseafort	Current	pending	99658608683	8969426.02	GHS	30-Dec-1980	2021-09-22
1294	NXB00001294	Megan	glenn	ashleyroman@example.net	45359176504	UAE	North Benjamin	Business	PENDING	57010781719	37263378.81	AED	21-Dec-1975	2024-10-04
1295	NXB00001295	 Brittany 	CHAPMAN	derek87@example.org	49668667989	Nigeria	Smithville	Current	failed	43290252922	21704094.95	NGN	05/04/1984	21/02/2021
1296	NXB00001296	stephen	castaneda	brennanmichelle@example.com	14971103847	Nigeria	Castillostad	Current	PENDING	14367955832	13275832.02	NGN	23/07/1970	11/11/2017
1297	NXB00001297	Robert	 Luna 	delgadochase@example.net	01674492343	Ghana	Johnstonmouth	Corporate	failed	61961652180	11928969.91	GHS	1994-05-24	2016-06-17
1298	NXB00001298	Andrew	bray	mario05@example.com	93754024286	Ghana	West Laurie	Corporate	EXPIRED	16011390215	6530499.61	GHS	28-Jan-1976	2015-01-20
1299	NXB00001299	DAVID	Haley	markbaird@example.net	85762648163	Nigeria	Port Kaitlyn	Corporate	 Verified 	25221579417	35483314.02	NGN	11/28/1991	19/11/2022
1300	NXB00001300	 Michele 	ONEILL	ggonzalez@example.com	01012789695	United States	North Katherine	Savings	failed	20200771156	4921635.06	USD	04/03/1987	2019-06-26
1301	NXB00001301	Dawn	 Gordon 	dylan77@example.com	70365620363	Germany	Jasonview	Business	failed	80429889662	48503944.03	EUR	13-Jan-1977	07/10/2024
1302	NXB00001302	RICHARD	norman	tburgess@example.org	18123357617	Kenya	Port David	Business	failed	45711626128	49598056.79	KES	08-Jan-1998	26/07/2022
1303	NXB00001303	SEAN	RAMIREZ	steven62@example.net		Germany	Zamorafurt	Savings	pending	69937475724	32354677.64	EUR	03/05/1966	07/26/2020
1304	NXB00001304	 John 	Long	heather89@example.net	74759443485	Nigeria	Melindamouth	Current	verified	73419283793	37315358.6	NGN	01/07/1996	05/19/2019
1305	NXB00001305	KARA	Cobb	riverskristen@example.com	76874042076	Kenya	West Candicestad	Corporate	VERIFIED	38284408209	13302568.94	KES	1995-01-11	23-Jul-2019
1306	NXB00001306	 James 	Davis	karen33@example.org		Nigeria	Port Antonioton	Savings	FAILED	98165757918	12967940.22	NGN	03/14/1972	10/10/2024
1307	NXB00001307	 Ashley 	ramirez	hogannathan@example.com		UAE	East Julie	Corporate	pending	90147381574	17101508.51	AED	1991-11-03	06/02/2018
1308	NXB00001308	 Jennifer 	 Cooper 	diana65@example.org	23266000470	South Africa	North Jillport	Business	failed	77416809978	42207187.2	ZAR	26-Apr-1991	22/06/2024
1309	NXB00001309	BRENDA	MOLINA	madison11@example.net	51181583746	Nigeria	Jessicafort	Savings	under review	22302263003	32593868.63	NGN	01/16/1980	14-Jan-2018
1310	NXB00001310	Shane	mclean	qdixon@example.org	79666829052	Kenya	Tiffanyshire	Current	UNDER REVIEW	25780388016	40897676.76	KES	12/02/1991	03/06/2021
1311	NXB00001311	 Nicholas 	ROSE	hillfrank@example.org	02927640547	UAE	Thompsonberg	Savings	VERIFIED	70518225642	1131581.37	AED	1984-12-12	28-May-2016
1312	NXB00001312	CARLOS	brown	robinsonchristopher@example.com	04747338914	South Africa	Garymouth	Savings	failed	91346293891	15435911.05	ZAR	1972-08-22	02-Nov-2022
1313	NXB00001313	kevin	Turner	aaronmurphy@example.com	10238735186	Nigeria	Mendozaville	Business	 Verified 	86845286818	10498663.5	NGN	26/07/1969	23/11/2016
1314	NXB00001314	 James 	MONTES	charles30@example.org	85346581539	United Kingdom	Danaville	Current	VERIFIED	31123954738	21020522.16	GBP	11/08/1974	26/01/2018
1315	NXB00001315	Tracy	guzman	natalie90@example.net	12865581675	United Kingdom	New Jamie	Savings	PENDING	74253285893	48009401.75	GBP	14-Apr-1990	2015-10-26
1316	NXB00001316	 Melissa 	MATTHEWS	amanda91@example.net	03814634292	Kenya	Lake Charlenestad	Savings	failed	65546918142	13260858.06	KES	1977-02-15	02/27/2016
1317	NXB00001317	Audrey	garner	tiffanyboone@example.net	21852734114	Nigeria	East Christopher	Business	EXPIRED	34526188656	12438183.5	NGN	14/05/1992	12/04/2018
1318	NXB00001318	NICOLE	kelly	melindafarley@example.com	03044077811	Kenya	Wardside	Business	FAILED		9042802.51	KES	2001-10-12	2016-10-04
1319	NXB00001319	KEVIN	tate	stephen63@example.net	54182991269	Germany	Ericchester	Current	under review	89384184823	48593664.15	EUR	16/09/1962	20/06/2022
1320	NXB00001320	 Kristopher 	Miller	johnsonteresa@example.net	69100822421	Ghana	South Madison	Current	PENDING	40033636088	41532764.97	GHS	01-Jan-1989	2020-02-25
1321	NXB00001321	sara	HERNANDEZ	chenvictor@example.net	26996208347	Ghana	North Michaelbury	Savings	VERIFIED	12028884825	41682347.41	GHS	1993-08-10	2020-01-05
1322	NXB00001322	DONALD	 Marsh 	travis28@example.net	03220074859	Germany	Lindaside	Corporate	pending	32440328956	2310930.55	EUR	1995-11-29	05/26/2021
1323	NXB00001323	 Steven 	 Martinez 	christopher52@example.net	58028606048	Nigeria	West Alexander	Business	PENDING	34413086792	30976690.21	NGN	1975-08-05	23/07/2024
1324	NXB00001324	Krista	 Boone 	zbaker@example.com	09041898566	Germany	North Rachelmouth	Business	EXPIRED	66406800542	23809108.28	EUR	02-Mar-1976	01/03/2016
1325	NXB00001325	Courtney	 Gomez 	jeffreyhansen@example.net	65699313606	Kenya	North Victoriaborough	Corporate	pending	11503345838	43025674.89	KES	1996-03-05	04-Mar-2017
1326	NXB00001326	ANGELA	smith	timothy94@example.net	19903803514	Ghana	Jessicaside	Corporate	 Verified 	93310347850	49588922.49	GHS	1970-02-15	06/06/2017
1327	NXB00001327	Gary	Higgins	kyle91@example.com	90534728395	UAE	Lewiston	Current	UNDER REVIEW	74220269895	11522687.87	AED	1960-06-14	05-Mar-2020
1328	NXB00001328	lori	Rivera	davidcross@example.com	84886865629	Germany	Port Norma	Savings	under review	55161325367	7758572.31	EUR	29-Aug-1966	19/03/2020
1329	NXB00001329	Alicia	martin	wolfdaniel@example.org	35306885684	United Kingdom	Fowlerhaven	Corporate	pending	14401152569	36146033.13	GBP	01/25/1976	25/06/2019
1330	NXB00001330	 Andrew 	 Avery 	mario83@example.com	49597521353	South Africa	Phyllismouth	Current	FAILED	48624251809	6911164.4	ZAR	25-Nov-1983	26/10/2022
1331	NXB00001331	carol	 Moore 	thill@example.com	11486267511	Nigeria	Colemanmouth	Current	FAILED	32233816808	17182420.32	NGN	01/02/1986	2016-02-22
1332	NXB00001332	JEFFREY	AUSTIN	kristin15@example.net	41967896300	Nigeria	Jillburgh	Business	 Verified 	38582921545	12923673.59	NGN	2000-03-12	17/04/2017
1333	NXB00001333	bruce	RODRIGUEZ	marymiller@example.net	97224228483	Nigeria	South Patrick	Current	PENDING	58451228676	20231871.78	NGN	1994-05-12	07-Jun-2016
1334	NXB00001334	ANGELA	Bradley	ryan01@example.net	40334801537	South Africa	Rossfort	Corporate	FAILED	24774207168	29825869.16	ZAR	05-Dec-1995	2023-06-11
1335	NXB00001335	 Damon 	REED	joseph05@example.org	60967462720	Kenya	Schaeferport	Corporate	failed	60276975303	15704577.84	KES	08/26/1992	28-Jan-2016
1336	NXB00001336	claire	 Brown 	jennifernicholson@example.com	72850215538	Kenya	Gibsonmouth	Current	under review	11242816041	16498837.22	KES	12/30/1991	21/01/2022
1337	NXB00001337	 Ana 	Davis	paulbutler@example.org	67844607890	Nigeria	Lake Kimberlyshire	Current	failed	79289790430	49606216.28	NGN	1969-07-28	24/06/2017
1338	NXB00001338	heidi	hurley	bryantnicholas@example.org	94414925316	South Africa	New Katherine	Savings	UNDER REVIEW	40162942255	8666552.17	ZAR	21-Aug-1986	30/06/2023
1339	NXB00001339	KATHLEEN	holmes	elizabeth74@example.com	65659070554	Ghana	Lake Mary	Business	VERIFIED	67535908345	22002876.28	GHS	20/11/2000	2022-02-25
1340	NXB00001340	Jeffrey	 Cannon 	gsandoval@example.com	92209490763	Ghana	Jasonshire	Corporate	EXPIRED	89749989236	34087721.66	GHS	03/23/1979	05-Aug-2016
1341	NXB00001341	STEVEN	martinez	beckdaniel@example.com	77349431487	United Kingdom	Sherrimouth	Business	 Verified 	28513110978	42897556.37	GBP	02/04/1977	2016-09-17
1342	NXB00001342	suzanne	 Rogers 	dale54@example.net	41685573952	Ghana	Tammystad	Business	FAILED	70068501007	11778680.58	GHS	30-Jan-1987	24-Nov-2021
1343	NXB00001343	Angela	Flowers	todd94@example.com		United States	Sarahville	Business	under review	67390615125	39045413.55	USD	15-Apr-1989	2017-03-23
1344	NXB00001344	DESIREE	POWELL	kristinkent@example.com	36233470407	Kenya	Romanmouth	Current	verified	62415883539	33738308.08	KES	12/07/1969	08/12/2018
1345	NXB00001345	cynthia	davis	fcaldwell@example.net	41855950837	South Africa	Johnsonmouth	Current	failed	82662790069	22874869.35	ZAR	04/24/1985	2021-09-17
1346	NXB00001346	ANTHONY	FRANKLIN	egarcia@example.com		Ghana	Christinatown	Savings	pending	48699272487	27661418.65	GHS	29/04/1979	2023-01-28
1347	NXB00001347	donna	 Williams 	gonzalesaustin@example.com	94907869285	United Kingdom	Mckeeberg	Business	failed	86316387979	44385124.44	GBP	03/02/1988	14/06/2022
1348	NXB00001348	Daniel	YATES	elizabethtownsend@example.net	76353673558	Kenya	South Brianberg	Corporate	under review	17709292017	39451154.88	KES	1987-08-25	09/21/2021
1349	NXB00001349	Dean	MEDINA	kimberly33@example.com	39014309742	Kenya	South Richard	Savings	failed	67002377125	22048788.69	KES	11-Oct-1985	10/11/2017
1350	NXB00001350	emily	 Walker 	ujoseph@example.net	71480300735	Germany	South Madison	Savings	UNDER REVIEW	79281120768	47197546.53	EUR	06-May-1961	13/05/2019
1351	NXB00001351	william	 Mccann 	howard63@example.net	94128866911	Ghana	Port Leah	Business	EXPIRED	20490640684	29874043.41	GHS	05/16/2001	28-Dec-2019
1352	NXB00001352	 Charles 	Sims	marcomoore@example.com	19789259465	Nigeria	Nicholasstad	Current	PENDING	61713883559	8308260.68	NGN	1974-07-04	09/05/2016
1353	NXB00001353	 Isabel 	White	joshua11@example.net	85136738052	Nigeria	Lake Brittanymouth	Corporate	pending	99989451320	8687278.26	NGN	09/24/2001	05/06/2018
1354	NXB00001354	Mary	bowen	kimberly84@example.com	46220148333	Ghana	North Danielmouth	Savings	 Verified 	26407839076	34458447.9	GHS	1977-06-11	03/23/2024
1355	NXB00001355	GARY	clark	asmith@example.net		Kenya	Johnsfurt	Business	failed	93406579284	14891500.97	KES	1979-02-28	2018-05-12
1356	NXB00001356	Samantha	 Harrison 	kwilliams@example.org	76183762950	Nigeria	Barkerland	Corporate	pending	66186412449	4512657.41	NGN	1967-12-16	10-Feb-2024
1357	NXB00001357	 Dana 	Lopez	porterbobby@example.net	80418693032	Nigeria	Lauraview	Business	PENDING	69221806685	35652952.01	NGN	1991-11-22	2022-02-28
1358	NXB00001358	Christina	mcdonald	chapmanchristopher@example.org	39064909703	Nigeria	Lisaville	Current	FAILED	28781062440	42332075.15	NGN	29/08/1978	2015-01-06
1359	NXB00001359	JANET	CARLSON	martinezchad@example.com	36829670742	UAE	North Carmen	Current	pending	78094917979	10054632.33	AED	1983-04-07	2016-03-09
1360	NXB00001360	Dana	 Sanders 	kimberlypeterson@example.org	02216908875	Nigeria	East Michellebury	Savings	PENDING	84624122457	3212551.28	NGN	1993-07-15	14-Sep-2021
1361	NXB00001361	james	 Chaney 	katelyncarey@example.org	06573517454	South Africa	Port Hannah	Business	VERIFIED	61011701035	17134125.61	ZAR	1985-10-26	07/14/2022
1362	NXB00001362	 Michael 	JOHNSON	jessicatorres@example.org	83319558979	UAE	West Lindsey	Corporate	EXPIRED	74754375454	885447.68	AED	06-Jul-1960	11/04/2021
1363	NXB00001363	Michelle	CHAVEZ	fhickman@example.com	30568709412	South Africa	West Christopherfurt	Corporate	verified	68412253442	4644603.2	ZAR	07/05/1986	04/30/2017
1364	NXB00001364	Jon	lamb	jason76@example.net	18767760064	Nigeria	Shellyshire	Current	VERIFIED	15433934487	33453403.02	NGN	05/01/2002	2020-05-11
1365	NXB00001365	Lauren	 Gibson 	meganfowler@example.com	03324967574	United States	West Amyside	Current	EXPIRED	84109173720	841800.07	USD	1977-12-01	10/07/2015
1366	NXB00001366	michele	WILLIS	nswanson@example.org	56054270799	United States	Leahchester	Current	VERIFIED	65811714165	29799495.44	USD	28-Mar-1997	28/10/2015
1367	NXB00001367	MARILYN	GARCIA	webbvictoria@example.com	47545657289	Ghana	South Felicia	Corporate	VERIFIED	99470449669	3641883.14	GHS	1963-09-03	06/25/2022
1368	NXB00001368	jason	hunter	sherry03@example.net	98468560669	UAE	Joneshaven	Current	VERIFIED	53731827930	18180272.99	AED	29/03/1999	07/06/2021
1369	NXB00001369	DAVID	Ortiz	xjohnson@example.com	77957039962	Nigeria	Mcdonaldburgh	Business	pending	84863319247	33076217.34	NGN	1982-08-25	2024-06-26
1370	NXB00001370	NATASHA	 Morton 	yjones@example.org	73512896220	United States	West James	Savings	failed	11543225598	17517106.18	USD	1963-12-30	2016-07-31
1371	NXB00001371	JESSE	 Cohen 	brettthomas@example.net	44606069430	UAE	Destinyborough	Business	verified	86836779369	38549626.75	AED	10-May-1971	19/05/2023
1372	NXB00001372	MATTHEW	 Medina 	imorris@example.net	12853700644	UAE	Justinfort	Savings	failed	86340554578	42118621.39	AED	02/04/1972	28-Apr-2021
1373	NXB00001373	KIMBERLY	 Peterson 	wilsonbeth@example.net	42554280537	Nigeria	West Mason	Savings	pending	16448903091	20991559.98	NGN	27/11/1965	10-Dec-2017
1374	NXB00001374	Anthony	HAWKINS	opierce@example.com	02039221317	Ghana	Annchester	Corporate	failed	92212801913	49148699.65	GHS	04-Jul-1963	2016-08-09
1375	NXB00001375	 Sandra 	 Bean 	amberkennedy@example.net	28731424956	Nigeria	South Ruthshire	Current	UNDER REVIEW	39411815789	33886904.78	NGN	17-Feb-1988	04/02/2020
1376	NXB00001376	Philip	evans	msmith@example.org	70051028745	Germany	East Erintown	Savings	verified	75651543288	7379705.35	EUR	05/04/1988	20/05/2016
1377	NXB00001377	Christopher	CLAY	kenneth41@example.com	87921046627	Nigeria	West Georgeshire	Current	under review	92160479007	40428584.97	NGN	10/12/2002	2015-12-14
1378	NXB00001378	 Seth 	 Hill 	halljennifer@example.org	85483309587	Germany	South Amanda	Savings	FAILED	92929124832	26343622.63	EUR	11/02/1972	28/10/2024
1379	NXB00001379	Dawn	 Simmons 	linmatthew@example.net	32671485819	Kenya	West Bradleyville	Current	EXPIRED	77628604525	41165242.5	KES	1973-04-01	2016-10-09
1380	NXB00001380	ariana	crawford	bcaldwell@example.net	51920182852	United States	New Shannon	Savings	 Verified 	28564091584	14039062.32	USD	09-Feb-1969	12-Sep-2016
1381	NXB00001381	ADAM	Adams	karenrichards@example.net	91585511639	UAE	Carolyntown	Business	pending	70398058565	9397763.85	AED	1976-03-27	10/22/2018
1382	NXB00001382	rebecca	Owens	hturner@example.com	48739626259	Nigeria	Lake Chad	Current	verified	79230693889	13973657.63	NGN	15/03/2001	10-Mar-2015
1383	NXB00001383	Kevin	andrews	pluna@example.net	77244343549	South Africa	Martinfurt	Current	 Verified 	10530770172	30424312.07	ZAR	08/14/1999	06-Nov-2024
1384	NXB00001384	MICHAEL	Rodriguez	tgoodwin@example.org	29903480424	United States	Woodwardtown	Savings	failed	13702775487	40468554.25	USD	22/02/1984	09/28/2020
1385	NXB00001385	jennifer	 Bradley 	guzmanrobert@example.com	37624266225	Nigeria	North Jeffrey	Corporate	pending	86287462921	7980956.19	NGN	14-Mar-1999	07/04/2015
1386	NXB00001386	kimberly	hall	robbinsjoseph@example.net	15273117226	Nigeria	Travismouth	Savings	FAILED	93717872819	47045958.6	NGN	1998-10-28	2020-08-19
1387	NXB00001387	 Robert 	booker	kochcynthia@example.net		South Africa	Davidbury	Business	 Verified 		48684491.96	ZAR	03/06/1975	28/10/2020
1388	NXB00001388	 Jeff 	 Rivera 	shane42@example.org	59667715390	Germany	Hammondburgh	Business	UNDER REVIEW	30902926279	21142069.67	EUR	01-Jun-1994	08/19/2020
1389	NXB00001389	judy	Marshall	richardsmith@example.net	29909006476	Nigeria	Dustinhaven	Business	failed	34686836453	6848945.18	NGN	06/10/1974	2018-09-01
1390	NXB00001390	tracy	WILKINSON	louis04@example.org	16979206754	Nigeria	West Stephanie	Business	VERIFIED	44294905287	12962384.11	NGN	05/24/1976	03/19/2021
1391	NXB00001391	Gabriella	 Ross 	ramirezmelissa@example.net	52878357338	Kenya	North Sarah	Corporate	EXPIRED	63408554742	45796544.03	KES	1991-10-14	12/20/2020
1392	NXB00001392	Jesse	 Peterson 	brentodom@example.com	12247409853	Kenya	East Jerryton	Savings	 Verified 	96138212927	23895582.77	KES	1969-04-24	09/02/2022
1393	NXB00001393	mario	JONES	martinezlorraine@example.com	07155587094	United Kingdom	East Paula	Business	 Verified 	28881245069	5216448.34	GBP	1989-05-16	23-May-2020
1394	NXB00001394	Lisa	leonard	phillip11@example.net	55125380781	United Kingdom	Port Tiffany	Savings	verified	20255049253	14229466.0	GBP	01-Nov-1972	06/08/2016
1395	NXB00001395	Terri	Reed	baileyjulia@example.net	94197157557	United States	Salinasburgh	Current	FAILED	91901279112	39886983.1	USD	19/02/1998	2016-02-01
1396	NXB00001396	susan	Welch	tinaortiz@example.org	16218563520	South Africa	Ayersmouth	Corporate	 Verified 	68506994775	42179014.62	ZAR	1980-12-18	2016-01-13
1397	NXB00001397	Bob	moore	catherine68@example.com	97714336080	Germany	North Christianport	Business	failed	94180308728	25068553.86	EUR	22-Feb-1993	16/02/2024
1398	NXB00001398	KATHY	 Butler 	atkinsonjessica@example.net	78888189304	South Africa	Maysside	Corporate	VERIFIED	23446828774	18634623.7	ZAR	07/02/1986	06-Aug-2020
1399	NXB00001399	alexandra	russell	uzimmerman@example.com	85690509656	Nigeria	South Timothy	Corporate	failed	39720422321	11112122.23	NGN	03/09/1967	02/01/2017
1400	NXB00001400	ALEXANDRIA	 Smith 	jennifermoore@example.org	47237356407	UAE	New Jeffreyfurt	Savings	failed	37704553191	34445235.05	AED	01/02/1974	11/12/2023
1401	NXB00001401	 Cassandra 	Farley	dakota45@example.com	67146749066	Kenya	Coleland	Savings	EXPIRED	40142075312	20433121.62	KES	10-Jun-1978	2019-07-06
1402	NXB00001402	miranda	morgan	fbarry@example.com	56059563431	Nigeria	Clarkberg	Current	verified	98851878924	27168920.57	NGN	06/04/1965	18/08/2024
1403	NXB00001403	Allen	 Johnson 	allison56@example.com	37773031678	UAE	Port Robert	Current	under review	39164735208	30135489.0	AED	1968-11-10	11-May-2018
1404	NXB00001404	nathan	KELLEY	alexandergarcia@example.com	25455005490	South Africa	New Melanie	Corporate	under review	16000466999	44428493.44	ZAR	11-May-1984	2017-08-06
1405	NXB00001405	Richard	ellis	ytaylor@example.org	30343830009	Nigeria	West Eric	Business	PENDING	88499620953	43974931.86	NGN	1985-03-24	05-Apr-2016
1406	NXB00001406	kyle	Giles	vasquezterri@example.com	79965466289	UAE	Coryfurt	Current	verified	71139026796	28087848.4	AED	18/12/1963	2023-06-29
1407	NXB00001407	eric	 Rogers 	ostrickland@example.com	02230234056	Nigeria	East Michaelstad	Business	PENDING	18997301405	34620222.58	NGN	04-Aug-1992	01-Jul-2021
1408	NXB00001408	April	Doyle	curtis82@example.net	51666081239	United States	Kelseyfort	Current	verified	42739096247	25232212.07	USD	11/08/1993	03/03/2016
1409	NXB00001409	 Cynthia 	Johnson	amarsh@example.org	27695844420	Germany	Heatherberg	Corporate	 Verified 	63639250201	23330191.19	EUR	24/04/1983	04/05/2020
1410	NXB00001410	 John 	STEPHENS	elee@example.org	37145031180	Ghana	Welchville	Current	failed	74808045035	13213513.52	GHS	1986-09-19	23-Jul-2021
1411	NXB00001411	SAMANTHA	French	elizabethortiz@example.com	04718911992	Nigeria	West Jessica	Current	under review	77803028868	42820783.1	NGN	08/11/1968	2021-10-25
1412	NXB00001412	ROBERT	Arnold	keithnovak@example.org	14131811814	South Africa	Lake Janeburgh	Savings	VERIFIED	18993562167	4558878.49	ZAR	1987-05-09	01-Oct-2018
1413	NXB00001413	leslie	wilson	collinsshannon@example.net	60940671487	Kenya	North Jamesview	Corporate	failed	93749248160	8236051.12	KES	07-May-1963	2021-07-24
1414	NXB00001414	 Lisa 	GOMEZ	enelson@example.org	75794074033	Nigeria	Christineshire	Corporate	failed		41363167.95	NGN	1991-07-31	2018-07-01
1415	NXB00001415	CHRISTINA	 Montes 	osmith@example.org	36941264106	Ghana	South Katherine	Corporate	pending	91340694466	19354057.97	GHS	11/20/1989	05/05/2019
1416	NXB00001416	 Shannon 	HALL	warnerangela@example.com	63101089654	Nigeria	West Jeremiah	Savings	 Verified 	39041174940	23174426.83	NGN	24-May-1979	07/05/2017
1417	NXB00001417	 Benjamin 	galvan	brownscott@example.net	79486989484	Nigeria	Smithbury	Business	UNDER REVIEW	24899123248	33396365.97	NGN	09-Oct-1993	22/01/2019
1418	NXB00001418	 Richard 	 Rodriguez 	morsestephen@example.com	17737594933	South Africa	North Sarahland	Savings	verified	50096280589	34052533.39	ZAR	19/04/1964	31/07/2022
1419	NXB00001419	 Scott 	BERRY	ccollier@example.com	21444155967	Nigeria	East Elizabeth	Corporate	PENDING	67296288445	25665113.15	NGN	08/11/1990	2023-06-17
1420	NXB00001420	 April 	alvarado	vmercer@example.com	39170335300	Nigeria	South Courtney	Business	PENDING	78583010755	43168625.4	NGN	07-Sep-1996	04/19/2024
1421	NXB00001421	 Tina 	Lewis	vrobbins@example.net	73173946248	United Kingdom	Port Julie	Business	EXPIRED	31694139018	19442601.38	GBP	29/09/1966	09/06/2019
1422	NXB00001422	Ann	 Bailey 	qhodge@example.org	76871413493	South Africa	Alexanderton	Business	UNDER REVIEW	72355377123	32963221.06	ZAR	15/05/1977	10-Dec-2021
1423	NXB00001423	 Russell 	DIAZ	woodsjeremy@example.com	92116250698	UAE	Karenfurt	Business	UNDER REVIEW	99515533545	40552851.65	AED	14-Sep-1970	28/07/2024
1424	NXB00001424	KEVIN	clark	ssmith@example.net	57039342718	United States	West Marco	Business	VERIFIED	60571748699	12446207.91	USD	03/18/1982	2021-09-25
1425	NXB00001425	 Cassandra 	Phelps	murphychristine@example.org	00011015616	Kenya	Leeview	Current	pending	54060773513	43937698.55	KES	19/08/1970	10-Jan-2024
1426	NXB00001426	 Kristin 	FAULKNER	taylorchristopher@example.org	08823846990	Nigeria	Andersonborough	Business	FAILED	38055137600	10336722.18	NGN	09-Dec-1983	07/09/2019
1427	NXB00001427	 Charles 	 Baker 	allison77@example.net	65561922188	Nigeria	South Jasonland	Business	PENDING	48305968646	40665410.57	NGN	23/04/1961	25/06/2017
1428	NXB00001428	Alicia	RIGGS	david61@example.net	02364169368	Nigeria	South Melaniechester	Business	VERIFIED	37429052004	9245556.6	NGN	10-Sep-1991	2024-05-27
1429	NXB00001429	joshua	 Copeland 	jeremiahray@example.org	25282671269	Ghana	Cassidyshire	Business	PENDING	72418600912	31766166.67	GHS	05/16/1979	07-Apr-2017
1430	NXB00001430	 Manuel 	Dalton	lawrencemeadows@example.com	44843686811	United States	East Brandon	Corporate	under review	17497153120	12758181.5	USD	02/28/1998	06/12/2020
1431	NXB00001431	Jonathan	JACOBS	floresvictor@example.org	55906278790	UAE	Lake Edwinview	Business	pending	51126743074	40999007.21	AED	1963-02-17	2024-11-01
1432	NXB00001432	STEPHANIE	 Mckay 	ajackson@example.org	60323584180	Nigeria	Melvinshire	Savings	pending	24293212739	19891137.94	NGN	23-Mar-1983	21/08/2021
1433	NXB00001433	ashley	burns	jennifercordova@example.net	95795519247	Kenya	North Timothyborough	Savings	under review	44734238297	12954752.04	KES	24-Nov-1999	06-Jan-2020
1434	NXB00001434	vanessa	Richmond	tsmith@example.net	25676112584	Nigeria	North Laura	Savings	UNDER REVIEW	99200174360	34469769.38	NGN	1978-05-21	30/01/2017
1435	NXB00001435	 Amy 	Ward	antoniogould@example.net	92482873210	Nigeria	North George	Corporate	EXPIRED	74684194194	4717223.79	NGN	1997-12-15	10/17/2016
1436	NXB00001436	SCOTT	moran	kathryn48@example.com	20720197084	Nigeria	Kingland	Savings	 Verified 	75230259248	23355175.73	NGN	28-Apr-1976	2022-07-16
1437	NXB00001437	samuel	 Moran 	baustin@example.org	51295551005	United Kingdom	New Kevinside	Corporate	PENDING	11915101294	17056072.64	GBP	1991-02-08	2020-06-27
1438	NXB00001438	 Kayla 	Mckinney	rubenthompson@example.net	03607223502	Germany	Lake Rebeccaview	Savings	VERIFIED	69350735153	13732742.36	EUR	1982-03-31	02/07/2020
1439	NXB00001439	 Felicia 	Wiley	james75@example.org	69280916631	Germany	Hufffort	Current	VERIFIED	45338982443	26118458.62	EUR	26-Jun-1994	03/09/2020
1440	NXB00001440	Jessica	TORRES	jamiesmith@example.com	41061664970	Ghana	Kellymouth	Business	failed	29843569542	24220838.48	GHS	1983-01-22	2021-11-21
1441	NXB00001441	andrea	 Garcia 	burnskevin@example.net	28092411505	Nigeria	Gilbertchester	Business	FAILED	66189799085	24876170.48	NGN	17-Apr-1983	15-May-2023
1442	NXB00001442	Corey	higgins	davidcopeland@example.net	52322805883	Nigeria	Jimmyview	Savings	FAILED	35751971825	48600028.98	NGN	05/07/1961	09-Jan-2022
1443	NXB00001443	Jody	blevins	tyler62@example.com	95011152558	Ghana	Griffinside	Corporate	pending		31437228.48	GHS	1962-06-05	03-May-2023
1444	NXB00001444	ANDREA	thompson	walkertonya@example.com	30458809718	Nigeria	Margaretberg	Corporate	under review	40905870153	1555874.03	NGN	12/06/1986	04-Oct-2017
1445	NXB00001445	GREGORY	frey	michealpark@example.net	59205596757	UAE	North Erinmouth	Savings	EXPIRED	98464481301	29861845.81	AED	12-Jan-1996	2018-02-01
1446	NXB00001446	veronica	SALINAS	andrewtorres@example.com	62745116089	Germany	Buckton	Savings	 Verified 	94301426863	18185488.84	EUR	10-Mar-1964	2015-01-18
1447	NXB00001447	lauren	RODRIGUEZ	donna22@example.org	36896008347	Nigeria	Lake William	Corporate	PENDING	18197226950	15397344.12	NGN	1999-03-24	2023-10-08
1448	NXB00001448	Becky	Black	adrianmcneil@example.com	61139979927	South Africa	Donovanbury	Business	EXPIRED	59461725138	22451518.24	ZAR	26/12/1996	23/09/2021
1449	NXB00001449	jason	Rhodes	nicole28@example.com	81843976309	United States	Youngshire	Business	UNDER REVIEW	79736104822	41578427.13	USD	1976-10-22	01/03/2021
1450	NXB00001450	justin	 Aguilar 	kimberly57@example.net	44107692626	Kenya	West Kayla	Business	 Verified 	59765277305	43469633.47	KES	01-Jun-1964	26-Jan-2017
1451	NXB00001451	MARIA	Holder	norrisanthony@example.net	35983985907	Ghana	Coxmouth	Business	pending	40240944986	3155061.62	GHS	1983-01-09	13/06/2021
1452	NXB00001452	Shannon	Avila	qrivera@example.net	67843407307	United Kingdom	Bernardville	Business	PENDING	63487300611	5614047.91	GBP	07-Nov-1995	03-Mar-2015
1453	NXB00001453	NICOLE	Parks	lesliejohnson@example.net	78836922338	Kenya	East Rebeccachester	Savings	PENDING	29637056952	32893150.38	KES	03/12/1972	25-Dec-2022
1454	NXB00001454	 Bonnie 	 Munoz 	stephaniecook@example.org	31265327355	Nigeria	Mooreton	Business	UNDER REVIEW	60611268815	30266051.97	NGN	11/18/1995	17-Feb-2019
1455	NXB00001455	jacob	schmitt	josephfreeman@example.com	95093555570	Kenya	South Danielview	Corporate	EXPIRED	56282413715	15351241.41	KES	07/06/1994	14/01/2022
1456	NXB00001456	charles	Barnes	joseph59@example.com	61218939127	United States	Anthonyfurt	Business	verified	36311790127	25958562.51	USD	28-Aug-1966	04/06/2023
1457	NXB00001457	DALE	 Moore 	rebeccaweaver@example.org	56446853045	Kenya	Beverlyton	Savings	failed	56704186637	44689011.64	KES	27-Nov-1986	20-Feb-2021
1458	NXB00001458	David	RUSSELL	roy77@example.com	33276399046	South Africa	Lake Judy	Corporate	under review	36339195457	34048348.18	ZAR	17/04/1975	23/05/2022
1459	NXB00001459	john	Cunningham	stacycoleman@example.net	22209755061	Nigeria	South Dawnmouth	Savings	 Verified 	73464684060	21830826.23	NGN	1971-10-27	19-Mar-2019
1460	NXB00001460	andrew	 Griffith 	erika20@example.org	93449076972	Nigeria	Lake Charles	Current	EXPIRED	58951034176	10268548.1	NGN	25-Oct-1962	29-Feb-2024
1461	NXB00001461	DEBORAH	 Jennings 	briannareid@example.org	96921053071	Nigeria	Williamston	Savings	VERIFIED	50110634402	48038922.76	NGN	02/02/1975	12-Nov-2023
1462	NXB00001462	Rachael	 Martinez 	williampearson@example.com	27054985788	Ghana	North Ricardo	Current	verified	36691888687	18964083.54	GHS	13/08/2001	04/11/2022
1463	NXB00001463	Edward	STEELE	choitina@example.org	98044665895	Ghana	Ortizshire	Business	pending	10393667326	25385732.47	GHS	1994-01-19	04/18/2018
1464	NXB00001464	Robert	 Schwartz 	lucasolivia@example.com	24525737874	Nigeria	Alexistown	Business	 Verified 	96300881213	36050765.51	NGN	06/28/1980	02/07/2017
1465	NXB00001465	lisa	LYONS	robert77@example.com		Kenya	South Christopherhaven	Corporate	VERIFIED	89557878953	47805383.91	KES	16-Aug-1999	2022-03-31
1466	NXB00001466	vincent	CHAVEZ	amymoore@example.net	92826164170	Nigeria	Port Travis	Savings	verified	32353626481	2663668.33	NGN	17-Mar-1978	2015-07-18
1467	NXB00001467	debbie	david	cookjessica@example.com	31664795127	South Africa	North Nicole	Corporate	FAILED	89455925299	2606962.92	ZAR	2000-10-20	06/19/2022
1468	NXB00001468	kathleen	BARAJAS	angelaward@example.com	16019919848	Kenya	Smithville	Current	PENDING	49930973232	47653284.08	KES	1980-03-05	11/06/2023
1469	NXB00001469	Thomas	holt	gtucker@example.com	07710740433	Germany	Jessicafurt	Savings	PENDING	49653653293	25868929.28	EUR	02/27/1964	04/19/2018
1470	NXB00001470	 Shawn 	Hernandez	robert05@example.org	09007017850	United Kingdom	Brandonstad	Current	under review	45678096112	42487263.89	GBP	23/07/1971	04/09/2022
1471	NXB00001471	 Elizabeth 	 Cunningham 	ginaconrad@example.org	01029759974	Germany	Port Carol	Corporate	FAILED	93504228617	39352331.28	EUR	1974-09-05	29/08/2022
1472	NXB00001472	manuel	Camacho	qgoodman@example.org	26942041641	Kenya	Carterstad	Corporate	PENDING	49034003203	46647069.1	KES	16/07/1971	02/23/2024
1473	NXB00001473	christopher	VILLANUEVA	johnpineda@example.net	76699768160	Germany	Tylerland	Business	UNDER REVIEW	69305278754	20467080.31	EUR	04/26/1989	13-Mar-2017
1474	NXB00001474	LINDSEY	 Ellis 	marshabigail@example.net	88144990803	Nigeria	Jacksonton	Business	pending	63208635961	21205823.83	NGN	1996-03-27	05/13/2016
1475	NXB00001475	emily	wallace	mark99@example.net	32453527911	UAE	Lake Aprilland	Current	failed	84662460211	24786944.46	AED	1968-05-01	16/07/2017
1476	NXB00001476	Suzanne	WRIGHT	nprince@example.net	93213596183	Nigeria	Lake Joshua	Corporate	verified	79594587601	20976849.75	NGN	06-Apr-2001	05-Dec-2022
1477	NXB00001477	Sharon	Patel	dyerdylan@example.com		Kenya	Ericfort	Business	pending	56769931638	33951086.23	KES	27/02/1980	23-Apr-2022
1478	NXB00001478	ELAINE	ANDERSON	melissa48@example.org	81921474984	UAE	Smithburgh	Business	UNDER REVIEW	30335642243	45869917.91	AED	31/07/1988	23/04/2022
1479	NXB00001479	Brandy	walls	olsonamy@example.com	21461727580	Nigeria	New Marilyn	Corporate	FAILED	70840826619	2302837.84	NGN	1978-06-10	11/11/2017
1480	NXB00001480	Henry	griffin	gharvey@example.net	98877544584	Ghana	East Joshuaville	Savings	VERIFIED	28433309575	4845116.57	GHS	23/09/1990	20-Dec-2019
1481	NXB00001481	samantha	HOWE	jenniferperkins@example.net	60596275193	Kenya	New Carrie	Current	UNDER REVIEW	96255064034	28934724.1	KES	22-Aug-1985	2022-07-10
1482	NXB00001482	DANIEL	pittman	kristin79@example.org	56115686223	Germany	Lake Robertview	Current	UNDER REVIEW	55300438029	2958272.96	EUR	06-Dec-1963	02/07/2017
1483	NXB00001483	 April 	 Delacruz 	curtisjohnson@example.net	74330372718	UAE	Kennethstad	Corporate	FAILED	17373017831	39081064.19	AED	10/12/1965	2017-04-17
1484	NXB00001484	ROBERT	 Hensley 	andersoncharles@example.net	78287806615	Nigeria	Williamfurt	Savings	VERIFIED	28741649822	6782027.57	NGN	28-Aug-1963	02/12/2018
1485	NXB00001485	Jesse	 Hamilton 	christopher02@example.net	52128866905	United States	Lawrencehaven	Business	pending	12570958741	17020741.22	USD	14/12/1965	03/19/2015
1486	NXB00001486	KATHLEEN	Thompson	victoriapittman@example.com	05203132988	Ghana	East Julie	Current	UNDER REVIEW	15127076722	15949506.91	GHS	1998-11-27	14/01/2022
1487	NXB00001487	Samantha	CLARK	hduffy@example.com	27786268527	Kenya	Rodgerstown	Current	VERIFIED	20428638938	1036556.18	KES	09/11/1993	12/22/2024
1488	NXB00001488	Jennifer	Hernandez	ocole@example.com	10628334557	Nigeria	Thompsonberg	Current	EXPIRED	49128144579	49917954.98	NGN	09/24/1970	29-Jun-2015
1489	NXB00001489	Michele	york	tporter@example.org	45358597302	Nigeria	East Andrea	Savings	 Verified 	67611693858	20856060.21	NGN	1977-11-10	12/19/2016
1490	NXB00001490	Lisa	Patrick	collinsfrank@example.com	25554689397	Nigeria	Damonchester	Savings	under review	30456220223	12902062.25	NGN	13-Aug-1974	10/17/2018
1491	NXB00001491	THOMAS	grant	wardbrandy@example.net	67386569044	Ghana	Porterbury	Corporate	EXPIRED	17504981765	7626683.23	GHS	23-Jun-1992	2016-04-06
1492	NXB00001492	 Jared 	 Dawson 	hannafrank@example.net	58770062394	Nigeria	Susanchester	Savings	under review	12486989235	16300736.6	NGN	2002-12-04	2023-08-31
1493	NXB00001493	 Joshua 	 Freeman 	fieldsbrooke@example.org	12033980138	Nigeria	Thomasbury	Current	 Verified 	44238786791	18566284.08	NGN	09/11/1995	06/10/2021
1494	NXB00001494	John	Coleman	florespam@example.org	80153374356	Germany	Lake Diana	Business	pending	55959856191	48431725.93	EUR	24/01/1999	17/09/2018
1495	NXB00001495	Travis	dixon	ujones@example.com	96957945759	UAE	Theresatown	Current	verified	81752856330	11746505.56	AED	20-Aug-1966	24/12/2016
1496	NXB00001496	Patricia	Nguyen	haleyhughes@example.net	71485418395	South Africa	Lake Melissa	Savings	pending	27285309913	36176834.6	ZAR	1973-08-30	2024-08-07
1497	NXB00001497	PENNY	Thomas	dunlappatricia@example.net	16511921457	Ghana	Eduardoborough	Savings	VERIFIED	42670921688	9922886.97	GHS	21-Jul-1977	02/11/2023
1498	NXB00001498	billy	ROMAN	thomascruz@example.net	73088240353	Nigeria	Lake Victoria	Business	EXPIRED	37069697302	23540381.39	NGN	1999-01-18	12-Jan-2015
1499	NXB00001499	natalie	 Mitchell 	brandilutz@example.com	40941218052	Nigeria	Brandyton	Corporate	VERIFIED	98647212329	7762759.51	NGN	09/04/1995	13-Feb-2015
1500	NXB00001500	Jasmine	campbell	qfranklin@example.org	32546018911	Kenya	West Laurie	Current	FAILED	20611578846	22729499.59	KES	14-Sep-1997	2019-04-09
1501	NXB00001501	JENNIFER	Kennedy	jasonwang@example.net	27686127342	Kenya	North Kerri	Savings	EXPIRED	42481997716	2011067.02	KES	1991-06-19	23-Aug-2015
1502	NXB00001502	CHRISTINE	 Andrade 	waynemcknight@example.org	49480298908	United Kingdom	New Noahchester	Current	FAILED	98980875216	4144985.27	GBP	05/31/1986	21/12/2024
1503	NXB00001503	Kevin	Ward	darylarmstrong@example.net		Nigeria	New Ericborough	Savings	under review	51358303593	46439782.6	NGN	11-Jan-1999	04/14/2024
1504	NXB00001504	James	 Long 	clintonhaley@example.org	67041710389	United Kingdom	New Laurafort	Savings	EXPIRED	65793640999	43317714.15	GBP	19-Apr-1960	05/25/2019
1505	NXB00001505	Kelly	 Morris 	rodriguezjennifer@example.org	34495607148	UAE	Brianfort	Current	 Verified 		22783255.12	AED	01/22/1986	2019-08-10
1506	NXB00001506	 Shawn 	POTTER	michaelheath@example.com	31631603781	Germany	Kayleemouth	Savings	PENDING	80592554939	43106678.19	EUR	1960-11-23	04/19/2015
1507	NXB00001507	TIFFANY	Maddox	kathleenberry@example.com	06670059946	Ghana	Parksbury	Savings	PENDING	96188152979	23633992.02	GHS	03/13/1962	10/07/2016
1508	NXB00001508	MICHELLE	Taylor	jefferymurray@example.org	15800971408	United Kingdom	East Javier	Corporate	EXPIRED	77960472778	42631289.66	GBP	1995-03-17	13-Dec-2015
1509	NXB00001509	 Jason 	johnson	imorgan@example.com	48883923759	South Africa	Lopezhaven	Savings	verified	55368461761	21626721.46	ZAR	05/06/1989	07/06/2018
1510	NXB00001510	Melissa	Nguyen	ginapierce@example.com	55139196034	Nigeria	South Tyler	Corporate	pending	25830591006	49529214.87	NGN	08/31/1996	2016-09-03
1511	NXB00001511	ANN	harris	kgonzalez@example.net	23800436475	Ghana	Fisherview	Business	under review	90891021250	46720668.97	GHS	25/09/1989	09-Dec-2023
1512	NXB00001512	zachary	Rojas	corey37@example.org	06317552977	United Kingdom	West Michaelport	Savings	VERIFIED	59374897217	5739112.12	GBP	11-Dec-1980	10/11/2024
1513	NXB00001513	ADAM	garcia	johnny15@example.com	81436116861	South Africa	Loweryborough	Savings	EXPIRED	77546685819	13475942.28	ZAR	25-Feb-1980	06/08/2020
1514	NXB00001514	Natalie	Jones	reginaldgoodman@example.com	54654268368	South Africa	Hayesview	Current	PENDING	58254801850	19638115.09	ZAR	16/12/1985	2023-06-07
1515	NXB00001515	LINDSAY	gonzalez	crystal54@example.com	66003011962	Nigeria	East Tanya	Savings	under review	48191101650	21576394.87	NGN	1985-12-03	01/09/2016
1516	NXB00001516	 Nicholas 	matthews	gloria17@example.net	68385095709	Germany	Port Jennifershire	Current	UNDER REVIEW	35931173058	31542123.38	EUR	02/01/1971	03/30/2021
1517	NXB00001517	christopher	 Vega 	antonio11@example.org	40348484377	Nigeria	Thompsonfort	Business	FAILED	53960801610	42233581.61	NGN	25/12/1967	09/25/2022
1518	NXB00001518	 Sarah 	Rivera	nancy14@example.org	44966954217	Nigeria	South Matthew	Corporate	PENDING	23417005773	9721679.55	NGN	26/01/1967	08/17/2021
1519	NXB00001519	vincent	coffey	perrysarah@example.net	73447945923	Nigeria	Dawsonside	Current	 Verified 	42551596367	4593851.12	NGN	03/12/1988	22/09/2020
1520	NXB00001520	jeremy	Martin	regina89@example.com		Ghana	Lake Stephanieton	Corporate	UNDER REVIEW	98666035993	3246306.01	GHS	10/08/1974	08/10/2022
1521	NXB00001521	BRIAN	 Wallace 	ghawkins@example.org	57613049484	United Kingdom	Lake Janice	Business	FAILED	37063740520	15439567.76	GBP	04/27/1974	12/03/2018
1522	NXB00001522	Dana	 Preston 	lawrencebell@example.org	37287567981	Kenya	South Nicole	Business	VERIFIED	90990407705	7465765.84	KES	08/10/1980	25-Jul-2015
1523	NXB00001523	 Nicholas 	Walsh	fdavis@example.com	18708941079	Kenya	Wilsonport	Corporate	UNDER REVIEW	70094372039	9729438.56	KES	11-Jun-1987	03/18/2017
1524	NXB00001524	 Sarah 	SCOTT	fmarquez@example.org	09754247388	South Africa	South Zoe	Business	UNDER REVIEW	61610786795	28845187.65	ZAR	03/18/1972	06-Sep-2023
1525	NXB00001525	ELIZABETH	WALLER	dellis@example.com		Nigeria	Lake Dylanbury	Business	 Verified 	78110052911	39086329.77	NGN	07/08/1986	12/02/2017
1526	NXB00001526	GERALD	VELAZQUEZ	christophersantos@example.net	82267990966	Ghana	New Russell	Savings	PENDING	22024604015	25494032.84	GHS	09/05/1999	2021-11-08
1527	NXB00001527	renee	Bridges	marialucas@example.com	16468210037	Nigeria	South Brandonbury	Corporate	UNDER REVIEW	79622009153	15680969.05	NGN	1982-07-21	2016-02-17
1528	NXB00001528	tony	Frank	tellison@example.com		Ghana	East Benjamin	Corporate	UNDER REVIEW	15994149149	32329771.26	GHS	20/01/1999	03/18/2018
1529	NXB00001529	Lauren	Norton	duncanpamela@example.net	48492674876	Ghana	Baileyfort	Business	under review	35723172141	660701.4	GHS	1967-12-24	04/24/2024
1530	NXB00001530	lauren	nunez	lisa65@example.com	67654198281	Ghana	Tyroneshire	Current	pending	11221878629	24764475.72	GHS	1998-07-31	03/06/2023
1531	NXB00001531	 Michael 	 Villarreal 	leematthew@example.org	02626930326	Nigeria	West Stephanie	Savings	pending	56926461057	41743410.68	NGN	17/08/1971	2022-09-07
1532	NXB00001532	jeffrey	SMITH	duartesteven@example.com	63516852247	United Kingdom	Davidmouth	Savings	EXPIRED	60568045525	5863610.66	GBP	08-Jul-1968	2016-06-30
1533	NXB00001533	jean	GONZALEZ	brownlauren@example.org	69332763342	Nigeria	Heidiburgh	Current	 Verified 	97149461355	5781356.03	NGN	28/02/1975	03/10/2015
1534	NXB00001534	 Kerri 	Townsend	stevenwoodard@example.org	22593103370	Kenya	Douglasborough	Savings	PENDING	56846705613	13855722.95	KES	08/07/1968	07/24/2022
1535	NXB00001535	JOHN	kemp	juliasmith@example.org	33188384561	Ghana	Macdonaldtown	Business	pending	53238883356	45287145.68	GHS	01-Apr-1991	2021-03-10
1536	NXB00001536	Joseph	 Robinson 	vargaslauren@example.net	17696806455	Kenya	North Michael	Current	pending	32888711153	37017360.73	KES	08/21/1973	2016-11-28
1537	NXB00001537	ELIZABETH	Ryan	stevenbarnett@example.com	05327396885	UAE	Jessicaberg	Current	pending	46969378860	25436969.89	AED	1973-01-06	2018-03-10
1538	NXB00001538	Alicia	 Hawkins 	walkerstephen@example.net	83315032198	Germany	Maynardstad	Current	pending	49174384344	42808673.45	EUR	28-Jun-1978	2016-09-22
1539	NXB00001539	KIMBERLY	BECKER	andersonalexander@example.com	86067347671	United States	Wrightside	Corporate	failed	18117615022	8031267.05	USD	12-Oct-1987	14-Nov-2022
1540	NXB00001540	 Brandy 	 Ramsey 	zamoraaaron@example.net	24276221559	Ghana	Phillipsshire	Business	pending	84291316328	4168091.27	GHS	05/01/1984	03/12/2020
1541	NXB00001541	 Erica 	 Perry 	christina94@example.org	89554656531	Germany	Robinsonton	Business	pending	26972191657	45700473.62	EUR	01-Jan-1974	2022-10-13
1542	NXB00001542	edward	PHELPS	batesjill@example.com	66325673223	United States	Adamsborough	Savings	verified	36192316665	3550997.72	USD	02/11/1974	2017-06-10
1543	NXB00001543	carmen	jones	gsmith@example.net	09048866073	Ghana	Kevinmouth	Business	 Verified 	46692525479	46737265.5	GHS	07/21/1960	27-Aug-2016
1544	NXB00001544	KIM	grant	elizabethpalmer@example.net	41760909371	Ghana	Danielleside	Current	VERIFIED	31453323218	16000168.85	GHS	16-Jan-2002	10/12/2016
1545	NXB00001545	 Daniel 	 Mitchell 	tolsen@example.com	69447338780	Kenya	Lake Martinchester	Corporate	VERIFIED	92182548021	45976398.68	KES	16/11/1968	05/03/2022
1546	NXB00001546	MELVIN	 Archer 	scottlindsey@example.com	71988837434	United Kingdom	Romeroborough	Corporate	 Verified 	14617256322	22716655.27	GBP	03/01/1975	25-Nov-2023
1547	NXB00001547	wesley	FOSTER	brian30@example.net		UAE	Ramirezburgh	Business	verified	78130824671	48343190.48	AED	27-Jun-1966	14/12/2023
1548	NXB00001548	joseph	 Walker 	michaelrice@example.net	21215603871	Germany	East Markport	Business	failed	22392538601	22124966.5	EUR	05/15/1996	08/28/2021
1549	NXB00001549	robert	Roberts	tsmith@example.net	37647476911	Kenya	East Darrell	Current	FAILED	33842789165	39854260.73	KES	12/07/1982	04/11/2019
1550	NXB00001550	 Matthew 	 Mercer 	jessicacabrera@example.com	58681900415	South Africa	East Jay	Savings	EXPIRED	44530384262	9441958.18	ZAR	04/24/1999	13/12/2018
1551	NXB00001551	David	stephens	osmith@example.net	50029573801	Germany	Port Kelly	Savings	verified	68950433961	34243761.43	EUR	08/10/1986	2022-07-25
1552	NXB00001552	 Michael 	OWENS	pruittangelica@example.com	94999136505	South Africa	Lake Lisashire	Business	VERIFIED	77925319178	49178576.65	ZAR	1989-05-26	23/07/2020
1553	NXB00001553	Jeffrey	Mcfarland	fpatel@example.net	71708049293	Ghana	Andreville	Corporate	FAILED		39220787.35	GHS	16/06/1980	28/08/2020
1554	NXB00001554	CAROLINE	miller	jaredtaylor@example.org	95220940037	United Kingdom	Coxside	Savings	UNDER REVIEW	91226218498	18240947.28	GBP	27-May-1987	12-Mar-2021
1555	NXB00001555	michael	Moore	ascott@example.com	11262030695	United Kingdom	Tracyland	Business	UNDER REVIEW	36202829356	40948019.0	GBP	12/25/1996	2022-12-09
1556	NXB00001556	Gary	WILSON	pwilliams@example.org		United Kingdom	North Elizabethberg	Corporate	FAILED	24406983613	46075589.19	GBP	1991-07-31	17/04/2015
1557	NXB00001557	michelle	 Page 	nancymendez@example.net	30255987920	Kenya	North Krystal	Current	under review	60492966196	36839664.01	KES	09-Jun-1960	2023-03-26
1558	NXB00001558	lisa	peterson	speters@example.net	09619680450	Nigeria	North Donaldton	Current	failed	66411424137	43375545.28	NGN	02/11/1981	2024-09-26
1559	NXB00001559	megan	sparks	stonerichard@example.com	80446081971	United Kingdom	West Roger	Savings	 Verified 	20805942255	22346741.58	GBP	10/13/1999	18-Dec-2018
1560	NXB00001560	Mark	ramirez	anthony60@example.net	80627456698	South Africa	Ashleyton	Savings	verified	35353870322	22341172.9	ZAR	24/03/1974	27/09/2017
1561	NXB00001561	Tony	thomas	christian29@example.net		United States	West Christinemouth	Current	verified	13855444467	49817424.27	USD	08/08/1982	10/25/2016
1562	NXB00001562	Sarah	Shea	lvelez@example.com	84766919530	Nigeria	Tylerhaven	Savings	VERIFIED	86999225434	5228476.82	NGN	1995-12-09	24/09/2017
1563	NXB00001563	TINA	MORALES	rhays@example.net	85902629761	Nigeria	Taylorside	Savings	 Verified 	79010341723	8076763.88	NGN	26-May-1963	2015-04-08
1564	NXB00001564	 Raymond 	SMITH	kyleboyd@example.com	89670165627	Kenya	East Bryanstad	Corporate	PENDING	85035578678	22557947.21	KES	07/20/1995	2017-01-22
1565	NXB00001565	LYDIA	crawford	jamielove@example.org	24235256008	Nigeria	Carolineland	Current	VERIFIED	36972842557	32389247.95	NGN	18/10/1989	11/13/2017
1566	NXB00001566	SHAUN	RODRIGUEZ	morganedward@example.net	35313184560	United Kingdom	West Elizabeth	Corporate	UNDER REVIEW	48744086884	42251045.97	GBP	1960-02-01	19-Feb-2015
1567	NXB00001567	John	Martinez	smithchristopher@example.org	43141408783	Nigeria	Liufort	Corporate	pending	28483226301	2842593.67	NGN	03/10/1981	09/05/2022
1568	NXB00001568	 Brittany 	 Stephens 	brandon21@example.org	82313799818	South Africa	Port Erinfurt	Current	verified	63640367656	39848089.48	ZAR	11/06/1963	08/01/2023
1569	NXB00001569	Edward	COLLINS	dcooper@example.net	35587745263	Kenya	East Kaitlyn	Current	PENDING	72192771340	32985947.98	KES	10/11/1965	2021-10-20
1570	NXB00001570	 Victoria 	holloway	leonardphillips@example.org	53511788280	Kenya	West Matthew	Savings	failed	76600678617	11628821.03	KES	01-May-1972	23-Apr-2016
1571	NXB00001571	JERRY	 Fitzgerald 	williamruiz@example.org	76766608288	Ghana	Jasminehaven	Current	failed	83501790596	27998269.37	GHS	1990-10-02	04/08/2020
1572	NXB00001572	sean	SHARP	briankennedy@example.org	36859315262	Germany	Skinnerland	Business	EXPIRED	56406510981	25744939.17	EUR	10/21/1987	2021-05-18
1573	NXB00001573	jonathan	 Blevins 	adamfuentes@example.org	14452996457	Germany	East Cesar	Current	VERIFIED	92917206020	9965067.23	EUR	07/26/1970	2020-01-10
1574	NXB00001574	 Laura 	horn	cochranfrances@example.com	33497296970	South Africa	Lake Jamieport	Business	under review	73979573967	917441.63	ZAR	12/06/1962	2022-02-13
1575	NXB00001575	Jeremy	turner	tdiaz@example.net	86188817860	Germany	Ashleyberg	Savings	UNDER REVIEW	60031562457	36089929.06	EUR	11/25/1993	22-Jul-2022
1576	NXB00001576	VICTOR	 Scott 	okim@example.net	74903312223	Nigeria	Angelamouth	Corporate	EXPIRED	82875656271	43789102.18	NGN	02/19/1984	03/24/2022
1577	NXB00001577	ALEXANDER	 Hayes 	hooperjessica@example.net	68747774070	Germany	Jenkinsstad	Current	VERIFIED	48335017471	1572374.97	EUR	30-Nov-1993	2020-07-18
1578	NXB00001578	RICHARD	 Smith 	tgray@example.org	82128219386	Nigeria	Petersview	Business	EXPIRED	48412408126	5191528.75	NGN	1999-10-27	13-Oct-2022
1579	NXB00001579	 Kathryn 	Anderson	jeanette39@example.org	04596920666	Kenya	Vanessaville	Business	 Verified 	69957438539	6741107.01	KES	10-Feb-1973	27/03/2024
1580	NXB00001580	 Hunter 	 King 	jamie58@example.net	98118465124	Nigeria	Port Paulbury	Savings	verified	13458326556	48993272.42	NGN	10/07/1982	2020-03-24
1581	NXB00001581	TAYLOR	Fleming	bsherman@example.com	64811659558	Nigeria	Garrettbury	Business	FAILED	70254732866	12591559.99	NGN	24/10/1973	24/05/2022
1582	NXB00001582	 Victor 	Fischer	clarkmelissa@example.org	59727676877	Germany	West Kristina	Savings	FAILED	44604753529	40005695.62	EUR	1970-03-17	02/01/2024
1583	NXB00001583	ronald	Clark	christopher49@example.org	38088426723	Kenya	Lake Lisafurt	Corporate	pending	49345524738	23622243.77	KES	1972-09-02	03/07/2016
1584	NXB00001584	Danny	glenn	davischristopher@example.net	54804423647	Nigeria	West Victoriatown	Current	FAILED	24480849777	25750175.61	NGN	08/05/1965	14-Mar-2020
1585	NXB00001585	CHRISTOPHER	SHIELDS	ydavis@example.com	90499157380	South Africa	Murraybury	Current	failed	73389118109	13905185.46	ZAR	09/10/1992	21/12/2018
1586	NXB00001586	Paul	white	silvapreston@example.org	37264320586	Germany	Pollardview	Corporate	 Verified 	19943718707	43829291.14	EUR	02/18/1990	2017-04-21
1587	NXB00001587	RHONDA	OLIVER	wgarcia@example.net	57932770115	Nigeria	Port Tammyfort	Savings	 Verified 	61658870058	1073224.83	NGN	08/05/1964	07/04/2023
1588	NXB00001588	JAMIE	Stokes	lsmith@example.com		South Africa	Richardside	Current	 Verified 	51553365394	13606529.29	ZAR	04/01/1989	17/10/2023
1589	NXB00001589	Hailey	dillon	cwebster@example.net	97358679433	South Africa	Nicoleton	Business	 Verified 	24707772362	6622831.31	ZAR	1978-05-12	08-Sep-2022
1590	NXB00001590	Gary	Gonzalez	ffoster@example.net	59645876694	South Africa	Garnerstad	Current	under review	83380680746	14123001.56	ZAR	05-Feb-1997	07/12/2018
1591	NXB00001591	Michael	fuller	joshuaramos@example.com	02405377290	Kenya	Edwardsbury	Corporate	PENDING	94358121164	18752828.06	KES	1983-12-12	09-Jan-2018
1592	NXB00001592	darlene	Green	younglinda@example.com	80780538338	Nigeria	East Jennifer	Business	pending	80213321838	3270191.73	NGN	02-Apr-1969	10/27/2024
1593	NXB00001593	 David 	Russell	vturner@example.net	40737304150	Kenya	Port Veronica	Savings	EXPIRED	20773840716	29502510.58	KES	03/08/1999	01/24/2024
1594	NXB00001594	Jonathan	johnson	williamsjoanna@example.org	58387963346	Ghana	Adamsfurt	Business	 Verified 	77436277473	24870862.19	GHS	22-Aug-1981	14-Mar-2018
1595	NXB00001595	michelle	REESE	jefferyvincent@example.org	39974159209	South Africa	North Andrewfort	Business	under review	14522040904	22020671.48	ZAR	05/03/1977	18-May-2019
1596	NXB00001596	 Ryan 	Webb	flemingcaitlyn@example.org	48497797383	Kenya	Millerview	Business	FAILED	72263449772	29887791.56	KES	22-Mar-1995	22-Apr-2022
1597	NXB00001597	JASON	morris	joseph78@example.net		South Africa	Port Matthew	Savings	VERIFIED	11091624789	23655529.09	ZAR	25-Jul-1998	03-Nov-2017
1598	NXB00001598	SONYA	 Pruitt 	robertlopez@example.com	68756707181	United Kingdom	East Nicole	Savings	pending	28135725989	42199159.79	GBP	03-May-1993	2020-04-03
1599	NXB00001599	raymond	Davis	ashleyanderson@example.com	45998413376	Kenya	West Sabrinahaven	Savings	EXPIRED	37043900436	6656572.0	KES	1977-09-07	06/10/2017
1600	NXB00001600	Kimberly	smith	blakecourtney@example.com	10640707838	Ghana	Williamborough	Business	failed	31207822486	23266494.4	GHS	17-Sep-1985	09/28/2016
1601	NXB00001601	Linda	 Perez 	steven65@example.net	04492728090	Ghana	Spencerhaven	Business	UNDER REVIEW	92919902238	35083139.26	GHS	08-Mar-2000	23-Dec-2022
1602	NXB00001602	JOHN	alvarado	qlara@example.org	67859844408	UAE	Wendyshire	Corporate	FAILED	26001535538	24904069.73	AED	17-Mar-1999	08/21/2022
1603	NXB00001603	jason	gonzalez	teresajohnson@example.net	60526990152	Kenya	New Stacey	Business	VERIFIED	36463017487	30185214.72	KES	11/05/1969	09/02/2024
1604	NXB00001604	Dominique	MORALES	jefferychung@example.org	56540307991	Kenya	Port Hectormouth	Business	VERIFIED	65503929422	17149642.49	KES	1976-06-11	11/27/2015
1605	NXB00001605	JASON	MARTIN	thomastheresa@example.net	31850042318	Kenya	Mahoneyberg	Business	VERIFIED	31207360157	35513799.91	KES	02/04/1996	12/18/2020
1606	NXB00001606	Lindsey	Brown	caseyantonio@example.org	54847385779	Nigeria	West Mariah	Current	PENDING	31248804622	22396492.73	NGN	09/10/2001	01/07/2020
1607	NXB00001607	mark	Frazier	aliciagarcia@example.org	72382642951	Germany	Port Michael	Business	FAILED	73910166820	10079552.75	EUR	04/30/1995	09/01/2023
1608	NXB00001608	deborah	JENNINGS	rogersmatthew@example.org	08196954487	Kenya	Alexisport	Business	verified	10176369928	7328694.21	KES	24/01/1960	12/12/2019
1609	NXB00001609	William	 Campbell 	dyermegan@example.net	89244640350	Nigeria	Michaelstad	Corporate	UNDER REVIEW	20723323674	18379014.06	NGN	28/12/1975	2017-10-15
1610	NXB00001610	carolyn	MARSH	michealcook@example.net		Nigeria	Port Bryanberg	Corporate	FAILED	90787905172	49413103.56	NGN	27/04/1962	12/25/2021
1611	NXB00001611	elizabeth	GRIFFIN	kevin77@example.com	59254123872	UAE	South Caitlyn	Current	pending	48424940536	47096403.76	AED	15-Apr-1993	19-Oct-2020
1612	NXB00001612	 Christina 	Smith	pagemorgan@example.com	84967416623	Nigeria	Hopkinsfort	Savings	PENDING	66476146862	27433478.09	NGN	1960-10-30	2021-10-24
1613	NXB00001613	 David 	RIVERA	matthewjohnson@example.org		Kenya	Jordanview	Current	verified	89553302720	42340854.23	KES	11-Jul-1972	01/07/2017
1614	NXB00001614	 Claire 	MOODY	yturner@example.org	72765314513	South Africa	Escobarton	Current	FAILED	19490610766	40736557.44	ZAR	13/05/1996	2018-12-07
1615	NXB00001615	BRIAN	campbell	matthew34@example.com	95562168335	Kenya	Hicksside	Current	FAILED	87034304329	26525853.5	KES	17/07/1962	2024-09-07
1616	NXB00001616	 Lori 	Salazar	turnerlinda@example.net	08604317155	United States	Katieland	Savings	 Verified 	47513297262	6527319.67	USD	1969-11-30	12/07/2015
1617	NXB00001617	Connie	 Riley 	jeffreyhawkins@example.org	16089888501	Kenya	Kristyside	Business	UNDER REVIEW	85946926492	17235177.77	KES	21-Mar-1960	2021-06-13
1618	NXB00001618	 James 	miller	woodjames@example.org	64009333963	Nigeria	East Reneebury	Current	under review	93375200015	14917751.06	NGN	08/23/1977	12/30/2019
1619	NXB00001619	AMY	Fields	sherrygamble@example.org	84478167663	Kenya	New Jessehaven	Current	VERIFIED	96869859756	27895396.87	KES	02-May-1994	08-Jul-2015
1620	NXB00001620	 Holly 	Lopez	juliasullivan@example.com	42644047832	United States	Russellmouth	Current	failed	24115561740	21574370.19	USD	03/06/1999	14-Jan-2020
1621	NXB00001621	 Brittney 	Curtis	vegaandrea@example.com	49924687144	Nigeria	Port Ashley	Business	EXPIRED	92767168329	4231128.04	NGN	1993-09-15	12/08/2015
1622	NXB00001622	jacqueline	 Wright 	mark66@example.com	39402690896	South Africa	Myershaven	Business	verified	72294221601	31428305.07	ZAR	18/04/1989	12-Jan-2021
1623	NXB00001623	caleb	Merritt	maryray@example.org		Nigeria	Lake Kelsey	Current	verified	58386972022	33951536.13	NGN	10/22/1986	11/25/2017
1624	NXB00001624	 Crystal 	IBARRA	josephcastro@example.org		United States	North Jeremy	Business	VERIFIED	97971551048	29664436.27	USD	13-Jun-1977	07/10/2015
1625	NXB00001625	 Jared 	tucker	brian61@example.org	74857830455	Ghana	Emmamouth	Savings	FAILED	75107561470	47665044.59	GHS	10/05/1975	04/27/2016
1626	NXB00001626	elaine	PEARSON	margaret78@example.com	05512676449	Ghana	Sextonburgh	Current	FAILED	10020872126	27852047.5	GHS	25/04/1975	26-May-2022
1627	NXB00001627	steven	Richardson	scottryan@example.org	42004218674	Germany	Derrickbury	Current	UNDER REVIEW	64870754644	19342543.75	EUR	1960-04-23	25-Oct-2024
1628	NXB00001628	 Mark 	WELCH	armstrongallison@example.net	56513358508	United States	East Marissa	Current	VERIFIED	48268334789	4122152.39	USD	10/29/2000	20/03/2024
1629	NXB00001629	Jenna	 Mason 	anolan@example.net	27904233810	Ghana	Lake Madisonton	Business	pending	73819414752	43354271.58	GHS	03/01/1996	2024-02-26
1630	NXB00001630	BENJAMIN	HERNANDEZ	ricemichael@example.net		United Kingdom	Bettychester	Corporate	failed	65571041500	5416001.47	GBP	06/20/1972	10/10/2017
1631	NXB00001631	MICHAEL	 George 	melanie70@example.net	59961143583	Nigeria	Lake Timothystad	Business	failed	62385609841	28211057.53	NGN	12/09/1963	03/09/2017
1632	NXB00001632	David	 Williams 	smithkaren@example.org	68974537147	Ghana	West Johnberg	Corporate	failed	13575341747	37083140.39	GHS	09-Jun-1971	06/05/2024
1633	NXB00001633	 Scott 	Wright	whiteronald@example.com	02336165580	Ghana	Shawnmouth	Savings	failed	75156113850	25542273.41	GHS	07/31/1999	2022-01-15
1634	NXB00001634	 Matthew 	fisher	patriciacraig@example.com	02751005687	Nigeria	West Stevenland	Corporate	FAILED	47404019956	34459444.49	NGN	1967-09-19	02/05/2022
1635	NXB00001635	kendra	MATA	wolfechristopher@example.com	93235393305	Nigeria	Jessicamouth	Business	pending	13373612981	1207776.59	NGN	1991-05-05	05/16/2017
1636	NXB00001636	Tanya	Pitts	drivera@example.com	32183024264	South Africa	Courtneymouth	Business	under review	77839303342	4018023.8	ZAR	26-Mar-1997	28/03/2016
1637	NXB00001637	Jocelyn	Berry	jennifertorres@example.net	54880510933	South Africa	Jenniferbury	Corporate	PENDING	88300145383	4683688.93	ZAR	05/06/1964	09-Sep-2022
1638	NXB00001638	 Tina 	 Harris 	adamolson@example.com	37009841643	Ghana	Lake Deborahville	Business	EXPIRED	68925133171	19550910.63	GHS	20-Aug-1998	22/05/2020
1639	NXB00001639	Kristie	smith	scott12@example.com	83397178568	Nigeria	Jacobsstad	Corporate	failed	19384698728	24805066.45	NGN	13-Oct-1962	05/06/2021
1640	NXB00001640	 Benjamin 	munoz	pcrane@example.net	01055916983	Kenya	Chapmanfurt	Corporate	UNDER REVIEW	28364738801	8747258.19	KES	1979-05-04	14-Sep-2022
1641	NXB00001641	karl	 Porter 	jennifer06@example.com	52593570765	United Kingdom	Philiptown	Current	PENDING	47304243852	2217701.96	GBP	15/01/1977	26-Jul-2016
1642	NXB00001642	TAYLOR	gilmore	ronald27@example.org	60261186801	Ghana	South Mary	Current	verified	41168333425	3252680.74	GHS	12/28/1963	05/10/2021
1643	NXB00001643	BRIANA	JONES	megan08@example.org	00327628058	Nigeria	Rosaleston	Business	VERIFIED	58964704545	12953801.37	NGN	08-Nov-1983	06/11/2018
1644	NXB00001644	Christopher	lambert	yanderson@example.net	11956964607	Ghana	Suzannestad	Corporate	verified	20065697420	14185765.44	GHS	26/06/1978	02-Nov-2017
1645	NXB00001645	Peter	YATES	mooneylisa@example.org	51356397489	Kenya	North Tylerville	Corporate	pending	86792704827	10386083.95	KES	03/07/1982	2022-12-28
1646	NXB00001646	 Roger 	 Burgess 	mfowler@example.com	82177487477	South Africa	Michellemouth	Corporate	FAILED	86626389795	35746385.6	ZAR	19-Oct-1985	20/12/2022
1647	NXB00001647	diamond	Parker	nathanmunoz@example.net	12520193064	South Africa	East Patrickfort	Corporate	VERIFIED	25859169314	30200288.34	ZAR	1993-08-22	10/09/2023
1648	NXB00001648	Daniel	 Davis 	khayden@example.org	53031387830	Nigeria	New Lauren	Corporate	 Verified 	38312042900	19970051.06	NGN	18-Sep-1999	16/07/2016
1649	NXB00001649	 Jennifer 	 Woods 	joecameron@example.org	20294874781	Kenya	South Brittany	Current	under review	89376950502	36480848.3	KES	1987-03-12	2016-01-06
1650	NXB00001650	 Elizabeth 	GONZALEZ	david39@example.org	29317786503	Nigeria	Brookston	Savings	pending	35808580332	27231311.41	NGN	16/08/1989	2016-10-12
1651	NXB00001651	Leslie	SANFORD	xhardy@example.net	74312434535	United States	North Hannahfort	Savings	failed	61105974347	36684979.31	USD	03/02/1977	07-Apr-2024
1652	NXB00001652	michael	vincent	rachelstevens@example.org	80369575629	UAE	New Craig	Savings	verified	54627656894	21538634.07	AED	09/26/1969	09/30/2021
1653	NXB00001653	Amanda	wu	zbray@example.net	50694394410	South Africa	Dustinfort	Current	under review	53500402604	12408826.42	ZAR	1984-02-26	2018-02-06
1654	NXB00001654	Kimberly	Watkins	cindy54@example.net	10181889699	Nigeria	Port Melanie	Savings	failed	35314401685	3533770.76	NGN	29-Aug-1999	07-Dec-2020
1655	NXB00001655	 Courtney 	Sanchez	umaddox@example.org	81115703475	Nigeria	Port Tiffanychester	Business	VERIFIED	94806834225	11011732.23	NGN	11/23/1998	2017-01-24
1656	NXB00001656	 Justin 	FITZPATRICK	patrickturner@example.com	46202135469	UAE	New Justin	Current	failed	11158910004	15462855.61	AED	05/03/1995	2015-12-19
1657	NXB00001657	TRACY	dalton	ssanchez@example.org	66095470060	United States	North Scottstad	Current	UNDER REVIEW	31168244217	37946299.19	USD	07/12/1981	01/22/2022
1658	NXB00001658	 Daniel 	 Lee 	charleschen@example.net	20224175616	Kenya	Ryanland	Savings	EXPIRED	70676178919	18169908.46	KES	06/24/2002	14-Oct-2018
1659	NXB00001659	 Allison 	BEST	joseph33@example.net	66502859156	Nigeria	South Deborahville	Current	under review	67579562566	5734762.42	NGN	12/25/1999	07/04/2021
1660	NXB00001660	elizabeth	Acosta	arielpadilla@example.org	92219114299	Germany	West Danieltown	Current	EXPIRED	17334957015	41697304.02	EUR	04-Feb-1963	2015-08-30
1661	NXB00001661	karen	robinson	heather69@example.net	91426520120	Nigeria	Pamelaberg	Savings	under review	75101385552	31127140.54	NGN	26-Mar-1993	08/27/2020
1662	NXB00001662	brett	barrera	jacqueline69@example.net	65948182729	United States	Bryantmouth	Savings	 Verified 	40251177672	22771150.18	USD	1965-01-07	29/08/2016
1663	NXB00001663	Stacy	Lynn	rcollins@example.net	53218011308	Ghana	North Michael	Corporate	verified	52730350460	40201038.87	GHS	1963-10-12	09/23/2019
1664	NXB00001664	 Maria 	Ferguson	paigeyoung@example.org	02246267132	Nigeria	Johnview	Savings	VERIFIED	36849682454	19996764.79	NGN	04/27/1999	26-May-2019
1665	NXB00001665	 Erik 	HERRERA	cmarsh@example.com	04293987667	Nigeria	Tuckerberg	Business	 Verified 	95931367066	3290532.64	NGN	03/23/1988	07/11/2016
1666	NXB00001666	charles	 Cole 	gregory40@example.org	30510972472	Ghana	South Michael	Savings	PENDING	74081274596	46126165.38	GHS	03/05/1974	2016-03-11
1667	NXB00001667	Nicole	kim	brittneywashington@example.com	98523818289	South Africa	Lake Courtney	Savings	VERIFIED	87496663046	2647679.49	ZAR	09/09/1962	05/17/2017
1668	NXB00001668	 Kimberly 	 Stevens 	eblack@example.net	42357318995	Ghana	Port Christopherchester	Business	failed	58973309743	27800677.79	GHS	29/05/1965	09-Nov-2016
1669	NXB00001669	Erin	 Watkins 	curtislucas@example.com	05070775088	Kenya	Donnafurt	Current	FAILED	58870461769	32601107.81	KES	14/02/1994	05-Aug-2024
1670	NXB00001670	 James 	reed	twagner@example.com	13805951948	UAE	Kaitlinburgh	Business	verified	54949149427	25006477.12	AED	1974-01-24	02-Mar-2024
1671	NXB00001671	 Rachel 	 Aguilar 	craig30@example.net	91541963511	Nigeria	Jimenezmouth	Corporate	UNDER REVIEW	59676965326	45699396.77	NGN	27-Apr-1978	07/11/2023
1672	NXB00001672	daniel	hall	wperez@example.com	50417372234	Nigeria	Bridgesmouth	Corporate	UNDER REVIEW	32133882967	28683760.44	NGN	22-Sep-1977	13-Oct-2020
1673	NXB00001673	miranda	rosario	nicolemckenzie@example.org		South Africa	Lake Margaret	Current	UNDER REVIEW	54090266933	17979764.31	ZAR	03-Mar-2001	05/30/2024
1674	NXB00001674	 Daniel 	 Black 	ybrown@example.net	54752112759	Kenya	Vanceborough	Savings	failed	48955725741	7624130.18	KES	10-Apr-1979	2017-05-26
1675	NXB00001675	CHAD	torres	johntravis@example.org	23065940038	Nigeria	East Janetport	Corporate	 Verified 	88077943536	28198454.66	NGN	1965-06-19	12/14/2021
1676	NXB00001676	amy	watson	byrdsamantha@example.org	82414081702	Ghana	Brownside	Current	pending	59984663472	2130397.65	GHS	17-Feb-1992	14/05/2021
1677	NXB00001677	 Thomas 	 Griffin 	isaiahbrown@example.net	03204347433	United States	North Bradley	Business	FAILED	16886796918	46096815.98	USD	12/26/1980	24-May-2022
1678	NXB00001678	MICHAEL	HARRELL	phillipsrandall@example.org	41313555794	Germany	Wolfberg	Corporate	PENDING	49323986339	15520689.75	EUR	01/05/1979	26-Mar-2019
1679	NXB00001679	GABRIELLE	Anderson	candicehoward@example.net	21761898987	United Kingdom	Hendersonmouth	Current	PENDING	80473862168	8359071.19	GBP	09-Aug-1990	2023-03-05
1680	NXB00001680	Samantha	 Hancock 	vincentmarshall@example.org	39818939720	Kenya	Walkerview	Current	pending	62331436819	19325976.55	KES	09/04/1993	05/13/2017
1681	NXB00001681	 Michael 	matthews	matthew86@example.net	73418807964	Ghana	West Nancymouth	Business	under review	86973596095	41091863.48	GHS	03/04/1987	2020-04-23
1682	NXB00001682	william	harvey	saundersamber@example.com	62054493392	United Kingdom	Johnathanchester	Business	failed	70035658488	21101285.21	GBP	1964-09-22	2018-12-18
1683	NXB00001683	 Jeremy 	EDWARDS	amosley@example.org	71537842055	United States	Lake Luis	Savings	under review	82456480170	20094851.8	USD	11/07/1982	01/07/2023
1684	NXB00001684	Justin	Malone	colesheila@example.net	77888922100	South Africa	West Andrewport	Savings	FAILED	95508836985	18331216.06	ZAR	01/05/1983	21-Dec-2021
1685	NXB00001685	Troy	Booker	caseykenneth@example.org	57804104866	Ghana	Scottview	Savings	PENDING	87202109722	11778977.13	GHS	06/01/1989	2024-09-28
1686	NXB00001686	 Eduardo 	hamilton	kevin70@example.net		Kenya	Annachester	Business	EXPIRED	89116853957	3871792.17	KES	01/24/1966	16/07/2020
1687	NXB00001687	THEODORE	WILSON	pettywayne@example.com	33257044307	South Africa	Marychester	Current	 Verified 	18709347407	19585009.42	ZAR	18-Apr-1964	2017-01-08
1688	NXB00001688	KENDRA	Knight	qsandoval@example.net	30438177998	Nigeria	West Richard	Current	FAILED	40901634241	40777589.25	NGN	09/19/1977	2022-08-12
1689	NXB00001689	ashley	CAMPBELL	campbellalison@example.org	01864323145	Nigeria	New Kristinburgh	Current	EXPIRED	31670264160	12598110.68	NGN	21/08/1984	06/05/2020
1690	NXB00001690	Steven	WHEELER	pbrown@example.com	74325674053	Nigeria	Christopherberg	Current	verified	76385159782	31962394.14	NGN	1977-11-21	2015-02-01
1691	NXB00001691	JAMIE	 Jones 	jonathan11@example.net	20607136930	United Kingdom	East Charles	Corporate	UNDER REVIEW	39564728651	41131021.97	GBP	24-Oct-1967	13-Jul-2024
1692	NXB00001692	 Emily 	BAKER	cmueller@example.net	53842561161	Kenya	Josephberg	Business	verified	49997381838	36079742.39	KES	28/08/1973	2021-12-09
1693	NXB00001693	 Robert 	MILES	melissa55@example.org	58268295081	Nigeria	Tammyburgh	Current	EXPIRED	83618452108	48384435.37	NGN	2000-08-23	18-Jun-2024
1694	NXB00001694	LAUREN	anderson	angela93@example.com	35288050750	Nigeria	New Ginamouth	Business	pending	25640177323	9346699.93	NGN	03/11/1969	08/04/2016
1695	NXB00001695	lindsey	ward	rhonda52@example.com		South Africa	Vasquezfort	Business	verified	42411474476	7372201.73	ZAR	06-Jan-1993	04/02/2017
1696	NXB00001696	JOHNNY	osborne	ariana49@example.org	46400606988	Ghana	Amyberg	Savings	FAILED	23364663320	22114321.61	GHS	19-Apr-1985	19-Feb-2023
1697	NXB00001697	susan	powers	linda37@example.com	85460912104	Nigeria	Port Michael	Corporate	EXPIRED	12919002616	5524940.53	NGN	1993-12-23	01/07/2019
1698	NXB00001698	 Lisa 	 Gomez 	carriewilliams@example.com	99324707926	Kenya	Lake Thomasborough	Current	pending	31505156046	16333002.37	KES	12/10/1974	08/09/2020
1699	NXB00001699	 David 	long	robinsonnathan@example.net	94398844278	UAE	Lake Sandy	Savings	 Verified 	15029906963	30932190.41	AED	1973-05-28	02-Jun-2020
1700	NXB00001700	RONALD	Hartman	qvargas@example.net		Nigeria	Swansonmouth	Current	verified	81332252982	14410088.69	NGN	1963-05-01	15-Jun-2022
1701	NXB00001701	SARA	Torres	jennifer57@example.net	27317427183	Nigeria	Rachelburgh	Business	 Verified 	51007267660	20936591.67	NGN	14/12/1981	09/13/2015
1702	NXB00001702	 Jason 	 Hanna 	ihuffman@example.com	17640404655	Germany	New Nicholas	Savings	VERIFIED	98300801828	36440814.43	EUR	23/01/1961	28-May-2019
1703	NXB00001703	william	Krueger	bellsharon@example.net		South Africa	New Jennifer	Business	VERIFIED	74786191809	45187114.58	ZAR	10/27/1979	05/02/2020
1704	NXB00001704	fernando	WOODS	erin59@example.com	82767742393	Nigeria	Port Jermaine	Savings	PENDING	43963634798	6956586.59	NGN	1976-03-11	01/04/2016
1705	NXB00001705	 Danielle 	beard	jessicaanderson@example.com	96921510026	Nigeria	Shermanland	Corporate	PENDING	18723225023	44346850.01	NGN	1986-10-04	2019-01-30
1706	NXB00001706	JONATHAN	SHANNON	stephanie86@example.net	53715573105	Nigeria	North Angela	Corporate	failed	70510572226	2926680.91	NGN	15-Aug-1977	23-Jan-2021
1707	NXB00001707	 Jeffrey 	ortega	brett93@example.org	73129734148	Germany	Lake Hannah	Savings	 Verified 	70370105324	37044666.54	EUR	1987-02-06	15-Jun-2018
1708	NXB00001708	ELIZABETH	CUEVAS	foxrobert@example.net	09072208712	Kenya	Michaelbury	Savings	verified	56852877603	35085699.73	KES	03/06/1982	18/03/2020
1709	NXB00001709	Caitlyn	day	ashley02@example.org	15998751757	Ghana	East James	Business	pending	23009401975	24454992.66	GHS	06/28/1985	2023-11-11
1710	NXB00001710	 Lori 	 Pierce 	bauermichelle@example.net	17502413007	Kenya	Snyderstad	Savings	 Verified 	30977951931	33441293.04	KES	1984-11-25	27-Oct-2017
1711	NXB00001711	zachary	 Harrington 	matthew85@example.org	91450497236	Nigeria	Ericaberg	Corporate	 Verified 	14933922868	31054798.6	NGN	11/06/1975	19-Dec-2020
1712	NXB00001712	sean	Shaw	dan14@example.net	04384504621	Kenya	Eileenport	Corporate	 Verified 	74332039209	47887179.87	KES	10/14/1987	30-May-2017
1713	NXB00001713	CASSANDRA	harris	daniel67@example.com	78869858574	United Kingdom	North Randallchester	Business	VERIFIED	42695038684	28978647.3	GBP	25/12/1977	11-Mar-2017
1714	NXB00001714	Stephen	hernandez	froberts@example.net	93978953770	Germany	Baileyville	Corporate	FAILED	85529302685	12009674.06	EUR	03/06/1992	05-Dec-2023
1715	NXB00001715	 Ryan 	 Adams 	saragreen@example.org	80470407936	Nigeria	Brooksshire	Corporate	 Verified 	75092466615	12821954.71	NGN	11/14/1998	04/24/2024
1716	NXB00001716	 Gregory 	reynolds	katherinebass@example.org		UAE	South Stephanie	Savings	verified	67599855400	10124368.12	AED	1972-02-13	22-Apr-2016
1717	NXB00001717	 Tamara 	parsons	thomaspedro@example.com	12300857895	United Kingdom	Jimport	Business	UNDER REVIEW	69586944481	10983133.59	GBP	08/09/1967	01/15/2017
1718	NXB00001718	Hunter	Rowe	lsmith@example.net		Nigeria	Port Matthewfort	Business	UNDER REVIEW	37086137117	13909308.93	NGN	01/11/1973	2015-12-11
1719	NXB00001719	Lisa	Lewis	wolfejamie@example.org	13653298568	Nigeria	Glennmouth	Business	EXPIRED	51410120516	8751678.22	NGN	1996-06-19	31-Jan-2022
1720	NXB00001720	 Lisa 	johnson	bsolis@example.org	74614337004	Nigeria	Braunport	Savings	UNDER REVIEW	31795216781	31390001.81	NGN	08/07/1965	23/01/2018
1721	NXB00001721	 James 	Castro	kellerdana@example.com	87621577405	South Africa	Pattersonhaven	Current	pending	33373896860	13032709.86	ZAR	09/03/1992	08/16/2018
1722	NXB00001722	 Edward 	Wolf	rparker@example.org	85314198872	South Africa	Ginaburgh	Savings	UNDER REVIEW	14303987178	23503527.06	ZAR	1996-04-24	05-Dec-2017
1723	NXB00001723	Christopher	 Martin 	jenniferjohnston@example.net	15900713204	South Africa	Sandrastad	Current	FAILED	53158909446	47914101.54	ZAR	06/16/1996	01-Dec-2017
1724	NXB00001724	ROBERT	mclean	qjones@example.com	76604568939	United Kingdom	Jenningsport	Business	under review	52862451898	45252407.51	GBP	14/09/1970	31/12/2020
1725	NXB00001725	MITCHELL	Delgado	qknapp@example.com	57666476085	Nigeria	Melissaberg	Corporate	VERIFIED	67663259071	36950875.35	NGN	25/06/1986	2016-04-12
1726	NXB00001726	 Brenda 	collins	sara17@example.com	49988782988	Ghana	Wardview	Corporate	failed	25492530822	44107124.33	GHS	1966-08-06	26/10/2020
1727	NXB00001727	 Donald 	Smith	mcdanielangela@example.net	69298738640	South Africa	Taylorchester	Savings	under review	47678645411	22169648.67	ZAR	1975-09-13	2016-02-24
1728	NXB00001728	michelle	REYNOLDS	sanchezlauren@example.org		United States	Johnborough	Corporate	VERIFIED	31701195080	45563041.7	USD	07/23/1981	04/04/2021
1729	NXB00001729	christopher	horton	johnsmith@example.org	18406548855	Germany	Nathanport	Savings	 Verified 	83272476723	19859979.77	EUR	02-Aug-1963	20-May-2023
1730	NXB00001730	 Michael 	 Hudson 	cooperjoshua@example.com	45783517983	Nigeria	Lake Johnstad	Corporate	PENDING	48118248671	8614370.1	NGN	2001-10-12	2022-04-05
1731	NXB00001731	tanya	Moses	pmcpherson@example.net	89586417825	Nigeria	New Christinashire	Corporate	VERIFIED	77180326171	11530479.81	NGN	11/26/1981	07/10/2017
1732	NXB00001732	Victoria	hampton	banderson@example.net	76293684268	Nigeria	Burchmouth	Business	pending	46935096909	23119386.49	NGN	08/07/1974	28/10/2022
1733	NXB00001733	james	olson	davisnatalie@example.org	19095203872	Nigeria	Port Michellestad	Savings	UNDER REVIEW	75774811093	24154092.16	NGN	01/17/1981	17/05/2019
1734	NXB00001734	DANA	ARMSTRONG	rachel62@example.com	62201656633	Ghana	Benjaminberg	Business	pending		11311699.07	GHS	1972-03-24	2018-07-20
1735	NXB00001735	KEITH	dennis	panderson@example.net	40307559841	Germany	East Nicolehaven	Business	under review	13187186181	43791346.57	EUR	22-Oct-1983	10/08/2023
1736	NXB00001736	KENNETH	 Mullins 	brandon45@example.org	32809997024	South Africa	Sarahborough	Current	UNDER REVIEW	65479162886	1346010.3	ZAR	22-Oct-1981	2024-06-24
1737	NXB00001737	Christopher	solomon	mcdonaldcole@example.net		Germany	East Erica	Corporate	 Verified 	30028659278	19294634.78	EUR	11-Aug-1997	2016-03-01
1738	NXB00001738	Jacqueline	Allen	katherineburns@example.net	76554761727	United States	West Luke	Savings	PENDING	94980987468	31843523.13	USD	05/06/1974	03/10/2019
1739	NXB00001739	angela	 Rodriguez 	lpace@example.com	61539392942	Ghana	North Michael	Corporate	pending	15715965355	41236364.37	GHS	02/06/1992	24-Aug-2022
1740	NXB00001740	sarah	 Garcia 	maria33@example.net	62798958247	Germany	Lake Nicole	Business	PENDING	53614146127	4264402.33	EUR	26-Aug-1967	03-Mar-2024
1741	NXB00001741	ANNETTE	GUERRA	walkersamantha@example.net	27593955714	Ghana	South Shelbyburgh	Corporate	UNDER REVIEW	34794237525	42678956.69	GHS	19/03/1998	08/09/2021
1742	NXB00001742	 Tonya 	Johnson	ugates@example.net	91004436436	South Africa	Jasonburgh	Current	FAILED	94982534295	20171720.58	ZAR	1971-06-06	2016-08-05
1743	NXB00001743	Kaitlyn	ELLIOTT	qchapman@example.org	00722768352	UAE	Port Courtneymouth	Corporate	VERIFIED	83267202719	13480295.73	AED	09-Jan-1964	2021-05-25
1744	NXB00001744	Sandra	 Flores 	mrodriguez@example.org	85300090063	Nigeria	Brewerfort	Business	FAILED	55283376845	3924936.76	NGN	17/01/1969	03/17/2019
1745	NXB00001745	SARAH	Dyer	richard86@example.org	28470344633	Ghana	Gomezchester	Current	under review	34686772351	1577394.95	GHS	02-Sep-1962	2016-07-30
1746	NXB00001746	 Melissa 	RICE	cookkaitlyn@example.net	51757351851	Ghana	Howardshire	Savings	PENDING	76996414539	26516063.22	GHS	21/06/1968	08/12/2016
1747	NXB00001747	michael	carpenter	kristina00@example.net	37522964842	South Africa	East Tara	Savings	failed	95703703559	3764857.41	ZAR	25/10/1963	07/17/2015
1748	NXB00001748	david	DAVIS	matthew79@example.net	37237660414	Nigeria	Jasonburgh	Business	failed	19798415542	26692477.97	NGN	07/08/1973	15/09/2019
1749	NXB00001749	christine	RUIZ	walkertommy@example.org	10935243922	Nigeria	North Jenniferport	Current	EXPIRED	86925415895	27244221.78	NGN	10/18/1992	2022-09-03
1750	NXB00001750	 Ashley 	 Hurst 	anthony69@example.com	90878347679	Nigeria	Wagnerport	Corporate	EXPIRED	73493027342	23018510.28	NGN	11/04/1998	02/11/2018
1751	NXB00001751	Kevin	JORDAN	tbennett@example.net	60943868250	Ghana	Bethmouth	Current	failed	25050700398	30862339.26	GHS	25-Feb-1996	07-Apr-2017
1752	NXB00001752	KRISTIN	simmons	ysparks@example.com	32572734689	Germany	Lake Evelynmouth	Corporate	pending	88186953747	16099139.96	EUR	03/19/1969	2024-03-23
1753	NXB00001753	gregory	norman	jonking@example.com	61051496180	Kenya	Jacksonside	Current	verified	58128437134	34096391.57	KES	18-Feb-1963	06-May-2022
1754	NXB00001754	PAUL	rodgers	nbender@example.org		Ghana	Teresaview	Corporate	failed	65909152504	7361420.9	GHS	09/09/1995	28/02/2015
1755	NXB00001755	PAMELA	Molina	christopher69@example.net	61344088331	Kenya	North Randallborough	Business	PENDING	67885473181	8280734.78	KES	30/10/2001	03/16/2018
1756	NXB00001756	 Joseph 	 Fisher 	ballarddeanna@example.org	79398012201	United Kingdom	New Kathyburgh	Current	VERIFIED	88057873341	14452742.79	GBP	05-Aug-1979	02/04/2024
1757	NXB00001757	ANTHONY	burton	bethanycox@example.org	33631409821	United States	East Johnside	Current	UNDER REVIEW	93782989060	10709134.56	USD	1980-09-22	20-Oct-2016
1758	NXB00001758	BROOKE	Simmons	austinrodriguez@example.net	90317756900	Kenya	South Nicholasmouth	Business	verified	56064505737	31434566.01	KES	06-Jan-1963	08/07/2018
1759	NXB00001759	 Megan 	Stephenson	sheilahorn@example.net	43871515474	South Africa	North Steventon	Business	 Verified 	12509028780	1993528.37	ZAR	03-Apr-1963	26-Nov-2016
1760	NXB00001760	 Rachael 	 Vaughn 	esmith@example.org	04009380834	UAE	Port Jamie	Business	UNDER REVIEW	75522500110	44583680.42	AED	1995-04-28	18/08/2020
1761	NXB00001761	DANIEL	WADE	johnsonmichelle@example.net	24183252762	Germany	East Christopherville	Business	under review	95612951047	34113967.66	EUR	01/04/1970	06/30/2020
1762	NXB00001762	COREY	mcdonald	jessica28@example.net	26701167811	Germany	Doyletown	Savings	VERIFIED	70459042622	24436110.96	EUR	1991-11-24	17/04/2024
1763	NXB00001763	HARRY	davis	williambaxter@example.org	73022099417	Nigeria	West Soniatown	Savings	under review	40484578920	33349319.69	NGN	25/07/1960	08/03/2021
1764	NXB00001764	Michael	Gonzalez	kimberly05@example.org	55084852846	Germany	East Kimberlyhaven	Corporate	UNDER REVIEW	35095630057	24645888.54	EUR	12/11/1972	01/18/2023
1765	NXB00001765	 John 	 Hayes 	awilliams@example.net	07644058355	UAE	Orrmouth	Business	verified	61365540788	34162730.26	AED	20/12/1978	2020-11-04
1766	NXB00001766	Gary	Davidson	usanchez@example.org	90183205112	Ghana	Anthonyborough	Corporate	under review	67644336624	28204058.2	GHS	12-Feb-1986	06/26/2015
1767	NXB00001767	Melissa	 Ferguson 	blackwellcandace@example.com	24065117471	Ghana	Lake Philipside	Savings	UNDER REVIEW	54540940435	6411218.31	GHS	1978-07-16	2024-09-07
1768	NXB00001768	michael	burnett	gknight@example.net	31240790448	Nigeria	New Bryanville	Current	failed	61137165788	46589762.2	NGN	11/29/1982	09/03/2019
1769	NXB00001769	CORY	mullins	lori56@example.com	77619524960	South Africa	New Ericville	Corporate	pending	84354001624	42055576.43	ZAR	22/05/1991	02/07/2021
1770	NXB00001770	 Shannon 	torres	fredericktimothy@example.com	22380453478	Kenya	Sandovalmouth	Savings	pending	15259045124	17701472.64	KES	1982-03-10	11/30/2017
1771	NXB00001771	michelle	chandler	williamsonmichael@example.net	84898735872	Ghana	East Courtney	Business	pending	21732882967	21386835.5	GHS	12/21/1965	2015-01-18
1772	NXB00001772	MATTHEW	KENNEDY	martinrachel@example.org	98663984648	Nigeria	Lake Spencer	Corporate	under review	21192421421	28748068.74	NGN	15/07/1982	25/09/2017
1773	NXB00001773	Brenda	Hall	wflynn@example.org	91886762273	South Africa	Port Larry	Current	under review	65853605847	39511782.28	ZAR	10/18/1967	19/02/2015
1774	NXB00001774	Aaron	 Myers 	briangarcia@example.com	34014215634	Nigeria	Lewisburgh	Corporate	UNDER REVIEW	93286257258	36704824.08	NGN	16-Jun-1967	2023-12-23
1775	NXB00001775	LAUREN	rice	nwhite@example.org	70444551434	Nigeria	North Danielmouth	Current	EXPIRED	10872906666	11291078.57	NGN	19-Sep-1965	08/08/2023
1776	NXB00001776	 Joseph 	johnston	victoria57@example.net	21884246381	United Kingdom	New Daniel	Business	 Verified 	20364433951	6238826.48	GBP	02/04/1983	02/22/2015
1777	NXB00001777	 Tiffany 	Russell	lmay@example.com		UAE	Robertsshire	Corporate	 Verified 	21430266674	28328008.1	AED	1968-12-18	2022-12-18
1778	NXB00001778	CAITLYN	 Mason 	cthompson@example.net	53998759153	Nigeria	Stewartville	Corporate	pending	39803880184	32058619.49	NGN	06/01/1979	05/30/2019
1779	NXB00001779	Jose	 Jarvis 	roblesjeffrey@example.com	92305782453	Ghana	East Johnport	Current	PENDING	96215617469	12690033.18	GHS	30-Jul-1978	09-Jul-2021
1780	NXB00001780	 Rebecca 	ALLEN	rnichols@example.com	43014606696	Ghana	Lambchester	Current	pending		14264927.24	GHS	05/20/1961	02-Jul-2020
1781	NXB00001781	JOHN	griffin	catherine21@example.net	90650614715	Nigeria	North Rachelmouth	Current	failed	56126400117	6744148.2	NGN	02/12/1990	21-Sep-2022
1782	NXB00001782	Aaron	ACOSTA	christopherwilliams@example.com	27289868321	Ghana	Onealview	Current	VERIFIED	63125110207	25315598.55	GHS	1984-11-30	2020-02-12
1783	NXB00001783	Julie	williamson	donald07@example.net	69978420014	Nigeria	Derekfurt	Business	pending	93931438171	4076324.35	NGN	12/13/1975	12/19/2023
1784	NXB00001784	ALEXANDER	ALVAREZ	tjackson@example.net	15952859947	Kenya	Lewisfort	Business	verified	88497129208	23606848.21	KES	12/04/1982	2018-01-03
1785	NXB00001785	Jacqueline	 Lynch 	brittanyjohnson@example.com	79798367607	Nigeria	West Brendaview	Corporate	UNDER REVIEW	79310748041	45160190.37	NGN	06/21/1967	20/11/2022
1786	NXB00001786	Jessica	NICHOLS	adam43@example.net	35602858696	Nigeria	Lewisport	Current	pending	84324070803	42864663.05	NGN	13-Jan-1986	16-Feb-2017
1787	NXB00001787	 Erica 	 Solomon 	fsmith@example.com	21018426226	United Kingdom	New Andrewberg	Savings	FAILED	86959616138	27034759.26	GBP	07-Aug-1979	05-Jan-2022
1788	NXB00001788	MELISSA	REED	bruce59@example.net	56535243779	Nigeria	Sharpchester	Business	pending	80624724054	9781650.57	NGN	06/09/2002	30-Apr-2021
1789	NXB00001789	 Samantha 	HOUSE	stephen37@example.com	25122584679	United States	Trujilloburgh	Savings	pending	52005627474	4804536.05	USD	30/07/1988	06/05/2015
1790	NXB00001790	melissa	 Christian 	christinehart@example.com	23967499902	Ghana	Josephmouth	Savings	PENDING	85130671440	2558613.42	GHS	27/12/2001	2016-07-10
1791	NXB00001791	aaron	castro	petersonjennifer@example.org	26957538513	South Africa	Thorntonmouth	Savings	verified	10678361354	38038410.89	ZAR	02/12/1985	11/06/2019
1792	NXB00001792	EUGENE	mitchell	collinsjennifer@example.net	04085206334	Ghana	New Carolhaven	Corporate	FAILED	79794166948	11577545.12	GHS	08/03/2000	21/01/2019
1793	NXB00001793	TYLER	Cole	debrawinters@example.net	38041917160	Kenya	North William	Corporate	UNDER REVIEW		24773989.37	KES	11/15/1972	09/08/2021
1794	NXB00001794	 Nathaniel 	 Campbell 	john60@example.net	09313788021	Kenya	South Todd	Current	pending	19637858226	19927268.89	KES	1992-07-22	15-Aug-2021
1795	NXB00001795	 Tiffany 	frederick	yayers@example.com	36576455459	Nigeria	Rachelhaven	Savings	UNDER REVIEW	67993284176	26923091.86	NGN	08/10/1962	09/15/2018
1796	NXB00001796	daniel	 Rivera 	james11@example.org	69395533089	Nigeria	East Denise	Corporate	 Verified 	45717964171	49229718.54	NGN	1994-11-14	2022-09-12
1797	NXB00001797	NATASHA	HARRIS	collinsdiana@example.com		South Africa	Julietown	Business	under review	92959371091	39479354.96	ZAR	1994-06-23	2015-06-17
1798	NXB00001798	STEVEN	 Thomas 	andre26@example.org	74151448762	Nigeria	Annabury	Current	PENDING	45735098606	19928169.95	NGN	03/01/2001	27-Jan-2022
1799	NXB00001799	 Jessica 	scott	shawnkoch@example.net	30294069572	United Kingdom	East Jeremystad	Savings	PENDING	46955541585	5679408.25	GBP	24-Oct-1964	14/06/2021
1800	NXB00001800	WILLIAM	clark	ktate@example.com	84889199495	Kenya	Colleenland	Savings	UNDER REVIEW	28441700709	46659474.44	KES	16-Apr-1984	05/05/2022
1801	NXB00001801	KARA	graves	lee64@example.com	45239004152	Ghana	Simpsonstad	Business	pending	13212588748	29102262.86	GHS	13-Jun-1967	09/16/2015
1802	NXB00001802	MARK	snyder	cobbwayne@example.com	95014670936	Ghana	Rebeccaberg	Current	FAILED	85410271593	35630672.18	GHS	22/06/1990	01/04/2020
1803	NXB00001803	 Rebecca 	wolfe	salinaskyle@example.org	70734603161	UAE	Lake Tonyberg	Business	verified	39610551337	39164432.89	AED	18-Apr-1997	03/10/2015
1804	NXB00001804	laurie	 Reese 	wmcclure@example.com	27542832867	South Africa	West Erinchester	Business	failed	38572168880	1556685.97	ZAR	06/25/1964	07/27/2019
1805	NXB00001805	rebecca	 Myers 	baileyjulia@example.org	56616689409	Nigeria	South John	Savings	 Verified 	41704929899	25735070.29	NGN	1999-05-12	2020-04-16
1806	NXB00001806	Danielle	PETERSON	lee61@example.org	39563224518	Ghana	Lawsonland	Current	FAILED	19042793720	40729046.44	GHS	06/11/1982	20-Aug-2015
1807	NXB00001807	 Brittney 	 Miller 	daniellejordan@example.net	48697848798	Kenya	North Ashley	Savings	pending	85870137402	27857251.62	KES	1966-01-17	10/22/2024
1808	NXB00001808	 Sarah 	Brown	troywilliams@example.net	69225916423	Nigeria	South Juan	Corporate	failed	57388506441	25422331.52	NGN	10/01/1993	2017-09-02
1809	NXB00001809	 Brenda 	 Higgins 	rodriguezpeter@example.org	98637085536	Nigeria	East James	Savings	pending	99644186436	8902510.28	NGN	27/01/1994	06/06/2022
1810	NXB00001810	 Robert 	BAILEY	vharris@example.com	75694298410	Ghana	East Melissaburgh	Current	under review	88519749895	42155617.27	GHS	19-May-1981	30-Oct-2022
1811	NXB00001811	taylor	 Smith 	kylemills@example.net	46352356118	Nigeria	East Maryside	Business	 Verified 	71656162845	36099214.42	NGN	09-Mar-1996	08/08/2022
1812	NXB00001812	AARON	CAMERON	william62@example.net	85311128177	UAE	Lake Peter	Business	verified	53431642006	36922760.59	AED	05/14/1981	10/30/2023
1813	NXB00001813	 Paul 	 Perez 	timothy81@example.net		Kenya	East Robert	Business	under review	96058591328	18729331.58	KES	26/08/1989	2023-06-03
1814	NXB00001814	melinda	PERKINS	matthew33@example.net	90294037535	South Africa	East Jennifer	Current	failed	54813336207	35276115.19	ZAR	17/12/1967	03/08/2018
1815	NXB00001815	Jodi	 Martinez 	vbenton@example.com	19503056878	Nigeria	East Jacquelinefurt	Current	FAILED	39438179438	38982571.19	NGN	12/06/1985	27-Sep-2017
1816	NXB00001816	Mark	Campbell	laura91@example.net	29838820151	South Africa	Alexanderchester	Corporate	VERIFIED	20045936161	16181222.95	ZAR	03-Jul-1999	07/02/2023
1817	NXB00001817	joseph	 Davis 	aswanson@example.com	65282261954	UAE	New Kevin	Current	PENDING	12336101289	41282425.45	AED	01/31/1969	01/08/2018
1818	NXB00001818	 Melissa 	carpenter	jake45@example.com	66138865500	Kenya	Brookefurt	Corporate	pending	74147591195	47949877.08	KES	04/04/1971	09/08/2019
1819	NXB00001819	JULIE	robertson	sophiaelliott@example.net	93601941270	United States	New Kimberlybury	Business	failed	85031291142	37992508.66	USD	09/26/1993	2019-08-20
1820	NXB00001820	ROBERT	thornton	cnichols@example.org	20338811209	South Africa	Phelpschester	Current	pending	48446066784	4968681.97	ZAR	08/16/1995	11/14/2022
1821	NXB00001821	 Tiffany 	ramos	gonzalezscott@example.com	83656707190	Nigeria	Tracyport	Business	FAILED	90252336283	12909939.68	NGN	1992-11-06	17-Aug-2020
1822	NXB00001822	mary	Bradford	cburns@example.com	67393164909	Nigeria	Shannonside	Current	verified	14310429966	44581743.18	NGN	28/07/1975	2017-07-09
1823	NXB00001823	tyler	 Rasmussen 	fischerzachary@example.net	81025312926	Nigeria	Josephfort	Corporate	FAILED	12630122968	15763408.92	NGN	15/01/1980	15/01/2019
1824	NXB00001824	 Kimberly 	kline	elliottzachary@example.com	14615970001	Nigeria	South Jasonhaven	Savings	FAILED	15869871830	26463198.13	NGN	29/09/1967	05-Jan-2021
1825	NXB00001825	Sharon	 Scott 	thardin@example.org	74369390894	Ghana	New Amandashire	Corporate	VERIFIED	33786669894	10939574.41	GHS	11/12/1985	17-Jul-2024
1826	NXB00001826	Nicholas	 Jones 	douglasharris@example.org	42842511190	Kenya	Michelletown	Corporate	FAILED	37457432289	4362688.61	KES	01/28/1969	09-Mar-2015
1827	NXB00001827	 Becky 	martin	bryan25@example.net	99903238876	Ghana	Johnsonfurt	Savings	FAILED	39827182526	35199437.14	GHS	06-Mar-1978	2021-10-29
1828	NXB00001828	 Marie 	Skinner	paula13@example.com	39978387443	Kenya	New Jamesbury	Savings	verified	44354325869	13079289.93	KES	03/31/1989	2024-08-17
1829	NXB00001829	EUGENE	 Avila 	cynthiasalas@example.com		Nigeria	East Paulfurt	Corporate	FAILED	64840734178	21860875.52	NGN	09/20/1993	16-Nov-2020
1830	NXB00001830	John	JACKSON	kennedymichael@example.com	85133117860	Ghana	Sullivanmouth	Business	EXPIRED	65625500113	8037045.51	GHS	24-Feb-2000	2015-11-08
1831	NXB00001831	 Trevor 	WATKINS	kathrynbaxter@example.org	87574058923	South Africa	Smithmouth	Savings	under review		36690159.59	ZAR	22/09/1994	2023-05-20
1832	NXB00001832	 Tracy 	OLSON	josephharper@example.net		United Kingdom	South Mario	Business	under review	12538917569	32038543.18	GBP	01-Nov-1979	13-Nov-2021
1833	NXB00001833	KAREN	 Marshall 	sandracampbell@example.com	45145375257	Nigeria	Port Marcus	Current	failed	19781600242	48237989.25	NGN	05/09/1978	10/01/2022
1834	NXB00001834	 Jennifer 	pena	mannlisa@example.com	11567338515	Kenya	Jillfort	Current	verified	59093939249	3270927.19	KES	21-Dec-1967	09/18/2016
1835	NXB00001835	Victoria	Banks	guerrerokaren@example.net	98383193465	Germany	Floreschester	Savings	EXPIRED	96189992570	46287733.68	EUR	26/10/1990	06/24/2023
1836	NXB00001836	brett	DORSEY	julie56@example.org		South Africa	Port Jamie	Business	VERIFIED	69444638902	21969194.75	ZAR	24-Mar-1964	24-Jan-2021
1837	NXB00001837	AMBER	 Hernandez 	cindy52@example.com	70515578263	Nigeria	Port Danielleburgh	Savings	failed	89263971990	38137642.11	NGN	03-Jan-1976	2023-04-01
1838	NXB00001838	suzanne	Cowan	stevengray@example.net	28697476237	Nigeria	Deniseview	Current	 Verified 	34837807840	25628442.41	NGN	1990-02-13	12/31/2018
1839	NXB00001839	Terrence	todd	robertdavis@example.org	92294123280	Nigeria	Johnshire	Savings	EXPIRED	65288853987	27603390.88	NGN	05/23/1965	05/09/2019
1840	NXB00001840	John	OCONNOR	joshua54@example.org		Nigeria	West Amber	Corporate	FAILED	44943299979	37616864.9	NGN	1986-12-02	06-Aug-2017
1841	NXB00001841	alyssa	Nielsen	christophercannon@example.org	56303282673	Nigeria	West Tonyashire	Savings	 Verified 	46448569635	30217527.25	NGN	07/07/1996	11/03/2023
1842	NXB00001842	Lisa	PAYNE	gward@example.com	21325086286	Kenya	Carterborough	Current	EXPIRED	64298516338	18061614.32	KES	10-Jun-1969	24-Sep-2016
1843	NXB00001843	KENNETH	 Hughes 	jasonray@example.com	28946736316	United Kingdom	Port Angelafurt	Business	verified	84249170778	20867502.45	GBP	01/10/1971	2021-08-16
1844	NXB00001844	BOBBY	Harrison	jponce@example.net		Kenya	East Shirleyfurt	Corporate	verified	88746421096	1872722.86	KES	1974-02-16	03/31/2021
1845	NXB00001845	LARRY	WILLIAMS	krista74@example.net	16343031016	United States	Reynoldsberg	Savings	EXPIRED	49741911081	13229201.87	USD	09/04/1985	2021-05-15
1846	NXB00001846	Alexandria	COX	kevin40@example.net	79622951108	United Kingdom	Millerfurt	Savings	FAILED	47409273516	18148967.01	GBP	05-Sep-1983	10/12/2020
1847	NXB00001847	jessica	 Schroeder 	singhkristy@example.org	04690174953	Ghana	Port Jenniferberg	Business	failed	64111758300	20540634.92	GHS	2002-06-02	12/18/2019
1848	NXB00001848	Rachel	 Ramirez 	butlercourtney@example.net	57321650242	Nigeria	West Joseph	Business	verified	10635568279	28137280.43	NGN	1984-05-14	01/03/2017
1849	NXB00001849	jonathan	Houston	ejones@example.net	72985023050	Kenya	Davisside	Current	PENDING	98414608826	14460942.38	KES	09/24/1973	07/07/2021
1850	NXB00001850	matthew	 Conrad 	kimberlyporter@example.org	79554129824	Germany	North Lori	Business	EXPIRED	74314014870	18986641.91	EUR	12/12/1990	12-Sep-2019
1851	NXB00001851	HECTOR	 Mullen 	kellydesiree@example.org	21768012696	Kenya	Port Markton	Current	under review	80737597538	3940127.69	KES	02/18/1974	2017-12-07
1852	NXB00001852	Thomas	perez	joshuahull@example.org	94303250274	Nigeria	Port Teresa	Current	pending	10945810151	10855046.04	NGN	30-Dec-1987	11-Sep-2017
1853	NXB00001853	 Ann 	WAGNER	kenneth37@example.net	54399942858	Nigeria	North Alexandra	Business	FAILED	92381082387	40386813.93	NGN	13/07/1997	11/12/2024
1854	NXB00001854	DANIELLE	Nicholson	angela32@example.net		Nigeria	New Luistown	Corporate	failed	45772967882	36511942.75	NGN	17/01/1969	08/08/2024
1855	NXB00001855	MARVIN	 Brown 	sharon87@example.net	59051823772	Nigeria	South Jonview	Corporate	PENDING	91895801371	15846491.69	NGN	29/11/1996	24-Aug-2024
1856	NXB00001856	 Thomas 	VAZQUEZ	holtthomas@example.com	00345688486	South Africa	South Kelly	Savings	FAILED	11077255360	17484592.18	ZAR	22/03/1969	2021-01-26
1857	NXB00001857	JOSHUA	Gray	cdougherty@example.org	66047412081	United States	South Zachary	Savings	EXPIRED	67182212743	31432526.55	USD	06/19/1972	10/05/2015
1858	NXB00001858	JASON	 Fowler 	mary28@example.net	04393516026	UAE	Mccannstad	Corporate	verified	91274513088	29615583.75	AED	14-May-1977	04/09/2020
1859	NXB00001859	DAVID	HULL	jcastro@example.org	16367817524	Nigeria	West John	Savings	failed	71554670953	49838065.86	NGN	21/02/2001	2020-01-15
1860	NXB00001860	paul	ADAMS	katelynrobinson@example.org	39526088532	Nigeria	Hobbsport	Current	pending	26492959271	8729195.23	NGN	02-Jan-1982	04/10/2022
1861	NXB00001861	JANET	 Johnson 	kinglisa@example.com	75473770499	Nigeria	Ellisland	Savings	PENDING	24139906124	36092614.08	NGN	06-Aug-1975	26-Oct-2024
1862	NXB00001862	Carrie	diaz	vdavila@example.net	73961034057	Nigeria	North Apriltown	Corporate	under review	23757647060	26715808.74	NGN	11/07/1976	2020-07-16
1863	NXB00001863	Kelly	Rodriguez	uburch@example.com	30721887716	Kenya	South Lukemouth	Savings	failed	51874790247	612193.79	KES	26-Aug-1962	29/05/2015
1864	NXB00001864	HERBERT	ORTIZ	kathryn10@example.com	78671265728	Ghana	Port Kayla	Corporate	failed	70302845029	38552186.98	GHS	29/03/1987	12/10/2016
1865	NXB00001865	Mary	Martin	nchang@example.net	24991960841	Kenya	Nancyborough	Current	EXPIRED	39738057360	37260714.57	KES	08/08/1971	06/16/2021
1866	NXB00001866	 Steven 	perez	jason63@example.org	59670716944	United States	Karatown	Corporate	under review	56716533926	49593496.88	USD	23-Dec-1979	14/09/2020
1867	NXB00001867	adam	 Francis 	barry75@example.com	23106407972	UAE	East Jessica	Savings	VERIFIED	37155422557	48708983.18	AED	05/30/1993	2018-12-23
1868	NXB00001868	 Wesley 	VILLANUEVA	eric34@example.com	99251973665	Germany	Williammouth	Business	FAILED	64609286578	600112.8	EUR	1988-06-28	01-May-2020
1869	NXB00001869	MARY	park	stephaniewashington@example.org		United States	Port Jaclynborough	Business	under review	14547822347	15029098.23	USD	1969-01-05	03/08/2019
1870	NXB00001870	 Terri 	GARNER	michaelklein@example.org	77185360174	UAE	Bryanburgh	Corporate	verified	31434518049	44126650.51	AED	27/10/1985	25/02/2016
1871	NXB00001871	MICHAEL	 Finley 	williamsdavid@example.org	67752707127	Ghana	South Russellmouth	Business	 Verified 	33444161358	28688757.31	GHS	1987-04-02	17-Sep-2022
1872	NXB00001872	 Albert 	 Marks 	gregory72@example.net	43881767622	Nigeria	Lake Michael	Corporate	under review	35188304475	42485214.02	NGN	1979-08-31	12-Aug-2016
1873	NXB00001873	john	JONES	autumnflores@example.com		Nigeria	Nelsonfort	Business	PENDING	46167952947	44346610.6	NGN	28-Aug-1965	2019-09-11
1874	NXB00001874	david	BARNES	patrick78@example.org	36906155026	UAE	Anthonyfort	Current	under review	12664402075	19843656.82	AED	2000-09-24	04-Aug-2018
1875	NXB00001875	JEREMY	grimes	laurapowers@example.net	67665405324	Nigeria	Levineview	Business	VERIFIED	94617605822	43606961.98	NGN	02/20/1981	01/19/2016
1876	NXB00001876	 Jeffrey 	 Walker 	sierramason@example.com	78058138057	Nigeria	East Nicholasmouth	Corporate	under review	50041858299	32971216.08	NGN	07/19/1974	04/03/2023
1877	NXB00001877	MEREDITH	 Todd 	vphillips@example.com	61510705570	Nigeria	Barryfurt	Business	FAILED	41503327614	35213123.92	NGN	23/05/2002	28/10/2015
1878	NXB00001878	AMANDA	preston	keith23@example.com	25869263560	Kenya	West Elizabeth	Savings	UNDER REVIEW	42010752124	9746150.25	KES	11/01/1970	13/09/2023
1879	NXB00001879	 Bryan 	Miller	xneal@example.org	78495312734	UAE	Lake Carlfort	Business	UNDER REVIEW	60818735139	7102463.37	AED	10-Dec-1964	2016-05-03
1880	NXB00001880	Rodney	 Moore 	sharonbutler@example.org	46152653222	Kenya	Lake Ericaville	Savings	UNDER REVIEW		48218976.28	KES	07-Jan-1967	28/05/2015
1881	NXB00001881	Tina	SMITH	allison12@example.net	19884089437	Kenya	Port Derekfurt	Current	FAILED	90202631103	29335677.84	KES	02/03/1998	05/10/2022
1882	NXB00001882	zachary	 Freeman 	alansmith@example.org	88990580814	United States	West Jennifer	Current	UNDER REVIEW	11850639511	2232095.39	USD	01/27/1989	03-Oct-2018
1883	NXB00001883	 Anthony 	Mcknight	nealpatricia@example.com	35869902131	Nigeria	Carrollchester	Savings	pending	75286750484	43935984.9	NGN	27-Mar-1971	2017-06-11
1884	NXB00001884	andrew	Taylor	martinstephanie@example.com	76428125983	UAE	South Lorettaview	Business	UNDER REVIEW	98175508442	1484750.12	AED	19/12/1962	09/30/2019
1885	NXB00001885	CHRISTY	 Colon 	brenda59@example.org	60920331465	Nigeria	Baldwinville	Business	under review	53280149775	7860501.29	NGN	25/05/1991	21-Aug-2023
1886	NXB00001886	Katherine	 Myers 	gjefferson@example.net	30499504389	Nigeria	South Josephton	Savings	PENDING	14250145142	5806949.82	NGN	1983-09-08	18/11/2016
1887	NXB00001887	ALLISON	Thomas	james22@example.org	72487641261	Nigeria	Lisastad	Current	EXPIRED	52728059743	27913264.45	NGN	1994-04-14	01/29/2024
1888	NXB00001888	tracy	FLORES	vwilson@example.org	83934083544	United States	Annehaven	Savings	PENDING	13657926217	16519710.89	USD	1984-04-21	2018-09-12
1889	NXB00001889	david	Jackson	xsalazar@example.com		Kenya	East Mitchell	Savings	UNDER REVIEW	18564032338	27866876.38	KES	1993-03-29	2022-10-17
1890	NXB00001890	rose	Perry	stephaniegraham@example.org	36831275341	Ghana	Tammyfort	Corporate	pending	16830282014	31920801.88	GHS	09/27/1964	2015-10-08
1891	NXB00001891	 Mary 	NICHOLSON	martinsuzanne@example.org	17710629450	Ghana	Josephbury	Current	verified	28289168063	25533146.9	GHS	07-Sep-1966	05/07/2021
1892	NXB00001892	Kimberly	Estrada	cody43@example.net		Ghana	North Juliaburgh	Business	pending	62279042774	722743.76	GHS	12/16/1985	01/02/2015
1893	NXB00001893	 Stephanie 	Fitzgerald	wilcoxryan@example.net	79066747720	Nigeria	West Aaronbury	Corporate	UNDER REVIEW	63341645916	18043930.64	NGN	1998-02-26	2017-05-14
1894	NXB00001894	WILLIAM	Wright	lmathis@example.com	18777953342	Nigeria	New Jeremy	Current	PENDING	64777160765	14889735.98	NGN	03/07/1964	13-Jan-2018
1895	NXB00001895	Christina	anderson	michaelduran@example.com	27745750218	Nigeria	North Cory	Current	 Verified 	43702693728	1636863.15	NGN	17-Aug-1966	27/02/2023
1896	NXB00001896	 Sara 	FOX	ocarney@example.net	38396878842	Ghana	Riverashire	Current	pending	60591621358	24755368.26	GHS	19/05/1974	2016-04-30
1897	NXB00001897	kelsey	Wright	sergio70@example.com	92853202546	United Kingdom	Vargasport	Savings	PENDING	58186302294	13929115.08	GBP	01-Aug-1996	06/04/2024
1898	NXB00001898	Robert	BENITEZ	yfox@example.org	36139594592	South Africa	Kaitlinburgh	Current	VERIFIED	93465691250	19462151.73	ZAR	01/31/1977	29-Dec-2016
1899	NXB00001899	jerry	 Chen 	millerjuan@example.org	79626389654	South Africa	Sheltonshire	Corporate	 Verified 	40661154513	21008745.02	ZAR	1970-08-01	01/16/2024
1900	NXB00001900	CHRISTOPHER	mendoza	lisabauer@example.org	81001428669	Kenya	West Christopher	Business	UNDER REVIEW	18379331240	8469460.43	KES	02/21/1995	2020-10-06
1901	NXB00001901	TRACY	 Willis 	kingbrandi@example.org	71080045872	Nigeria	South Michaela	Current	pending	58516811984	43443573.42	NGN	10/17/1960	26/05/2023
1902	NXB00001902	 Rachel 	carter	thenderson@example.net	94830517197	South Africa	East Deniseview	Business	FAILED	24077068658	49702048.21	ZAR	19-Aug-1997	10/23/2022
1903	NXB00001903	jamie	hahn	jesse67@example.com	77734265875	South Africa	North Kevinshire	Savings	PENDING	98360871399	2971892.64	ZAR	16/01/1979	05/03/2022
1904	NXB00001904	samuel	DAVIS	ruizthomas@example.net	80619907466	United Kingdom	Wallview	Savings	verified	48918918910	576071.88	GBP	03-May-1970	08/10/2017
1905	NXB00001905	THOMAS	 Leon 	stevenskaren@example.org	35668303253	UAE	Jenniferstad	Corporate	EXPIRED	94979570470	37770289.25	AED	11/26/1988	10-Feb-2017
1906	NXB00001906	mark	griffin	uburns@example.net	78107283947	Nigeria	Curryland	Current	failed	57795034832	44311091.96	NGN	03/02/1982	01/22/2020
1907	NXB00001907	Isaac	GRAY	chelsea93@example.net	31962756443	Kenya	Brycemouth	Current	verified	80957866697	43924571.47	KES	1968-05-16	13-Feb-2016
1908	NXB00001908	phillip	 Gay 	yolandabrown@example.com	62105164078	Kenya	Maryhaven	Current	PENDING	88298511898	41441677.76	KES	01/12/1991	29-Jan-2021
1909	NXB00001909	Daniel	 Harris 	kathy37@example.net		Nigeria	New Robert	Business	pending	86329549640	12705913.21	NGN	03-Oct-1989	06/01/2020
1910	NXB00001910	sarah	webb	kathylarson@example.net	77705548990	Nigeria	Lake Briana	Business	FAILED	96461137386	32128960.56	NGN	27-Sep-1966	25/06/2018
1911	NXB00001911	 Cassie 	Lynch	nguyenjane@example.org	00293313268	Nigeria	Ochoachester	Corporate	EXPIRED	72899129051	26504290.33	NGN	1995-07-30	30/10/2020
1912	NXB00001912	ANDREW	brown	ichang@example.com	57712918425	Nigeria	Lauraland	Business	pending	51741269805	39123266.9	NGN	09/18/1974	2022-11-24
1913	NXB00001913	 Thomas 	estrada	matthew92@example.org	55285870630	Nigeria	New Sarah	Current	UNDER REVIEW	18811808596	31129251.73	NGN	08/29/1980	17/07/2020
1914	NXB00001914	laura	 Kelly 	amygonzales@example.net	15359647268	South Africa	Robertstad	Business	failed	89305567905	4751783.31	ZAR	06/21/1981	02/01/2024
1915	NXB00001915	MANUEL	GIBSON	pennysanchez@example.org	85088087564	Nigeria	Amytown	Savings	verified	47548128501	9306334.97	NGN	24/08/1996	28/06/2022
1916	NXB00001916	LUKE	Smith	hoffmandarlene@example.net	79744761937	South Africa	Bennettfurt	Corporate	UNDER REVIEW	55467268701	5830166.38	ZAR	1998-11-22	03/05/2021
1917	NXB00001917	KRISTI	PHILLIPS	john33@example.com	74963379226	Kenya	New Sarastad	Savings	failed	80235762294	34884362.43	KES	05/19/2000	01/22/2018
1918	NXB00001918	Aaron	 Robinson 	jamie73@example.com	05219405047	South Africa	New Timothyshire	Corporate	UNDER REVIEW	92156319059	15221844.54	ZAR	02/27/1983	2024-07-27
1919	NXB00001919	 Ronald 	larson	michael97@example.com	66098591981	Ghana	Rowlandbury	Business	verified	96672617822	11248595.37	GHS	27-Oct-2000	04/22/2017
1920	NXB00001920	Paul	 Diaz 	hbrewer@example.com	48955713198	Ghana	Susanfurt	Corporate	EXPIRED	37677960862	12909193.6	GHS	05/24/1992	09-May-2019
1921	NXB00001921	caleb	GRAHAM	herbert74@example.com	74372123848	Kenya	Patrickland	Savings	failed	98943873744	29719304.39	KES	1986-11-18	2017-11-17
1922	NXB00001922	kristen	LOWERY	reillykatelyn@example.net	55798322900	Kenya	West Justinville	Corporate	verified	91566945892	30018331.79	KES	04-Aug-1981	04/06/2019
1923	NXB00001923	 Samuel 	James	justin59@example.org	44246271239	United States	Port Tiffanychester	Corporate	 Verified 	21811075321	23243441.79	USD	09/03/1993	04/02/2018
1924	NXB00001924	matthew	HARRIS	nancyrichardson@example.com	98096282196	Ghana	Castromouth	Current	 Verified 	62386685121	46546644.59	GHS	07-Jan-1998	01/08/2023
1925	NXB00001925	 Cynthia 	 Gordon 	kimberlybuchanan@example.org	63097739836	United States	New Victorshire	Current	UNDER REVIEW	13132298605	23990163.83	USD	1985-02-16	2023-05-15
1926	NXB00001926	wendy	Gordon	sarah00@example.net	45072962901	South Africa	Lake Hunter	Corporate	under review	68952816630	37583636.7	ZAR	2002-02-23	21/01/2017
1927	NXB00001927	stefanie	 Sullivan 	shanemoore@example.com	30594156711	Nigeria	Jamesside	Current	verified	90620554487	20045582.58	NGN	09/08/1998	29/09/2018
1928	NXB00001928	MARY	Bernard	zmartin@example.net	81987088407	United Kingdom	Lake Andrea	Savings	pending	56543871437	19965810.96	GBP	12/25/1977	2015-03-09
1929	NXB00001929	AARON	GONZALEZ	omorgan@example.com	68395070513	South Africa	Westland	Business	verified	46029796924	3296077.23	ZAR	23/11/1982	2024-10-04
1930	NXB00001930	KIMBERLY	NICHOLS	paul38@example.com	27853798214	UAE	Christopherfort	Current	UNDER REVIEW	77557559322	37556922.75	AED	02/02/1990	11/10/2021
1931	NXB00001931	dale	Allen	kbarker@example.org	83068483681	Ghana	East Amanda	Corporate	EXPIRED	76403677148	35000166.27	GHS	04-Jan-1975	2018-05-06
1932	NXB00001932	 Ronald 	ESTRADA	villathomas@example.com	95735410577	Kenya	West Benjaminmouth	Business	failed	86037255480	9562496.27	KES	16/11/1996	2015-02-08
1933	NXB00001933	HALEY	pratt	johnsonamber@example.com	87235784572	South Africa	East Keithville	Current	under review	89496900436	10154272.29	ZAR	29-Jul-1996	2019-09-20
1934	NXB00001934	Allen	MITCHELL	brian74@example.net	16608161155	Nigeria	East Deborahtown	Business	EXPIRED	20660235932	34812835.39	NGN	1993-04-11	25-Nov-2020
1935	NXB00001935	JANET	Alexander	brandon04@example.com	08922706990	Nigeria	Cindymouth	Corporate	verified	67865756046	33488453.0	NGN	10-Sep-2000	10/08/2018
1936	NXB00001936	samuel	Bailey	knappjeffrey@example.net	38364722455	Nigeria	Johnsonbury	Corporate	VERIFIED	69692526581	10150486.35	NGN	02/28/1995	08/11/2023
1937	NXB00001937	joe	brown	monica24@example.com	63900045398	Kenya	Simpsonburgh	Business	 Verified 	80604227522	30817081.94	KES	28-Aug-1964	02/22/2023
1938	NXB00001938	 Megan 	Garcia	mcdanielnicholas@example.net	09987317098	Ghana	Chungside	Corporate	 Verified 	80482726183	33377342.87	GHS	24/02/1998	25/12/2017
1939	NXB00001939	 Curtis 	barry	michaelagardner@example.com	28150164546	Nigeria	Scottville	Current	verified	13256406153	46203414.06	NGN	06-Jul-1965	2023-02-21
1940	NXB00001940	 Eric 	Bailey	crodriguez@example.com	62295794745	Kenya	Lake Annehaven	Corporate	failed	61290342244	37633302.89	KES	07-Jul-1993	2021-02-01
1941	NXB00001941	CHRISTINA	HAYES	pmckee@example.org	57160426144	South Africa	Cookview	Corporate	EXPIRED		29929767.43	ZAR	20-Jan-1996	04/11/2017
1942	NXB00001942	 Jose 	 Garcia 	russellcampbell@example.com	96945419137	Ghana	Brookefort	Current	under review	99274356804	15136021.54	GHS	20-Mar-1994	09/19/2017
1943	NXB00001943	Maria	 Taylor 	lisamorton@example.com	96524276074	Nigeria	Greenview	Current	FAILED	78516208159	29069276.54	NGN	08/09/1998	01/10/2016
1944	NXB00001944	ADAM	Jackson	leejames@example.org	55618326213	United States	Port Haileystad	Savings	 Verified 	75363290382	14863411.34	USD	23/08/1984	30-Sep-2017
1945	NXB00001945	CHARLES	Smith	joshua25@example.org	50568808482	Ghana	South Charles	Savings	UNDER REVIEW	99800395060	693290.13	GHS	03/24/1981	06/06/2023
1946	NXB00001946	 Peter 	harris	schwartzjack@example.net	78132672733	Nigeria	South Sergio	Savings	failed	76947794992	22819393.51	NGN	18/05/1978	07-Mar-2015
1947	NXB00001947	 Jennifer 	Gonzales	vmacias@example.net	94687749294	South Africa	Port Charles	Corporate	FAILED	67504745696	18559515.21	ZAR	17/07/1987	29-Mar-2022
1948	NXB00001948	Robert	Reed	umoore@example.com	84905366783	Kenya	North Randy	Corporate	verified	23936053452	40089559.62	KES	16-Jun-1987	10-Dec-2017
1949	NXB00001949	RACHEL	 Dawson 	nancywebb@example.net	53403883331	Germany	North Raymondview	Current	pending	32849796576	17277899.45	EUR	04/04/1971	06/05/2020
1950	NXB00001950	AMBER	smith	rodneymedina@example.org	88953115439	Nigeria	West Toddview	Current	PENDING	79897006322	23027556.37	NGN	23/07/1976	2024-02-20
1951	NXB00001951	 Lisa 	Dalton	smithnicholas@example.com	86236504602	Germany	West Michelle	Business	EXPIRED	85886976827	42493016.1	EUR	11/28/1969	03/12/2023
1952	NXB00001952	TROY	FOWLER	duanemclean@example.com	82613506210	UAE	North Marcusfort	Business	pending	53002480786	14689302.47	AED	1993-03-02	11/30/2019
1953	NXB00001953	MEGAN	Wu	bleblanc@example.com	98109975268	Ghana	Brandonside	Savings	pending	45322314213	15494380.22	GHS	17-Apr-1968	08/02/2019
1954	NXB00001954	JASON	tran	zhawkins@example.net	14073730871	UAE	East Christineberg	Current	pending	41071051710	46917956.89	AED	2000-10-30	09/09/2023
1955	NXB00001955	anthony	Williams	ythompson@example.org	02474857988	Ghana	North Jerry	Corporate	UNDER REVIEW	90836261905	33692032.86	GHS	25/11/1960	02/03/2024
1956	NXB00001956	 Steven 	PATEL	sheila29@example.org	29725401493	Kenya	Townsendstad	Corporate	PENDING	55652091898	31828249.21	KES	08/14/1982	23/09/2023
1957	NXB00001957	kelly	DAVIDSON	xcobb@example.net	78007924636	Nigeria	South Megan	Corporate	EXPIRED	88252124111	32240697.31	NGN	02/14/1983	23/09/2024
1958	NXB00001958	 Michael 	 Little 	deborah45@example.net		UAE	New Trevor	Business	UNDER REVIEW	14192240877	39652679.6	AED	1993-10-28	11-Sep-2022
1959	NXB00001959	 Benjamin 	baxter	cadkins@example.net	31721135980	Nigeria	East Daniel	Corporate	 Verified 	95663786401	44788416.64	NGN	1992-09-18	2022-09-11
1960	NXB00001960	katherine	nunez	hbaker@example.org	46019335206	Nigeria	Brownshire	Corporate	UNDER REVIEW	70763979124	26081288.11	NGN	03-Jul-1975	04/30/2019
1961	NXB00001961	JAMIE	Fritz	david66@example.org	16140823101	Nigeria	Martinezshire	Corporate	EXPIRED	19109913405	23211234.28	NGN	05/01/1974	20/07/2021
1962	NXB00001962	KENNETH	 Marshall 	brandon19@example.net	08190056735	Nigeria	West Carly	Savings	PENDING	81602500837	15555836.6	NGN	13-Mar-1982	25-Dec-2022
1963	NXB00001963	CHRISTOPHER	Marsh	michaelbaker@example.org	22867106656	Germany	Biancaborough	Current	under review	93059220010	31519467.18	EUR	14/05/1966	11/06/2020
1964	NXB00001964	 Michael 	GRIFFIN	qroberts@example.com	57175322799	UAE	South Traci	Business	verified	39195058426	42676743.82	AED	02/05/1978	01/11/2020
1965	NXB00001965	Leslie	 Marshall 	moralesjessica@example.org	71511142412	Nigeria	Virginiaport	Current	PENDING	35474456688	24433504.24	NGN	12-May-2002	08/07/2017
1966	NXB00001966	tammy	GONZALES	hermansavannah@example.com	74190669545	South Africa	Thomastown	Business	pending	49387637896	4681320.96	ZAR	1981-03-22	05/17/2020
1967	NXB00001967	james	SMITH	bankslaura@example.com	17061301127	Nigeria	Port Christopher	Business	PENDING	15221610044	20695854.89	NGN	09/13/1971	25/08/2024
1968	NXB00001968	STEPHANIE	 Welch 	gibsonanthony@example.org	79656400191	Germany	Port Raymond	Corporate	 Verified 	83868933718	20035956.52	EUR	26/01/1975	08/07/2015
1969	NXB00001969	Brian	Kline	jtran@example.com	16434241147	Kenya	Benderberg	Corporate	FAILED	50059779361	5473932.79	KES	19-Feb-1960	10/05/2023
1970	NXB00001970	JOSHUA	Mullins	davidfarley@example.org	42116846038	Kenya	Lake Jacquelineberg	Savings	 Verified 	86230347331	32723827.19	KES	1993-01-28	16-Apr-2015
1971	NXB00001971	john	Calhoun	jmyers@example.org	46453316495	Germany	Port Marcusport	Corporate	PENDING	97929280045	7874452.07	EUR	1983-08-12	18-Sep-2016
1972	NXB00001972	Dale	VAZQUEZ	thomaskidd@example.net	34631078907	Nigeria	Shawnfurt	Corporate	failed		29202752.64	NGN	30/03/1965	2019-04-02
1973	NXB00001973	BRIAN	GRANT	traceyhill@example.net	44747334359	Kenya	Blakefort	Business	UNDER REVIEW	64244090089	48475739.47	KES	01/03/1964	07-Apr-2022
1974	NXB00001974	Austin	ORTEGA	eric53@example.org	50409370118	Nigeria	Hawkinsmouth	Savings	VERIFIED	54289227422	27823796.22	NGN	07/09/1961	16/06/2016
1975	NXB00001975	JOSEPH	 Smith 	gary05@example.net	09579281847	Nigeria	Wagnerfurt	Business	pending	52046153366	31378841.12	NGN	23/11/1974	12-Apr-2022
1976	NXB00001976	STACEY	figueroa	keithsimmons@example.net	19540627890	United Kingdom	South Wayneborough	Corporate	FAILED	38185390265	20470771.29	GBP	11/08/1981	10/06/2024
1977	NXB00001977	CHRISTOPHER	 Martinez 	stevensbrandi@example.net	82233125677	Nigeria	Port Hannahborough	Savings	PENDING	43198162839	12167767.69	NGN	24-Nov-1962	10/08/2024
1978	NXB00001978	 April 	 Cooper 	lmartinez@example.net	14134277323	Nigeria	Lake Tracy	Current	pending	44509487771	18169814.68	NGN	1986-07-17	24/01/2018
1979	NXB00001979	JONATHAN	Odonnell	lowekyle@example.org	94207937415	Kenya	New Jennaport	Savings	pending	24501869789	37067649.94	KES	14/04/1962	2017-05-13
1980	NXB00001980	DOUGLAS	 Williams 	wendy25@example.org	95587799364	Kenya	South Brenda	Corporate	PENDING	86927290233	5581040.55	KES	2000-01-27	30-Jul-2017
1981	NXB00001981	SHAWN	Walker	hendersonerin@example.org	92135111330	Ghana	Murphystad	Savings	verified	45996216194	16612991.22	GHS	08/08/2001	04/27/2019
1982	NXB00001982	Sonia	rhodes	mirandasullivan@example.net	84123222320	Ghana	New Karen	Corporate	verified	70675993973	20420519.31	GHS	15/06/1982	06/05/2019
1983	NXB00001983	Olivia	 Dalton 	xbrown@example.net	39137085878	Germany	North Jeffrey	Business	EXPIRED	58447651613	2337676.95	EUR	08/09/1962	05/05/2016
1984	NXB00001984	Vanessa	 Coleman 	donaldbanks@example.net	99371519317	United States	Jenniferside	Savings	under review	32667742443	19441400.09	USD	2002-05-02	21-Dec-2017
1985	NXB00001985	ANGIE	Barton	ambergonzalez@example.net	73811337049	Kenya	West Megan	Business	verified	33063884504	21791947.61	KES	25-Sep-1972	08/26/2022
1986	NXB00001986	Lawrence	Johnson	akhan@example.org	35588234811	South Africa	New Denise	Business	verified	90914090093	40008994.91	ZAR	02/19/1965	11/03/2023
1987	NXB00001987	 Jesse 	 Riddle 	shafferderek@example.net	77982587537	Kenya	Carrilloville	Current	VERIFIED	38359413095	40623933.71	KES	03/29/1996	12/25/2019
1988	NXB00001988	manuel	Horn	javierjohnson@example.org	66706331191	South Africa	New Martinbury	Current	EXPIRED	68712707086	620318.05	ZAR	17/12/1995	2018-02-26
1989	NXB00001989	Anthony	SANCHEZ	jessicarandall@example.com	37791703793	Nigeria	Port Amandaberg	Current	under review	25864711984	9921592.12	NGN	30-Jul-1968	26-Sep-2016
1990	NXB00001990	natasha	kemp	traci58@example.org	72162474246	Ghana	Sanchezstad	Corporate	 Verified 	22159575763	10787176.41	GHS	1971-06-23	05-Sep-2024
1991	NXB00001991	Natasha	Mccall	saunderssierra@example.org		Ghana	West Jenniferbury	Current	UNDER REVIEW	30498726431	43380433.32	GHS	1975-03-21	15/02/2019
1992	NXB00001992	Patrick	herman	hweber@example.org	72095789035	United States	New Cassandrachester	Savings	EXPIRED	75096045541	4055136.07	USD	07/20/1977	21-Apr-2017
1993	NXB00001993	amber	 Owen 	joshua65@example.net	81744205405	Nigeria	Robertview	Savings	FAILED	66485031149	23758181.56	NGN	03/30/1980	09/25/2017
1994	NXB00001994	 Alec 	 Cobb 	wilsonphillip@example.com	99300134140	United States	South Crystaltown	Business	under review	95392919380	17119284.13	USD	1982-09-22	06-Jul-2021
1995	NXB00001995	 Ashley 	Cameron	stephanie54@example.net	00004004645	Germany	Cruzborough	Current	pending	45603254929	30551302.46	EUR	1968-09-11	04/04/2017
1996	NXB00001996	kenneth	 Faulkner 	xbell@example.com	48992466257	Kenya	East Alyssafort	Corporate	PENDING	95104705637	48214861.14	KES	15-Mar-1960	30/07/2017
1997	NXB00001997	carrie	rodgers	huertadaniel@example.net	65250815959	South Africa	North Matthew	Savings	FAILED	61864488829	6610396.01	ZAR	12/28/1991	2024-10-21
1998	NXB00001998	andrew	Parrish	parsonsjonathan@example.net		Kenya	Suttonfort	Savings	FAILED	42358333873	9875874.05	KES	26-Jul-1964	2023-12-03
1999	NXB00001999	Stacy	WASHINGTON	xhumphrey@example.org	32319767025	Kenya	South Williamport	Current	FAILED		21457046.47	KES	1984-02-14	2024-09-28
2000	NXB00002000	Joshua	wheeler	michael89@example.org	41832811372	UAE	Mahoneyburgh	Savings	verified	45878487849	38857227.47	AED	12/20/1989	26/04/2021
